$MeshFormat
2.2 0 8
$EndMeshFormat
$PhysicalNames
4
2 1 "inlet"
2 2 "outlet"
2 3 "wall"
3 100 "fluid"
$EndPhysicalNames
$Nodes
4139
1 870.624272745488 842.245775886451 64.9999999999998
2 860.624272745488 842.245775886454 54.9999999999998
3 870.624272745487 892.245775886454 65.0000000000193
4 870.624272745488 827.245775886454 50.0000000000194
5 860.624272745487 837.245775886454 50.0000000000194
6 870.624272745486 827.245775886454 1.93564441756917e-11
7 870.5160378451359 842.2457758864508 66.46730474455342
8 870.1936761028102 842.2457758864506 67.90284677254442
9 869.6641656767225 842.2457758864505 69.27555093430261
10 868.9389688685135 842.2457758864502 70.55570233019583
11 868.0337839990376 842.2457758864501 71.71558954846998
12 866.9682055871245 842.2457758864501 72.73010453362717
13 865.7653001874203 842.24577588645 73.57728610000251
14 864.451107069139 842.24577588645 74.23879532511266
15 863.0540745445207 842.2457758864501 74.70031253194524
16 861.6044441487836 842.2457758864502 74.95184726672177
17 860.1335960022138 842.2457758864504 74.98795456205153
18 858.6733695253267 842.2457758864505 74.80785280403211
19 857.2553742115658 842.2457758864507 74.41544065183001
20 855.910305377228 842.2457758864509 73.81921264348335
21 854.6672797005638 842.2457758864512 73.03207531480626
22 853.5532049336226 842.2457758864514 72.07106781186529
23 852.5921974306816 842.2457758864517 70.95699304492415
24 851.8050601020045 842.245775886452 69.7139673682598
25 851.2088320936579 842.2457758864522 68.36889853392202
26 850.8164199414557 842.2457758864525 66.95090322016109
27 850.6363181834363 842.2457758864527 65.49067674327399
28 850.6724254787661 842.245775886453 64.01982859670422
29 850.9239602135426 842.2457758864532 62.57019820096717
30 851.3854774203752 842.2457758864534 61.17316567634891
31 852.0469866454853 842.2457758864535 59.85897255806759
32 852.8941682118607 842.2457758864537 58.65606715836336
33 853.9086831970178 842.2457758864538 57.59048874645021
34 855.068570415292 842.2457758864539 56.68530387697435
35 856.3487218111852 842.2457758864539 55.96010706876537
36 857.7214259729434 842.2457758864538 55.43059664267771
37 859.1569680009344 842.2457758864538 55.10823490035199
38 870.6242727454882 843.7339276162204 65.0000000000193
39 870.624272745488 845.3106630344874 65.0000000000193
40 870.624272745488 846.9812553196826 65.0000000000193
41 870.624272745488 848.751291471252 65.0000000000193
42 870.6242727454879 850.6266912023605 65.0000000000193
43 870.6242727454879 852.6137256068662 65.0000000000193
44 870.6242727454879 854.7190402648383 65.0000000000193
45 870.6242727454878 856.9496763609116 65.0000000000193
46 870.6242727454878 859.3130930467792 65.0000000000193
47 870.6242727454877 861.8171949925253 65.0000000000193
48 870.6242727454877 864.4703561769344 65.0000000000193
49 870.6242727454876 867.2814493307865 65.0000000000193
50 870.6242727454875 870.2598760776621 65.0000000000193
51 870.6242727454875 873.4155970655215 65.0000000000193
52 870.6242727454874 876.7591654345645 65.0000000000193
53 870.6242727454872 880.3017638593082 65.0000000000193
54 870.6242727454872 884.0552388801979 65.0000000000193
55 870.6242727454871 888.0321431081269 65.0000000000193
56 869.6339614245112 892.245775886454 69.33883739119487
57 866.8591707640744 892.245775886454 72.81831482469958
58 862.8494820850502 892.245775886454 74.74927912183753
59 858.3990634059239 892.245775886454 74.74927912183753
60 854.3893747268997 892.245775886454 72.81831482469961
61 851.6145840664628 892.245775886454 69.3388373911949
62 850.624272745487 892.245775886454 65.00000000001931
63 851.6145840664628 892.245775886454 60.66116260884372
64 854.3893747268996 892.245775886454 57.18168517533901
65 858.3990634059238 892.245775886454 55.25072087820107
66 862.8494820850501 892.245775886454 55.25072087820107
67 866.8591707640744 892.245775886454 57.181685175339
68 869.6339614245112 892.245775886454 60.66116260884371
69 862.0474211282209 842.2457758864534 55.10178558119047
70 863.4415983139023 842.2457758864533 55.40507026385482
71 864.7784228755069 842.2457758864531 55.90368004645462
72 866.030680920044 842.2457758864529 56.58746467168799
73 867.1728800849409 842.2457758864526 57.44250425645721
74 868.1817684890307 842.2457758864524 58.45139266054694
75 869.0368080737999 842.2457758864521 59.59359182544381
76 869.7205926990332 842.2457758864518 60.84584986998092
77 870.219202481633 842.2457758864516 62.18267443158549
78 870.5224871642973 842.2457758864513 63.57685161726694
79 870.5224871642973 828.668924269187 50.0000000000194
80 870.2192024816329 830.0631014548685 50.0000000000194
81 869.7205926990331 831.3999260164732 50.0000000000194
82 869.0368080737996 832.6521840610103 50.0000000000194
83 868.1817684890303 833.7943832259072 50.0000000000194
84 867.1728800849405 834.803271629997 50.0000000000194
85 866.0306809200434 835.6583112147662 50.0000000000194
86 864.7784228755063 836.3420958399995 50.0000000000194
87 863.4415983139015 836.8407056225992 50.0000000000194
88 862.04742112822 837.1439903052635 50.0000000000194
89 860.6242727454877 837.4161467550128 51.29409522552817
90 860.6242727454877 837.9156488675383 52.50000000001111
91 860.6242727454878 838.7102419805282 53.53553390593945
92 860.6242727454879 839.7457758864597 54.33012701892523
93 860.6242727454879 840.9516806609446 54.82962913144595
94 859.1569680009335 837.1375409861016 50.0000000000194
95 857.7214259729425 836.8151792437758 50.0000000000194
96 856.3487218111844 836.285668817688 50.0000000000194
97 855.0685704152913 835.560472009479 50.0000000000194
98 853.9086831970172 834.655287140003 50.0000000000194
99 852.8941682118601 833.5897087280898 50.0000000000194
100 852.0469866454849 832.3868033283856 50.0000000000194
101 851.3854774203749 831.0726102101042 50.0000000000194
102 850.9239602135424 829.6755776854859 50.0000000000194
103 850.6724254787661 828.2259472897489 50.0000000000194
104 850.6363181834364 826.7550991431791 50.0000000000194
105 850.8164199414558 825.2948726662921 50.0000000000194
106 851.2088320936581 823.8768773525312 50.0000000000194
107 851.8050601020047 822.5318085181935 50.0000000000194
108 852.5921974306819 821.2887828415293 50.0000000000194
109 853.553204933623 820.1747080745881 50.0000000000194
110 854.6672797005641 819.2137005716472 50.0000000000194
111 855.9103053772285 818.4265632429702 50.0000000000194
112 857.2553742115663 817.8303352346237 50.0000000000194
113 858.6733695253271 817.4379230824217 50.0000000000194
114 860.1335960022142 817.2578213244022 50.0000000000194
115 861.604444148784 817.293928619732 50.0000000000194
116 863.054074544521 817.5454633545086 50.0000000000194
117 864.4511070691392 818.0069805613413 50.0000000000194
118 865.7653001874204 818.6684897864513 50.0000000000194
119 866.9682055871247 819.5156713528268 50.0000000000194
120 868.0337839990377 820.5301863379839 50.0000000000194
121 868.9389688685136 821.6900735562581 50.0000000000194
122 869.6641656767225 822.9702249521513 50.0000000000194
123 870.1936761028102 824.3429291139095 50.0000000000194
124 870.5160378451359 825.7784711419004 50.0000000000194
125 870.6242727454871 827.245775886454 48.51184827025011
126 870.624272745487 827.245775886454 46.93511285198315
127 870.624272745487 827.245775886454 45.26452056678812
128 870.624272745487 827.245775886454 43.49448441521885
129 870.6242727454869 827.245775886454 41.61908468411046
130 870.6242727454869 827.245775886454 39.63205027960493
131 870.6242727454869 827.245775886454 37.52673562163288
132 870.6242727454868 827.245775886454 35.29609952555979
133 870.6242727454868 827.245775886454 32.93268283969233
134 870.6242727454867 827.245775886454 30.42858089394633
135 870.6242727454867 827.245775886454 27.77541970953731
136 870.6242727454866 827.245775886454 24.96432655568542
137 870.6242727454865 827.245775886454 21.98589980880996
138 870.6242727454865 827.245775886454 18.83017882095067
139 870.6242727454863 827.245775886454 15.48661045190799
140 870.6242727454862 827.245775886454 11.94401202716457
141 870.6242727454862 827.245775886454 8.190537006275052
142 870.6242727454861 827.245775886454 4.213632778346311
143 869.6339614245102 831.5846132776296 1.93564441756917e-11
144 866.8591707640734 835.0640907111343 1.93564441756917e-11
145 862.8494820850492 836.9950550082722 1.93564441756917e-11
146 858.3990634059229 836.9950550082723 1.93564441756917e-11
147 854.3893747268987 835.0640907111343 1.93564441756917e-11
148 851.6145840664618 831.5846132776296 1.93564441756917e-11
149 850.624272745486 827.245775886454 1.93564441756917e-11
150 851.6145840664618 822.9069384952784 1.93564441756917e-11
151 854.3893747268986 819.4274610617737 1.93564441756917e-11
152 858.3990634059228 817.4964967646358 1.93564441756917e-11
153 862.8494820850491 817.4964967646357 1.93564441756917e-11
154 866.8591707640734 819.4274610617737 1.93564441756917e-11
155 869.6339614245102 822.9069384952784 1.93564441756917e-11
156 870.155909766087 866.1939996314491 61.97545115638359
157 870.3443532879301 865.8759027538604 67.3494753134527
158 851.0138362722457 843.4240444806011 67.76396649651895
159 852.5045922302712 843.5068977668668 59.16298121207566
160 855.2742965466084 843.51966337865 73.44853565251083
161 858.4364660122335 843.5172520272746 55.24225939586684
162 851.0794731137748 888.5949212986429 62.01724959301799
163 870.4480183491781 855.8343583128749 66.86923040689126
164 870.4480183491611 855.8343583128749 63.1307695930575
165 860.8696850307177 843.5196633786492 74.99698818698133
166 864.1189145414728 843.4811440687637 55.63050275001935
167 866.3870967279693 843.5347622076513 73.17250633204134
168 870.2282656003808 875.087381250043 67.78627372008974
169 870.152345840611 875.0209193898488 61.96424258316557
170 870.499686469475 849.6889913368062 63.42640418784624
171 850.762663176833 843.4909306550154 63.34209266985551
172 867.7005796944144 843.4565716043802 57.93417520990611
173 870.4996864694755 849.6889913368062 66.57359581218974
174 856.7102132884106 888.4585613994988 74.20218118528567
175 860.5753083898525 888.3116823355003 55.00011987614395
176 869.3251426565835 843.5196633786494 69.92898192230255
177 870.4021533302149 860.5651440196523 67.09596070356707
178 870.4021533302149 860.5651440196523 62.90403929647151
179 869.9828858871801 882.148957515152 68.52368557965507
180 870.5179408783962 846.0934646328576 63.54558228977297
181 861.3376645774795 843.4811440687641 55.0254788539167
182 863.761090149483 843.5196633786489 74.49528180594771
183 857.9571451707342 843.5196633786495 74.63776065797234
184 855.6952908231987 843.5196633786536 56.29913008892746
185 853.1285707549147 843.5306287399873 71.61924857281916
186 869.4100945438225 843.4878035930692 60.22408801088972
187 870.1067412007278 882.1926455671197 61.82465875924423
188 870.5066154150387 846.2235782803619 66.52947813375582
189 864.9631101366625 888.3997638147257 74.00968867904355
190 870.3957414051957 843.4811440687615 62.87434710447117
191 868.1232026107596 888.3788361380113 58.38440850146641
192 870.3812940458776 843.51966337865 67.19101240156964
193 870.4516813153778 853.6982096979169 66.84987588787119
194 869.9464789014064 854.7661651698843 68.61890486013307
195 869.9467863051105 852.6943699538192 68.61811289635811
196 869.1534021412199 853.7253310094675 70.22053174983751
197 869.1645544356526 851.690813828899 70.20226764525229
198 868.0876241567133 852.7052626737426 71.65570324705186
199 868.0913591722174 854.7425571019294 71.6515126321769
200 866.7748751274667 853.7156051191666 72.88480122381672
201 866.7630440422433 855.8197354410268 72.89401589600857
202 865.225004164672 854.7585632342981 73.8788101910602
203 865.2004030665177 856.9220799848258 73.89151456644451
204 863.4343398869925 855.8085393074361 74.59705802111287
205 863.40874429826 858.0832095265624 74.60451550949723
206 861.4739046986982 856.9355222208933 74.96384090320939
207 861.3971762160095 859.2482225825121 74.97008626971905
208 859.3620099998161 858.0300319727951 74.92001475610154
209 859.4179539585914 860.4263535777355 74.92697310285286
210 857.3742850071807 859.2207995398609 74.45714437349977
211 857.3495636725728 861.687544274732 74.44861262239772
212 855.3660621644696 860.4205768557199 73.50595212107363
213 855.3805151324932 862.9813052682086 73.51486970519755
214 853.6413384660053 861.7030744973899 72.15811629192393
215 853.5691009919527 864.3406059229006 72.08692821527046
216 853.596172652174 859.1514041087107 72.11377600706108
217 852.2633272436544 860.3659842990511 70.48585365422601
218 852.2578480955996 857.9001303283637 70.47749382272166
219 851.3047003835741 859.0869433351943 68.62568214150033
220 851.3391066608337 856.6774445929232 68.71290866848804
221 850.6905753970312 857.6893267606639 66.14963341518578
222 850.7420698300746 860.1943669979139 66.5303808475861
223 850.6466824791229 859.0321674535727 64.33090174375107
224 850.6414969359611 861.4157922833796 64.4133253570274
225 850.9870653932676 860.1379795223186 62.33087384145838
226 851.0016624559431 862.6271523713017 62.27871882830062
227 850.9394361222199 857.6044239462922 62.50922911922562
228 859.4727790070287 855.774169362048 74.93348187548922
229 852.2304868394042 855.569705297315 70.43547221159685
230 859.4818844009525 862.9465653994496 74.93453314809778
231 851.3677117964183 854.3975331300026 68.78365952436369
232 852.2255441896526 853.326064455031 70.42783185494967
233 865.2588117368545 852.6258784221897 73.86121032014509
234 851.3969193644407 852.2445564232313 68.85434165343767
235 852.2413765690935 851.2132616538773 70.45225198390548
236 865.1928705618715 859.2559067288597 73.89538723117086
237 868.1235674853243 850.7512005292729 71.61517788160823
238 853.3308920721282 852.2540271722809 71.84153479518496
239 853.3539017044492 850.2449328094359 71.8659817161051
240 854.6132566633261 851.2060314542609 72.99172607515419
241 851.4451696528032 850.1984211086041 68.96787933460919
242 850.805711643464 851.1737511270503 66.89627473903266
243 850.6253468694268 864.018783895242 64.85343491195182
244 851.0548672712977 865.2196639754499 62.09716020586202
245 851.9369149910699 863.8538188421915 60.04724165271853
246 852.1512304232734 866.646244106912 59.68892159672237
247 850.9751462935778 868.1624702733394 62.37428891251252
248 852.1582012048983 869.4794055812189 59.67781692635245
249 853.5708997971278 865.0911627853242 57.91128149443976
250 851.0643932399654 871.0971376289506 62.06594072319837
251 852.2890874411946 872.5769143437197 59.47508498319773
252 853.2563291816402 862.3647737141549 58.2388308969752
253 855.1817255904698 863.5405445386272 56.6107997720234
254 855.024394668515 860.9904538129566 56.71499151945395
255 857.0977839996727 862.0972039706446 55.64244278001576
256 856.9266263801915 859.6098897459517 55.70874543687168
257 857.1535047084271 864.6420604138868 55.62163291225188
258 859.0934310445549 860.6722769591054 55.11786846443017
259 858.9772762484536 858.207360611238 55.13656233667103
260 861.1338363883197 859.3192557258413 55.01299119388
261 860.9949012412771 856.9316781559537 55.00687063439469
262 859.0379217644576 855.8916242680303 55.12662719408392
263 860.8516138175892 854.6849260863512 55.00258453216283
264 858.9253858509379 853.6628164147642 55.14536741835872
265 860.6731103449044 852.5043810351721 55.00011925628624
266 862.5499940811296 853.4405029476294 55.18717179723014
267 863.0389036337112 858.0319072118416 55.29589995552072
268 858.8936229941103 851.5692395443705 55.15089590685141
269 857.1859457211701 852.6363196626545 55.60969077860139
270 863.2487051452283 860.3741501123131 55.35052568380952
271 862.4486344004519 851.4097261313079 55.16782300039723
272 864.1582596108651 852.285625078852 55.64527195291168
273 851.0853166488969 874.2773309290365 61.99861422219627
274 850.6256856761856 872.7212367286139 64.83190295189111
275 852.3368827532696 875.8455252643728 59.40364698069612
276 854.2411347075694 874.0268915552352 57.30223741671731
277 857.0985206010805 850.6315598515474 55.64216521753858
278 855.5842936028181 851.6850036012428 56.36295130029249
279 864.0299942370416 850.3091918276197 55.59781615146744
280 865.6176637819996 851.1645594919246 56.33593363621038
281 865.7557501569819 853.1230036564117 56.4169970537698
282 850.6273900594269 876.0383169827085 64.75032709170917
283 850.9935139588736 874.4116163313053 67.6923010964903
284 855.4999539787973 849.7110552243258 56.41272120069404
285 854.1369503414294 850.7379856187775 57.3898325888647
286 867.0849871717051 851.9935794789693 57.36723057451778
287 866.9366209686152 850.0382967012843 57.24408226515501
288 854.1768824348662 852.7013550211038 57.35597238478258
289 852.9506513513487 851.7409685380154 58.58786036496699
290 858.7084010606029 849.5899013422168 55.18524398231536
291 852.9095132113811 849.7800643133389 58.63741520051316
292 851.9752851500757 850.7487440599799 59.98053652526386
293 865.0614083764723 859.0275057536046 56.03831336232394
294 865.2228255464055 861.4280621479242 56.12006125376819
295 867.217629620852 853.9924876600419 57.48151311008664
296 850.9641151426729 877.8583323300978 67.58483173318626
297 852.1738273102483 876.2766554941006 70.34695913078193
298 851.9656778784383 848.8309261727179 59.99712733241104
299 850.8986218026341 849.2078682348005 67.32630903747864
300 854.3606852426354 877.3954783611974 57.20465064324783
301 856.624508277408 875.5955130360122 55.83474581915285
302 854.6021196923872 849.2570766332624 72.98333718474528
303 856.0042831610369 850.1956577575983 73.86880466804328
304 855.4096688264196 865.6982651525929 73.5327548873485
305 851.4505321543965 848.3273930405803 68.98026174610564
306 851.2701247149837 849.7822273104575 61.46447816817999
307 868.3711565633492 852.872925689088 58.67656809063982
308 856.0042308720462 848.2885836850822 73.86877742916049
309 857.5326744119091 849.2125043691916 74.51010093238652
310 851.2511746187043 851.7096270473696 61.5150277611505
311 853.5605239271077 867.085743320199 72.0783792375876
312 855.516788544352 868.4830946948659 73.5973022010095
313 854.8129896636246 853.3529302621909 73.13811949671198
314 852.8786381466465 847.888936613371 58.67503797157759
315 868.1245234848576 856.8924476035146 71.61409395509605
316 851.2704510164098 847.9027110346798 61.46361497281663
317 852.9404551131548 853.7976076327752 58.60008229796663
318 863.3656944878652 862.8863366086874 55.38310825526
319 865.4310043038781 864.0388580834306 56.23100166921932
320 863.4791532418629 865.4844235312144 55.41617731012067
321 865.7077270123897 866.6438622817292 56.38846745834502
322 863.6156939438592 868.2681994794631 55.45791431533106
323 866.0794697909379 869.5013350456588 56.61902003373198
324 856.9931529153806 878.9439938221844 55.68254494086253
325 859.3916905668732 877.1263950134633 55.0762536724995
326 852.1746620440421 879.6813356359905 70.34827813358913
327 854.1907067104613 877.9543491591411 72.65566640294982
328 867.034185210387 860.0702057581842 57.32451811336696
329 854.6483363782507 847.4207776385225 73.01799130300353
330 869.1307679775939 849.7727230801545 70.25733191517929
331 868.1273793526711 848.8179301973169 71.6108540478141
332 869.0772598006963 847.9022661490013 70.34294018726467
333 852.5273336514616 879.2593572259954 59.13147571297423
334 868.4875146044159 854.8811654809281 58.82185889868445
335 868.1460385086326 847.0254123203138 71.58961605897045
336 867.0432817077558 847.9050095218468 72.66787610376058
337 854.2419558277601 854.8150102801037 57.30155660140385
338 856.2532765882713 872.1837475506532 56.00586899176722
339 857.5536216790556 851.0795083857483 74.51688510115497
340 859.1153222692991 850.1164159970263 74.88549788633789
341 859.1120775677283 848.2298567659295 74.88500206093767
342 860.7444113629748 849.1159853278277 74.99927830960686
343 860.7745013167829 850.9765222307109 74.9988715051626
344 850.9121939326685 847.3243028258649 67.38233606648492
345 850.6552879032171 848.1788243748854 65.7869823470713
346 862.2980655431642 849.9574932073122 74.85892578686075
347 862.2781091832976 848.0995513621374 74.86229309224555
348 850.6589797533854 846.4085777406319 65.83242752332131
349 862.392958184465 849.4653270733195 55.15765516670083
350 863.881786782573 848.4464684478581 55.54544542044265
351 862.3046156222429 847.6160269278472 55.14218848749081
352 851.3937958697463 846.4780793846342 68.84685542314061
353 852.8197469677817 855.9186093637411 58.74785017894808
354 863.7902651327801 871.1647206293826 55.51440607008506
355 866.1792940833495 872.4856613352537 56.68484889279958
356 868.1309872641128 870.7730619544772 58.39324306973503
357 852.0698483732912 865.656176533173 70.17897901719738
358 850.7986731691046 850.7777542065205 63.14053960394338
359 850.7989396128139 852.7082839716932 63.13913223685658
360 860.0614763805648 880.5650249245032 55.01584954784611
361 863.0268254975949 878.34111296581 55.29290258249328
362 857.1035142433432 882.5692284984592 55.64028528376964
363 850.901383235988 881.4572836476423 67.33782368585798
364 864.1296630251403 848.9182417399877 74.36548124698784
365 863.7363135704084 847.1112189420478 74.50343105959087
366 852.0484490446631 868.5054436145047 70.14346652099307
367 852.1597310189646 847.4727527560129 70.32461579460424
368 863.2588217513178 882.1691321532388 55.35328286226319
369 867.3072888774251 865.2064043182331 57.56109582129354
370 856.0453604831818 846.5219674852808 73.8900822546501
371 863.7223613045844 846.6572488229787 55.49201139674487
372 865.1823098714923 847.4015728959326 56.09919680266871
373 854.2446582670424 874.4374715329143 72.70068302858337
374 856.9264588898434 876.1911506133812 74.29118790518014
375 856.8277067894185 879.6984395622902 74.25127488195957
376 859.7987202181704 877.9333214565805 74.96586489096782
377 860.1602003062866 874.5295471581405 74.98922603466153
378 862.9314634545439 876.1635649608837 74.7302040591356
379 862.9642741331568 872.7872533874183 74.72236563322329
380 862.8354569222602 879.5777829465605 74.75246966346297
381 865.6912124505766 877.7816454534533 73.62125988619547
382 865.7387769685641 881.3145520450836 73.59312786780576
383 857.7316682732441 867.0199324899764 74.57250434147335
384 862.1928974884653 846.3264255254538 74.87620455519735
385 851.8865028711673 854.827293939913 60.13673179608312
386 869.3957141755516 853.7015123908448 60.19772811694542
387 869.1943143668195 851.7163229611992 59.8469051426889
388 852.2326469378537 883.374753126805 70.43880651474842
389 866.3118156712312 880.2103753320265 56.77492519988404
390 869.9505789758116 856.8846501256062 68.60832538698551
391 865.9465776268977 855.1921846901217 56.53400503490616
392 851.7129170357414 858.7693115030576 60.46262857876985
393 851.0446823551646 867.0087695049529 67.86905000893016
394 854.018031610056 857.0171851030898 57.49283155509093
395 867.0449013095144 846.1890268351029 72.66651999561107
396 868.0713594718339 845.1674248595392 71.67389685944738
397 850.6448721501989 847.206041029492 64.35846764795606
398 861.2351758849751 869.7985913131356 55.01867757490126
399 864.9766950313609 845.7360990070423 55.9968660875732
400 866.3066290820707 846.4134608296707 56.77134115035861
401 870.0552316264689 852.5134110736743 61.67479104639765
402 862.5819169330597 851.8716404502288 74.80650953373548
403 852.1153498819288 845.621329405047 70.2534019170629
404 862.2108937715473 845.9293508064961 55.12667058590235
405 860.8001996764032 846.8074102269816 55.00154763402891
406 862.2636215789403 883.2648045393837 74.86471162288269
407 857.8581206345401 869.9023806197058 74.60980762031539
408 860.3630898310051 868.3881047903459 74.99658859239332
409 866.2294505224449 844.769346613949 56.71857608328197
410 867.3609103845533 845.5499468640432 57.60962021817252
411 867.4952182041984 847.1006407044805 57.73431981827255
412 868.4091645022989 846.1488970705963 58.72341969425268
413 868.5111610712531 847.8109942953039 58.85207412726263
414 869.2847431568913 846.8409901351514 60.000374788745
415 869.5424388852883 848.5431662843379 60.47602910014399
416 869.9567420694225 847.5369680738482 61.40764473949407
417 869.8470798301539 845.8557396627522 61.13479244038719
418 854.5820626074815 845.5674827070304 72.96816770961038
419 869.8158978302562 848.7477337046902 68.93878513011464
420 869.7909931833981 846.9631857359642 68.99640293430926
421 861.0022052983301 852.9481662717299 74.9928557973128
422 853.515752084205 846.4722527396078 72.0334155293416
423 869.5074452925918 855.7891166974892 60.40769714650675
424 868.3649277257687 857.0505227486958 58.66894475809844
425 869.4585444351287 858.0143909691757 60.31431502196026
426 868.5078626813665 849.5441315769082 58.84784511551625
427 861.1495493971938 864.2461931386728 55.01380530738626
428 855.580505366372 855.8698125647107 56.3651629647669
429 850.6429714287991 845.4702082034524 64.38875207530906
430 868.5304590430603 873.8896998011119 58.87691105504467
431 850.6643012592848 844.6861866246601 65.89385009596226
432 868.4806754365685 879.2855888945678 71.18683576279591
433 867.9691709584354 875.8737394259824 71.78619703823099
434 866.2442702032885 883.9189718559454 56.72862595610688
435 850.887967858633 885.186957747494 67.28130821028383
436 850.6731570612772 883.1157077423918 64.01242891930302
437 866.7006368722787 875.325775564089 57.05784670266699
438 867.857853987999 877.4098634490629 58.09526956299392
439 850.8817459755822 846.2596226847334 62.74541087167028
440 861.1793178575539 872.7618355870646 55.01541563593227
441 865.823737886678 847.0036470419651 73.54198819045541
442 850.9792007172883 864.1320583294575 67.64056538850097
443 850.9476554209755 869.9404081916252 67.52251405448024
444 851.7847206446024 871.4252820050408 69.67571584422305
445 870.2967870009124 847.8024239131487 67.53820172143757
446 865.6423614559735 848.7448813829695 73.64978529756846
447 851.9646142445322 887.2472812236902 70.00103135833322
448 865.9021985980055 845.1540464606874 73.4937329070119
449 850.6254129153309 851.6849529874812 64.84899636803515
450 850.6244656789256 853.7377720225396 65.06211788417586
451 850.802415639277 855.0235268272212 63.12087174862822
452 863.5570992246681 845.3932673291048 74.56025778122063
453 853.2658693932402 859.7515746663801 58.22844920971782
454 851.2435512824684 844.7042742622422 68.46439963534452
455 850.6254820924369 855.7371415620296 65.15551680444652
456 870.0350913096742 850.6367846699156 61.61821142709385
457 866.8019323677247 857.6533339827452 57.13637986729524
458 860.6619398200709 845.0493477135684 55.00007094069631
459 859.2555154966822 846.036925802987 55.09411772766006
460 869.6554017293902 872.0244641027967 60.70596817944406
461 869.5103089297627 868.9496553347115 60.4132406939566
462 859.3464102141011 847.6829368753814 55.08198269055278
463 857.7640788616651 846.8882789720598 55.41776169433405
464 856.9874130022354 848.6966914958526 55.68478388830679
465 855.2090255842129 847.862394153075 56.59315170935164
466 854.048592400522 848.8155512445062 57.46604831442776
467 853.995779997308 846.9447546399598 57.5124714433242
468 852.87163217353 846.1542321100995 58.68362729394587
469 853.9422650311665 845.1911586915955 57.56018999533867
470 855.1584998268216 846.0333460260244 56.62591339898797
471 857.660517244228 845.1473976119596 55.44928519280458
472 852.0079307391965 847.0022255871443 59.92470193679041
473 852.0876954993132 845.0579435177026 59.79165583703524
474 860.6758187849683 847.2645324757534 74.99986714942753
475 859.0646903889245 846.4178231133765 74.87763650239656
476 857.5121928410364 847.28492255981 74.50341826232408
477 857.3855123075083 845.5310000860926 74.46099523442129
478 869.0506902336321 846.155456423074 70.38474589147057
479 869.7594812993077 845.2678342402105 69.06791896162876
480 853.359991421113 856.7751374011663 71.87242437867488
481 855.1873408510792 857.5750962079948 73.39284049508184
482 857.2931848482287 856.7313034134423 74.4288839965872
483 857.5208207097588 854.5821152491488 74.50623929123898
484 855.6849996604922 855.2619780017465 73.69503199489071
485 850.8928538052934 845.5538469329762 67.30206112223587
486 860.5671081894188 850.4800318492585 55.00016339067766
487 862.2694880012501 844.6427678774745 74.86373492965969
488 860.2492650411896 845.4493484579324 74.99296598723835
489 859.3990599232426 844.3321115541389 74.92465886268079
490 868.2661516079183 883.0286599451399 71.4499370114892
491 869.6383319347563 885.7876003374042 69.3297502159501
492 850.6608604823114 848.952419787253 64.14535617129205
493 870.2409162299776 871.8558402169044 67.7422924884699
494 865.3594955608329 849.2840345388332 56.19218160446654
495 868.389118722424 859.2745933969649 58.69863769060898
496 868.338118221978 861.4367896013923 58.63630704978751
497 869.9054760495138 878.5471160846192 61.27719659004352
498 852.1025758044027 843.9648223107748 70.23265527667338
499 862.8192228171747 855.7049914888469 55.24386376773953
500 870.0774756824761 878.6091436962787 68.26143438263483
501 870.4518148975553 851.4647745270918 66.84916609567928
502 869.8560272683671 850.7513326534445 68.84378829144488
503 869.1293105504778 845.1053969715049 59.74031066169373
504 865.5594652925516 874.3388818813463 73.69734870657359
505 865.3969367143679 871.0293496801386 73.78758662207605
506 867.6351638568588 872.3983537843864 72.13073669579596
507 867.4355676791481 869.2644891062105 72.32162969064755
508 865.2502820001224 867.9631909705893 73.86566626804634
509 867.2029502961103 866.325853315719 72.53133465497474
510 865.1189401420449 865.0892826085329 73.93297067020089
511 867.0351829602383 863.5485030672588 72.67464854040253
512 868.6289550076938 864.6707292478681 70.99375190355374
513 868.5173026974568 862.0502201971848 71.14003893941691
514 869.7777298397019 863.1381863293504 69.02668886611987
515 865.0573391151829 862.3424727827859 73.96370027177522
516 862.4788474547811 863.6778944162229 74.82652291749369
517 866.9088463413734 860.9058331411314 72.77844037826324
518 868.318350706838 859.497408506018 71.38757890948604
519 850.6281762832001 868.4337702008398 65.27938417395264
520 868.9133896116932 867.5918920318994 70.59379491745999
521 853.2326135991245 848.1323478060983 71.7352338537159
522 852.2708103996647 849.2371655287998 70.49724174810643
523 863.56631543461 853.6462726158263 74.55742563746912
524 870.1255916010037 868.5392237603671 68.11848360680841
525 870.3962301736906 847.7776009601846 62.87659518195074
526 870.4412952047961 858.0320343032793 63.09577573974005
527 870.3527338872104 863.0767773128649 62.6854711464532
528 869.6003464684322 864.2776687555422 60.59204122976485
529 853.9382986754363 870.7570484138469 57.56375425807382
530 856.3780994139245 868.9002028922663 55.94627082148061
531 864.8732269987529 888.4545539544268 55.94757558698748
532 866.7954285992321 851.6665770342121 72.86872514636923
533 865.1529194224482 850.6909336117217 73.91579268913318
534 863.5356765378723 844.9809769882339 55.43319656534526
535 860.5254695932221 888.4541562907622 74.99951188496161
536 858.3949972998149 884.8062571192321 74.74835016747446
537 870.104192314182 885.8868786230447 61.81705718383861
538 850.8422819288319 853.238926105176 67.07669344462249
539 851.3469702652599 845.9735757671638 61.26748627729132
540 851.4471507392527 844.496124762895 61.02754085200151
541 869.6341570591683 861.0663966626123 60.66156887182414
542 862.7963147907319 866.6144671089592 74.76126187304016
543 855.2024436789137 871.4569175331188 73.40260492782924
544 868.6612340227615 880.6024135468258 59.04960056572959
545 851.9171052147773 861.2763204419349 60.08215152816268
546 870.4661452880475 851.5727891892549 63.22868837977524
547 852.1968064567482 862.9769924375166 70.38310430442948
548 869.1252355355823 870.3128697362126 70.26627303143579
549 856.2087446786347 888.4206592565415 56.02764736033561
550 852.9682545042668 888.4270321346695 58.56685266064463
551 869.5989475498624 860.532606897656 69.41080629317295
552 867.8602245861267 867.8963897179908 58.09775391921696
553 854.7198862399645 884.7958449732009 73.07082523622667
554 869.9647998370043 843.553425536697 68.5713517962798
555 868.5105616023507 843.5300906198358 71.14869482625085
556 851.6555115590338 885.0647944157922 60.57718157955838
557 854.1512491761833 884.7143817024795 57.37766663868977
558 869.9960404918306 843.4794755414599 61.51145169039046
559 865.1410745345661 843.5367773600996 73.92179923549763
560 868.6452027265954 843.4900886706681 59.02800851993707
561 856.5766206383219 843.5078735011168 74.14420649480891
562 856.1927123208626 844.8869832838479 73.96444489097009
563 854.0917181947565 844.1812885465005 72.57137576943636
564 867.518730045097 843.5189022339097 72.24337342293975
565 859.8886271094926 843.4950599618982 55.02709543323231
566 854.4719568396912 843.5196633786536 57.11653572374598
567 857.0225682315855 843.5366724936669 55.67113487104815
568 856.3373531618142 844.9665339038122 55.9654927924781
569 853.3900009438486 843.5220237809439 58.09599308374214
570 862.7499256410139 843.4811440687638 55.22853134030684
571 865.4164064707679 843.4683588233039 56.22301564552509
572 850.6293078133938 843.5429372876531 64.68270517465224
573 870.4799567336906 853.6557618513062 63.30722325021325
574 860.0994323956502 865.5701709921602 74.98621763269597
575 853.2922680711401 854.3703979719082 71.80012554704732
576 863.4178722636601 860.5810277765585 74.6018644925055
577 866.922081541873 849.7625107711385 72.76772839152321
578 870.4471667355115 858.1313847038454 66.87370052591902
579 853.8282342993543 867.8891889829781 57.66420682963349
580 860.8314490943438 848.5717908090583 55.00214633233269
581 851.9744879073821 852.771225500616 59.98191049758167
582 856.1164799865813 852.0870848059377 73.92635448786872
583 850.6487691092973 849.9742368519744 65.69951926661979
584 850.8184845791953 855.3427087417776 66.96125430219374
585 850.6314416142357 879.6509666700032 64.6214158187767
586 861.2595229820217 867.0020906129538 55.02019754020161
587 859.2031069201034 851.9983412710548 74.89849926489572
588 869.1464122645125 855.7749077233523 70.23193444325142
589 855.5940603994425 853.6606106695032 56.35725947668459
590 870.2599106036213 844.7513287396461 62.32521345397301
591 851.204480445803 861.537092739258 68.35671163952618
592 862.9145271027946 869.596412668404 74.73420438347233
593 866.4801887956792 848.0779791303627 56.89393762589997
594 864.2991203745548 854.2530126367114 55.69970457981136
595 861.1752305518788 861.7182573954485 55.01518926092281
596 859.3831574054977 881.4468137322164 74.92268273770888
597 866.6170494105922 843.4511541562279 56.9945875907687
598 861.6344694723969 854.8414176308662 74.94884428329877
599 868.1717444142213 888.7660400071386 71.56015787995285
600 853.161581628406 845.1223257554328 71.656443591835
601 866.811758127559 858.1044188530299 72.85589107911753
602 864.1701451881289 874.6157079244451 55.64977066483637
603 853.3383769808011 869.8869445272666 71.84950530377111
604 870.5547764569826 844.522295325354 63.82309896934864
605 857.3590341697379 864.1779159678939 74.4518896017569
606 870.5477395107688 844.5570377092249 66.23483090276227
607 870.2813834807397 845.1587673699074 67.59619187410881
608 858.8259361494296 868.2183100909343 55.16302965914306
609 851.1788026718926 877.6988456890939 61.71623766257373
610 864.6455353164072 856.7259508879986 55.84415774844447
611 854.1297963134302 881.413712664825 72.60406311610764
612 854.5445457338202 880.8548930002862 57.06042069985446
613 850.7026176456832 888.8751843022079 66.24930383837678
614 851.253245761213 853.6150467228831 61.50946232510562
615 860.2685041957344 884.1557132676064 55.00633056687279
616 865.4931995711557 884.7725509616265 73.73461799775023
617 867.6075344871495 848.513286832164 57.8422031708652
618 868.0891276289959 844.7092042601344 58.34598305022359
619 868.7445675003345 884.0941806213813 59.16383575503791
620 860.323320266874 871.1926733663124 74.99547035441566
621 869.21360362988 873.4961649172402 70.1208783385877
622 861.2147493722993 861.3415582104103 74.98255164542486
623 868.960009556389 844.799822321412 70.52408289398397
624 851.4821751884457 843.4009310149775 69.05241314005305
625 857.1925629414168 857.3869290732955 55.60727048083038
626 857.2372720214729 854.5603526219147 55.59105605845382
627 867.0044316747986 844.7847865847549 72.70023194696341
628 870.3924648927606 868.7706627042243 62.85934071513673
629 859.1779281414935 863.0199447133361 55.10514844547353
630 868.1593010964609 851.1397710278361 58.42555342634994
631 870.0804801946413 854.6120032988545 61.74728718168188
632 850.6994773994987 843.3771806416039 66.22410675199242
633 870.1206683046007 849.0280888811188 61.86655598665877
634 863.7904403948027 850.8417002796043 74.48553543121311
635 856.4426066546574 846.7347275391045 55.91629653145554
636 851.783044086103 856.7695025693389 60.32745510537427
637 869.2022119408897 857.9538892590363 70.13993766111869
638 867.382879655951 855.8952730122886 57.62970606898509
639 870.4513225113064 863.1437755847298 66.85178100762273
640 855.4069243956997 866.0802015443585 56.46892291696789
641 864.7544162825776 846.1629104387748 74.10724515775158
642 852.8877437246028 844.7425498755097 58.66390351172309
643 855.1801355632937 858.8062382239262 56.61183152642202
644 850.8326433472672 848.0204299189539 62.96923814103709
645 862.3338916330944 843.3344498770883 74.85277642390815
646 850.7225117988619 862.2632411986848 66.39825968830215
647 859.4973370864265 853.8886379962779 74.936297903179
648 869.2274457771789 866.4181434430609 59.90241098296631
649 852.6716076645347 857.8416266299357 58.93740005361109
650 855.068570415301 844.6680922788299 56.68530387698792
651 859.1758285123686 844.6474053811841 55.10545557879692
652 869.3354170258464 850.1209075872914 60.08919911556282
653 850.80081127587 844.901615991733 63.12927694330308
654 858.7467124271333 870.8470179501251 55.17784304490289
655 867.0228004875082 862.5660319301356 57.31502487093826
656 857.7559911568026 872.6214840235473 74.57982049562418
657 851.0856908741599 843.4974651879787 61.99742512435539
658 851.3973755858457 881.6166652836679 61.14456632721443
659 863.2016198915916 885.4316768564439 55.33784280359223
660 862.0474211282188 844.5754591236818 55.10178558120966
661 864.7633810301353 844.8249700798557 74.1031743149473
662 869.7207756806387 844.5368902072204 60.84625056718185
663 850.6481801645941 866.0612955732936 65.69106932898886
664 859.1801361952702 865.6900023331431 55.10482594271611
665 870.0842348698829 889.0079029969046 68.24177676670061
666 851.6920993110236 843.2634917489075 60.50374847940279
667 870.5602776743286 847.8662733954673 66.12951584942395
668 870.2608100648889 846.5742589234126 62.32845578518874
669 869.979369339827 858.7827270647862 68.53301113934261
670 858.6985335309871 873.6597723155342 55.18717530588888
671 857.675548115554 852.7745673244336 74.55536619168464
672 870.1406440097062 889.2107464685107 61.92775685183823
673 870.4355849788734 871.8377365715918 63.06656982051685
674 870.2205145607526 846.4867375572541 67.81285318192724
675 864.77852708311 844.486460560154 55.90372763721324
676 864.8355294199771 847.7803562825022 74.07002300007676
677 868.5448286537594 863.7127347318894 58.8955103322467
678 858.5264674692107 845.2694229751885 74.77748500501026
679 859.4001659934936 843.1586123632735 74.92479534600611
680 857.5793907551622 885.630693167636 55.47483891660477
681 870.0715907918312 856.8391856566139 61.72155803298165
682 856.5013235635315 882.4702451814594 74.11050437919667
683 856.2139102454539 853.7309783728809 73.97489290290646
684 869.6267891137107 865.8765310489529 69.35369946597632
685 870.5665825152564 843.324998754899 66.072602648706
686 870.5708753676994 843.2970800520429 63.96796498325867
687 862.7769451654269 886.3424188555191 74.76555177410921
688 857.1756183764294 866.899689489834 55.61347865061751
689 852.6626601572369 846.4940229575757 71.05084498188765
690 870.0990341059204 859.202910724037 61.80173528882796
691 861.7068099999256 875.3290935241275 55.05876702353427
692 851.226900091365 855.2393978343923 61.58102541696894
693 867.1585935588751 844.3647697728312 57.43014851483562
694 853.1126500807037 872.1405470642686 71.60117602720624
695 869.4055537520908 876.4011552563461 69.7842558338002
696 858.1401668489891 848.1674908492444 55.3134517038005
697 854.3273504217468 855.4096419337943 72.76844702943079
698 870.1950864427614 849.5515615500906 67.89819343250161
699 852.7292628213285 882.4274907388249 58.86250716520189
700 853.7666312882086 889.1930223518806 72.2782383612861
701 850.8717886613423 849.3833240515867 62.78887942698731
702 854.0924735871915 843.0735059798677 72.57202745346108
703 850.6905357419428 866.6253511746603 63.85070928640373
704 850.6364066210756 870.47856839819 64.50752636537098
705 851.0874646368397 845.0673297254375 61.99179603439144
706 850.6376559926673 886.0180603934248 64.48280967499655
707 850.8441227768568 872.1555998352436 67.08534567666244
708 850.6503426978787 857.3657186881319 64.27839109943631
709 865.9103745952708 877.5492210473458 56.51135303871177
710 851.9846353271669 873.8379842190275 70.03554021731026
711 867.8721112218822 885.8567645849181 71.88976323398371
712 857.2377019591971 844.4863293213136 74.40909869805837
713 850.8273507087268 844.4455254718499 67.00507321704217
714 864.0149134595607 852.1988669740098 74.4076328344826
715 850.6428582729034 850.3284546203676 64.39060265306266
716 864.8711673005449 892.245775886454 68.19058963222025
717 855.8497464598406 892.245775886454 61.24171456704605
718 862.9769046232609 892.245775886454 59.67289422547727
719 856.0152952459911 892.245775886454 68.67553690582513
720 866.3715736813513 892.245775886454 63.68821606605188
721 860.6086699837168 892.245775886454 70.8844542119591
722 853.457505702038 892.245775886454 66.63576781016094
723 856.6125544819953 892.245775886454 64.80698608618005
724 859.6799009511982 892.245775886454 62.52430724872295
725 860.1309979114191 892.245775886454 66.50449091837763
726 858.7646642794909 892.245775886454 58.89885978615109
727 862.9983995050677 892.245775886454 63.94507142535833
728 853.457505702038 892.245775886454 63.36423218987769
729 863.7971225333466 892.245775886454 71.66065944767912
730 867.8752437879737 892.245775886454 66.55441077237157
731 866.1516131559511 892.245775886454 60.64012266677643
732 857.3531008406329 892.245775886454 71.78189626608034
733 853.109375314458 820.6914740912378 51.36448625419626
734 868.532512833224 821.1714002257048 51.39409965323353
735 862.1964782073879 817.4081239928504 51.37414462819763
736 865.1067530701215 840.9716043530216 73.90515894843888
737 854.0305253346731 840.8451281801318 72.4745414371915
738 869.9228550396613 841.0133461741866 68.63847879654597
739 850.6938624565706 840.8599039698918 66.11821894517013
740 870.5933895215434 826.5104096546186 51.25468698136463
741 850.7147125387522 825.9604358474478 51.35809871116159
742 870.4094094605288 840.9681500485646 62.87494419463168
743 851.6105934459835 831.655836135884 51.30020425481695
744 851.1088851378015 840.9725149088558 61.8565405362847
745 869.4321941483347 832.0552648426665 51.23412678550238
746 859.320981354224 841.0447780253113 74.88574433048541
747 868.6819932539265 841.0369555242626 58.99689682911544
748 853.3294161284725 840.9574705356753 58.05769850894571
749 856.5843260941429 818.1318022771989 51.27417033925835
750 866.79136989559 835.2125532137371 51.15909234297085
751 854.3779997575618 835.2224442889975 51.54272030601436
752 865.4569375543689 840.8771151489709 56.09344951679684
753 859.4988921450832 838.2286107385395 53.08247923317771
754 855.6404873297947 840.9791260982377 56.20238839372601
755 861.7121695182173 838.2528016774544 53.1069600365179
756 870.4120937009849 829.3520442014911 51.21617157664158
757 869.9394820894213 823.6525031287728 51.27412533516026
758 850.7614162130347 828.957143838812 51.27362877752755
759 870.5767907525695 841.0824310007831 65.93091743147914
760 851.544820571609 840.8370409707379 69.13911376245204
761 851.5189840879658 823.1607797984918 51.37487960667702
762 868.4890917412848 840.9716049238134 71.13776498611152
763 866.3775251675696 819.0899333942311 51.04137618605242
764 856.5843509718098 841.0332921306014 74.11716498759473
765 862.3283861598329 840.9716105051958 74.8210475996971
766 859.4028044448369 817.3504063264221 51.21745719293737
767 857.0462462077094 836.7118888522494 51.19776972756812
768 864.250926453188 836.6939445913425 51.20362883696937
769 858.4681467592819 840.9915906714162 55.08275956598091
770 862.7800665346261 841.0215198415609 55.08997588850996
771 856.9455840487341 840.9969076130005 55.56275779813313
772 856.1309320083835 839.7932545346004 55.54850305787387
773 854.9117791308141 839.7416939325428 56.31379610464747
774 855.2594624874026 838.6246591657941 55.47107027091667
775 854.1483900082087 838.5113258237183 56.36550815544228
776 854.3587139386227 837.4581478044835 55.38594840846315
777 853.3631382031261 837.2626705789073 56.41655007028094
778 853.505226911142 836.2987999338573 55.3169354695423
779 852.6364987030013 835.9933219753337 56.45091333374891
780 852.466644192054 836.9655464590535 57.55356328312174
781 851.9057999606898 835.6418127012464 57.64477295105814
782 851.9720147592278 834.6924160156464 56.53226335184353
783 851.3961252475741 834.2758324160345 57.79410646588192
784 851.3126281065076 835.2158663306094 58.9159305775342
785 850.9623047059457 833.8053440289776 59.11393431162621
786 850.8936004626098 834.7432230193457 60.24056945041699
787 850.6959606156628 833.271844855064 60.48998256348827
788 850.7245612436914 832.3734805771132 59.3355553784068
789 850.624611436656 831.8588122115897 60.7074125269033
790 850.6254618203762 832.7906477920375 61.84274336998809
791 850.7056079220996 831.3432632483964 62.08056749443534
792 850.7455147852744 832.2771674821295 63.2140408537617
793 850.9765930520165 830.8170698223574 63.42526025477023
794 850.9233665594611 829.9015944283758 62.30189092725378
795 851.3372968278377 829.4320293067767 63.63126410290827
796 851.4215607703176 830.3211206110915 64.67981702852701
797 851.9292358001229 829.0029397505156 64.90642662416086
798 851.8407361217259 828.0485409337015 63.77285035488705
799 852.5604800160743 827.679110602466 65.0069027763933
800 852.6901827203172 828.6409876298627 66.11107123938923
801 853.4363170944715 827.3747474915461 66.1478251899926
802 853.3256612011326 826.4030246871264 65.0271796855825
803 854.2992700292867 826.1850542757923 66.10638392673766
804 854.4513039566615 827.1661087370757 67.19061327259662
805 855.4023450933549 826.0519995166934 67.06872354386952
806 855.5908594661263 827.0610135318782 68.11943832079288
807 856.6089183764622 826.0297886029974 67.90730945317536
808 856.4335126642782 825.0482804212402 66.8543473944146
809 857.6998636877242 825.1194076660101 67.60739680198651
810 857.8917492873973 826.132000402304 68.61349701790132
811 859.0207374225427 825.292264655679 68.19684107760864
812 858.8294978731161 824.3185311399111 67.1907330613969
813 860.1786716071266 824.5679774282414 67.66349038947969
814 860.369736395432 825.6195739107952 68.66567492042036
815 861.5312854631354 824.9905458211366 68.03324171535685
816 861.3395733520033 823.9607325816349 67.01108667051108
817 862.6799288445428 824.480063822508 67.28429211178312
818 861.7202753465504 826.0807789141874 68.99169225968897
819 862.4822967465816 823.4737021367625 66.24601898800063
820 863.7992928646941 824.0789113524092 66.41223810714658
821 863.5919457391059 823.1019622641572 65.36854790715323
822 864.8621786466913 823.8179970962551 65.46561287954727
823 864.6234051472518 822.9241016208503 64.51363990752375
824 863.3205004061558 822.0945479290092 64.16150329268183
825 865.8500529804253 823.6699337677173 64.436299753527
826 866.044180376324 824.6680670957904 65.45199300957552
827 866.9617720772718 824.6008901915446 64.33720712260454
828 867.1192643561365 825.6416726770046 65.33712923125995
829 867.9504404108666 825.654348044309 64.15076677216612
830 868.0696958154756 826.722721912862 65.1285509660427
831 868.8009809750725 826.8071928931543 63.87434365785355
832 868.8804058794444 827.8940985621497 64.83699862315966
833 869.4872797779834 828.034106364664 63.54284378234797
834 865.5641593615856 822.632208163946 63.29458479172006
835 869.540325857065 829.1378379029001 64.47515031730921
836 868.9095318693253 829.0019572985052 65.77786320913525
837 870.0210896917915 829.3212167554925 63.12519146175496
838 868.6559881639043 825.7787404853652 62.96351190413789
839 869.544099794956 830.2562011357745 65.40479275273844
840 868.8886211147785 830.1291274680966 66.69721806086656
841 869.5053146798922 831.3908880125663 66.31536576365312
842 868.8132427014639 831.2698661262311 67.59694091053997
843 869.4224706166049 832.5415438170768 67.20499403527796
844 868.6933117658177 832.4380129816091 68.463564565186
845 869.9831612303759 832.6924201223701 65.86925411319156
846 867.970593900745 831.2294762312897 68.79394599500867
847 867.8025562289313 832.3907469987032 69.6269378488432
848 866.9793634540337 831.2625709614301 69.88994852065083
849 866.763188001673 832.4190048325422 70.67765481025083
850 865.8608259428272 831.2753652902252 70.80403011635677
851 865.6208832224416 832.5005592315863 71.56225727890029
852 864.6438113433147 831.4169361831885 71.59346005262711
853 864.373685005307 832.6701888775101 72.30167294922121
854 863.3384461407552 831.6363121119213 72.22186012421946
855 863.0464036710688 832.916799613677 72.87291862383542
856 861.9734051773771 831.9361435222265 72.67484391761906
857 861.6706147249259 833.2426865903046 73.2637654850748
858 860.5824003806161 832.3109160093861 72.94110232691837
859 860.2670353668657 833.5881934502164 73.44626108539862
860 859.1875102628272 832.7565695233101 73.016908993844
861 866.5186183619464 833.6178235496981 71.4046716114001
862 858.8768562315946 834.0621259252567 73.45972515287784
863 857.8237282835271 833.2757172387376 72.90611782970541
864 869.8962356342834 833.8424957264263 66.75673988349762
865 870.3219964941512 834.018290323357 65.37745237819553
866 864.067757016378 833.9177829495054 72.92246774057915
867 858.1337361295649 831.928917067532 72.42557819873596
868 856.8085051182741 832.5319480148544 72.21221762178591
869 856.5156570673759 833.8939895465633 72.62468264157066
870 855.5422681553121 833.1621282595822 71.79523386229911
871 855.337177116803 834.5224253525842 72.18191419152241
872 854.3983417903024 833.8602741934518 71.22933978067968
873 861.3144607160597 834.6522821251708 73.7938458626184
874 854.6476115755692 828.1895490364001 68.22705514754686
875 854.2522419219245 835.4711633052515 71.67280852910632
876 853.3603903365395 834.6393918851425 70.50766479222486
877 866.1146605487664 830.1829326287258 70.00206282029059
878 869.9688127815788 828.2301324031291 62.16825653790217
879 870.3611925111516 829.5548440507619 61.7257458013861
880 870.3070369042604 828.4597439311806 60.77747012183769
881 870.5571887098855 829.8090797033758 60.3129396432103
882 870.5173383594118 828.7132061151777 59.36761025607233
883 870.6240086184091 830.0756733275022 58.89237339670326
884 870.6224810758112 831.1718329139876 59.83488477233119
885 870.5393906367684 831.4370345847151 58.41763056696499
886 870.5097950377379 832.5292901346027 59.35962799966009
887 870.2722408362301 832.7771423211157 57.9600731135415
888 870.231858462908 833.8646302107994 58.90139921577702
889 869.8376840611497 834.0795353821546 57.5365138645723
890 870.6134136332263 828.979383109306 57.9496500413828
891 870.4469897952613 827.6224369135653 58.42086836478221
892 870.3492151509121 831.6912562626393 57.01067282084185
893 869.8138377937062 835.1557774043025 58.48387562719681
894 869.2597238648218 835.3308060440204 57.16454451444541
895 870.2332955047067 834.9596787348673 59.82411066268278
896 869.3464157116242 834.2747257739397 56.21686437074805
897 861.1753317115612 823.0458702228032 65.98762368902207
898 851.1761269692774 836.1674200759785 60.02519122057267
899 850.7967118110714 835.6616625081678 61.38404624574429
900 851.4163056389793 833.3588992806096 56.65010629386808
901 866.1809086987499 825.7216024324224 66.4468129177161
902 870.2416573181213 835.1652758968503 66.26539896024207
903 869.7632351969336 834.9985429219502 67.62785674044979
904 870.523433349798 835.3566108409883 64.90109330819351
905 870.5740296584804 827.8627580490646 57.01185962375679
906 870.333189478244 826.5364153190001 57.47051745692534
907 868.6344596249662 835.4413181009866 55.91138375168925
908 856.2683269642629 835.2981145163279 72.97386838015747
909 850.6248925378916 830.9496487425696 59.69896177309842
910 854.19825424136 825.2429712074058 64.98235635059184
911 853.2500165510122 825.5025114919799 63.88927456529991
912 854.1523800327684 824.3380883754755 63.82491011001585
913 853.2341542968454 824.61554817937 62.71491053682998
914 854.1493038194858 823.4800555989348 62.63103109616996
915 853.2516940539413 823.7814441134466 61.5063882812553
916 854.206534191455 822.6600190032883 61.41398010395405
917 853.322721560229 822.9817336050489 60.27465094986481
918 854.3037247602485 821.892294494813 60.16186875695562
919 855.2731495607989 821.6702675952251 61.24491955948857
920 855.4202438552708 820.9350869840308 59.99744364598649
921 856.455545774741 820.8192444252361 61.00976517502983
922 856.6207594322328 820.12885458505 59.73253260326204
923 853.4412018716553 822.2261983988781 59.01875081940901
924 852.5639664004066 823.4043091659892 59.08805473104955
925 857.7100443443608 820.1299666421804 60.69469755613712
926 857.8612223993889 819.5063945112219 59.41313363314582
927 859.0222030946722 819.6090169436109 60.30221097829762
928 859.2114073191869 819.0186521197014 58.97190926310943
929 860.3718732675108 819.2663950469083 59.83812874819689
930 860.5850486872756 818.7289326002635 58.48258424815359
931 861.7256041625822 819.1050606875042 59.29889359740186
932 861.9153836612189 818.6236539485195 57.92574466301409
933 863.0603471525961 819.1274797453193 58.69322150336738
934 856.797494662992 819.527132541881 58.44887996791763
935 863.2383197254195 818.6997104464641 57.30194138089301
936 864.3488484867104 819.3299431185894 58.02539159307273
937 852.6952041309279 822.6584862974278 57.82756747099275
938 851.9388516032424 823.9034132079877 57.86166663037561
939 852.4429745202348 824.9957720158496 61.53316059838097
940 855.1660256642925 823.2869988806307 63.679990142093
941 860.7918162298588 818.2799938389948 57.11133678364936
942 857.557138475196 820.8333023660193 61.94316699029367
943 853.586558912147 833.2244567787568 70.17955255920421
944 852.6567533522294 834.0267788973262 69.37159450117935
945 860.5573781330811 826.7295126174147 69.60189753232676
946 864.5106956537841 818.9540167654244 56.61863199199722
947 865.5661269920985 819.7055112055847 57.30215734981639
948 852.4787241894244 835.4568684933348 69.66180905717638
949 851.8954973293178 834.863084439089 68.45768533855801
950 855.8166156202113 828.1194181345447 69.11510337790922
951 865.3924721560888 820.1037064351534 58.70019151354708
952 866.5354415200966 820.5875473498488 57.93441835741692
953 866.6399451805569 820.220774432946 56.58465228184027
954 867.5552415991734 821.2159403266826 57.13869870827
955 867.417946973302 821.6005387252139 58.52992701146552
956 851.9631724530342 833.8043886685263 55.36398218087105
957 851.3696559469274 832.4675301485235 55.48503496604371
958 852.0713044796541 823.1740431422065 56.59979133784758
959 852.8822799239722 821.9481170329448 56.55356144454471
960 851.432198459151 824.4984599034163 56.60837700931879
961 851.3403107329121 825.2613430312435 57.86222876179371
962 850.975417274048 825.8960622645337 56.58693051369318
963 868.5624681291423 836.516243167225 56.83458068702072
964 867.7983342744531 836.5521231448365 55.66732844228761
965 861.8857057382438 827.2137097975537 69.87584928906551
966 860.7309376025756 827.8829602911784 70.4616979796719
967 869.8444034319059 836.265026510433 59.38467903821832
968 870.2769906823839 836.0638090951388 60.7347105681711
969 860.1705850226689 819.8669849688249 61.12092517061132
970 862.8568121464265 819.623733068266 60.0342933015106
971 870.6193054290794 832.2666963400289 60.77323960619307
972 870.4961675731665 826.7939561520526 56.054142281259
973 870.1619851185618 825.4601226885862 56.51413543789531
974 869.9082697932444 825.2929732926294 57.92999421024209
975 870.1202625866052 836.321477869421 67.13969282366496
976 869.5761829337278 836.1638535829982 68.48183771240762
977 852.8884283629712 832.6136943781266 69.03910943815883
978 851.7590999501402 836.3150273530406 68.70945159662003
979 851.2950891339552 835.7551943580186 67.43172594538591
980 852.3559891139178 836.8991463837352 69.91947121854523
981 863.3924575111351 818.3512014222599 55.88754049755723
982 870.6233959666486 828.1684549169524 55.55149898628851
983 868.7897514766831 834.4422861850502 54.92414340758221
984 851.422376525806 834.3140298347859 67.1713246820004
985 850.978681510772 835.1623967408547 66.15389596456993
986 850.9250160881287 826.6715815938779 57.83513169380634
987 850.7063275617232 827.340836822702 56.54444963001291
988 867.7061628611583 820.9044078243123 55.58566998645694
989 868.158095266063 828.8948146410169 66.94898822814415
990 863.0453023588916 826.6642981613699 69.16849854801036
991 869.9430954507571 837.3789797019199 60.27840374073859
992 870.3542129313338 837.1747677103449 61.63460536500964
993 867.7938754880354 837.630984924318 56.57010601988446
994 866.9000890722264 837.573263964424 55.49695662586324
995 850.8796034534967 836.7586869686573 66.34908554841311
996 855.9080100755282 831.8739206025833 71.44110646051082
997 864.6459238396087 818.6541886315022 55.18974771240954
998 870.3545054506898 825.7027228418683 55.08547582147697
999 868.6041944308074 837.6336107939863 57.69730067159374
1000 851.0619773223494 825.1315127478208 55.33383396658608
1001 852.2619834288687 822.4661860155592 55.32485607481132
1002 853.1278930881793 821.2787697780464 55.26719847721684
1003 869.9202158079165 824.4031799886048 55.55000183058266
1004 863.5986820444571 830.3907646010598 71.49496833250049
1005 850.995792913663 837.0445620793473 61.14569654281351
1006 850.7111442653119 836.6333864440793 62.48092364789699
1007 870.3682142272457 832.8769772411314 64.48223843238715
1008 870.510537051121 834.7328409304522 61.21159932254025
1009 853.8519240971669 820.8452755257414 56.47178101196377
1010 854.1489430652723 820.2246117771573 55.17200811013672
1011 856.4967985121669 838.6876881669785 54.69577594249176
1012 854.907651914489 829.2426119653155 69.21938403045003
1013 860.8812272790759 831.0768653936854 72.36270014936916
1014 867.0055035925573 836.5389207624793 54.55317334519029
1015 865.9607993366113 837.4800007073553 54.48305082544994
1016 869.9372609292604 837.4406775892885 68.01266535794639
1017 869.309287179477 837.2906909585535 69.33193339929149
1018 870.3597190728547 837.6364259270916 66.65905331789523
1019 868.8405429049562 836.047447638782 69.75047531806376
1020 868.5225771524356 837.2191823593237 70.52675627334943
1021 863.5118170974894 818.0787724652788 54.45409828119606
1022 856.1041748900435 829.206597549608 70.05373873421979
1023 854.4967775532964 836.5565569104172 54.24304549522026
1024 853.5408247339221 835.4564044749512 54.11937169328075
1025 868.3159814325585 822.302952080477 57.73526647857521
1026 868.1868903047002 822.7113962187503 59.0827077393878
1027 867.2031315465391 822.0114422012356 59.91088527912125
1028 867.9680872938019 823.1342517776669 60.46131569553344
1029 850.6882954456569 828.1217580787912 57.7898165621552
1030 850.9095110792952 827.4016283594655 59.02307341230046
1031 850.6242803260569 828.7287182381547 56.474558863044
1032 850.6255046646064 828.0258153583206 55.24654170696068
1033 851.7007102361077 837.7576622469799 68.99016545684377
1034 852.2988175097512 838.347774663988 70.16629295307337
1035 850.7002306292462 829.4927782531402 55.19311927309711
1036 870.094813046103 838.491483365934 61.17550373340401
1037 870.4493375650387 838.289055607368 62.52772721554408
1038 851.8511506344068 832.9413849402251 54.18146065562202
1039 868.0450250881443 838.7039411550782 57.50285684625721
1040 850.9866768751668 831.9642192835478 56.80989358108381
1041 851.5132291559153 837.5830445646176 59.82828046933686
1042 852.5112449036357 821.7948953761119 54.04080749874553
1043 851.0761143436539 833.772782810647 65.84930565733826
1044 850.7534942692937 834.7202649331829 64.79888011232235
1045 863.226333958102 827.8451655506971 70.01293649509911
1046 864.2737488954791 827.2924928198353 69.16739590337481
1047 869.5050255314952 833.2587104643088 55.23979668311866
1048 869.0433404280102 833.4766571996125 53.91598692958078
1049 869.7245538046393 832.2577213299018 54.24966872284472
1050 868.2064880260671 834.5869313723693 53.64046783791316
1051 870.1388307494616 824.6473439639543 54.13569866921119
1052 869.5858814826923 823.336319957742 54.49898146442806
1053 850.8725519956978 838.1596201048092 62.11497968672177
1054 870.3861115976869 830.6564324394984 62.667953429464
1055 864.7529509564507 818.4302463884037 53.74324153991412
1056 853.0810418035952 837.5023027069267 71.03687569372285
1057 851.7530925739248 823.0590741717233 54.07865622241664
1058 850.6434902987594 837.5803625838969 63.6025005843379
1059 857.0770752406586 828.1519960439365 69.8563481388143
1060 857.323226438508 829.2506533490244 70.69814455507857
1061 853.8615007431021 829.305414561836 68.24297492328257
1062 869.8717925109249 827.1466580350256 61.21031309033616
1063 851.6029975650415 832.8820434163001 66.89313358833004
1064 865.9510724767379 819.2088478758959 54.45198588588688
1065 862.2220333612379 817.9072730059056 55.1215646399815
1066 864.1531159798038 826.1998085342643 68.3241448432596
1067 853.870812304844 831.8319290623068 69.80385986464822
1068 850.6972433094265 839.1563929424274 63.44374002786328
1069 850.6260521584528 838.5276769104812 64.72652465953881
1070 854.9616226396072 819.8879453895979 56.35049440171377
1071 855.3042108161491 819.3250701751689 55.03590403872883
1072 854.4973963869114 819.6693885311016 53.85560222424606
1073 867.937863989381 835.9258792429474 70.88463676904081
1074 867.549172904792 837.1328511782873 71.61786289746838
1075 869.5414350802328 838.6835550888486 59.8496864804805
1076 866.1495757696097 836.5498053383824 53.46108406429673
1077 864.936585069565 837.3836005540729 53.47717990662412
1078 864.8014065606443 838.3533625237397 54.45275371032351
1079 855.6900684633462 818.8410366833045 53.71605883032321
1080 856.5777895713619 818.5966202449522 54.86673671535835
1081 869.0174882456508 838.4427968241687 70.07938925343717
1082 865.3704329510133 826.9904430373165 68.27037680547284
1083 856.974598170071 818.1979275795057 53.56187453432299
1084 857.9256556068112 818.0623525174626 54.66360658315836
1085 857.5027542259272 818.4795963858594 55.95268850503048
1086 850.6651307818441 828.7128533677051 53.94767419842726
1087 850.638135697858 827.2439303400288 54.0016046158243
1088 850.8934698060241 830.164244879966 53.89976610924236
1089 866.8832358989547 835.9077379441568 71.90037759218045
1090 866.4278230803656 837.08575810403 72.56107473093363
1091 867.0996468235818 838.359769780657 72.28404331302509
1092 865.9183389349761 838.3277317640636 73.15452997949255
1093 865.1804404077984 837.0715311459562 73.33498095674506
1094 864.620854975558 838.3293016798284 73.84717652724366
1095 863.8305559184505 837.0947006076777 73.92378938688222
1096 863.2378082596503 838.3524088632989 74.34304967800742
1097 862.415037754586 837.1498031257847 74.30997260349365
1098 861.7974300564496 838.4307483100592 74.63732263982408
1099 860.9603928202812 837.2507650563377 74.49014857354376
1100 860.3468249437624 838.5055498322826 74.7147373772774
1101 859.4984475133024 837.3719808605961 74.45549739851612
1102 858.8777873593793 838.66335346806 74.58668928378289
1103 858.0611906230081 837.5420196705727 74.21329840213528
1104 853.0342492533997 838.9572648407224 71.25802446063594
1105 853.9653401708645 838.1246885218394 72.07916132096766
1106 870.4794048732867 825.9547380647595 53.65486759968675
1107 868.5941808473474 833.6298413110752 52.45943225174061
1108 854.8865741174584 819.1957751892498 52.54583066794321
1109 866.5890089324594 839.6036885198916 72.87424536819204
1110 869.774864354875 839.8137806554887 60.69374491957944
1111 868.9048986343108 823.9953485305682 59.56785429044263
1112 870.218430590759 838.7493471703791 67.4735718490511
1113 862.3632360343032 817.6858358107911 53.77021745605371
1114 860.8509103990417 817.6266306193044 54.33235096151103
1115 868.5201741282723 833.6250001355812 69.29837673638239
1116 854.671625674546 820.5169786208884 57.64750043164972
1117 866.9261639968164 822.423518524564 61.19360445380057
1118 866.0914154293907 821.4487891089384 60.66730817413823
1119 867.6508180854354 823.663241464248 61.99068079918295
1120 870.5804373418982 836.9548815869717 63.03158536009511
1121 870.6141721847434 838.0999245279703 63.94752786841391
1122 859.402710920279 827.4792071049864 70.08007719544965
1123 859.6111688398017 828.6565809184007 70.92280718380385
1124 858.3308027505074 817.7461260837564 53.39272345590729
1125 850.6273184469773 829.6277634103391 57.64480211460964
1126 858.8374967423131 818.0540286854894 55.63374668561615
1127 857.5204566681529 838.8865579929344 74.27479338747396
1128 856.6887574000574 837.7590938892241 73.77335000484187
1129 860.9803581937674 828.9422340489256 71.15889227091711
1130 861.1987765684524 817.40058406705 52.62505193562311
1131 863.7774913572583 838.063635167857 53.58768388060593
1132 863.7555896116958 839.0322102477689 54.46709474117703
1133 856.2076708620145 839.0445239648204 73.75711129620683
1134 863.0297998110331 836.0185103487335 73.9086893571202
1135 865.4249371722875 828.0332966601958 69.05593593675022
1136 858.828040284269 836.1874741418167 74.08715782589671
1137 866.4654799845836 827.8884880922112 68.1176329175823
1138 870.5199349336498 838.9561098722543 66.10830857842309
1139 851.2473156746051 832.3626149771166 65.60875000278429
1140 851.8504980202742 831.4827378355981 66.61680226245606
1141 850.6352428124355 835.1438380210418 62.67807260182173
1142 869.2921747142505 823.154948813204 55.91689912159481
1143 850.6270777102062 840.0008466659714 64.59148024124812
1144 858.4620361980997 818.4258427113746 56.77042645385127
1145 855.2151044135671 830.1366419971721 70.03578298186173
1146 853.1384484497352 831.2988756724565 68.65583907716066
1147 870.2775097067254 824.8354677646179 52.64819657094591
1148 864.856471105605 839.6095658457871 55.32266719792623
1149 868.8607948056716 822.1872118305107 54.99422595670914
1150 869.165626023456 822.3498828320315 53.49484847066198
1151 868.2834253411752 821.1902865884616 53.98575110974506
1152 852.2420637912129 839.7931690236247 70.30572692893169
1153 867.2550705991029 820.18941057917 54.37194323694016
1154 867.7186403452085 820.3742953847518 52.78190921339709
1155 854.3915908547011 835.7539759197267 53.06720739808387
1156 855.4763907483746 836.763385269977 53.35372728169165
1157 853.4171879819079 834.6868561149304 52.81942930189368
1158 859.853183049625 830.005649902391 71.76445583798369
1159 851.9826320647818 822.4029929646103 52.74755523401356
1160 864.0276548719728 839.6082474597193 74.2600775120554
1161 850.6347650057381 827.9529112211702 52.68042920879269
1162 865.8433196709192 818.9232233116896 53.11788905919015
1163 864.8246635959975 818.2923194735596 52.41670168622774
1164 855.3561849927038 837.9416222068709 73.10230858736595
1165 854.9182919174934 839.554561250431 73.05575817288599
1166 854.691833735523 836.8062015834912 72.39919713629359
1167 851.3422764278145 823.732709950288 52.78131387878847
1168 870.5422478434203 839.4280912685076 63.42939760587056
1169 867.6994776700892 839.6485767697714 71.91355471708759
1170 866.3743151008226 828.992083885228 69.01898500972688
1171 861.2545485541563 839.7524828624566 74.85537724436055
1172 852.0725016942581 830.1241437897874 66.13796830920897
1173 857.489362678092 839.8053383761219 54.93348283227184
1174 857.6718900389091 838.6689520379723 54.10641821286911
1175 858.8420873861701 839.5762346409861 54.41589010358415
1176 856.6834544169985 837.7445302186989 53.67234689287641
1177 858.0456798973562 837.8343767734835 53.00593946697413
1178 853.7774493833393 820.1149582847834 52.64582810583864
1179 853.7749838406291 839.6343635489735 57.25842897695849
1180 853.237182892704 834.1055617805545 51.40016639451524
1181 852.5565023985101 833.5369603787956 52.60975347134066
1182 850.8972057212937 830.8405326942287 55.54014174104256
1183 853.0221573203577 840.2623738397513 71.40506115962623
1184 865.1593480009521 836.6266911904338 52.34163308569871
1185 867.5421498123102 834.8337255752471 52.36097539065582
1186 866.3703235703269 835.8328434037523 52.30823576488935
1187 867.2562401228912 835.5999436991719 53.50947138016647
1188 868.837334742631 838.7419445454873 58.60944203234325
1189 852.6747790444765 834.2748542121162 54.03326472183588
1190 851.7548850161843 832.2320606112455 52.73740090205651
1191 867.9583816093476 835.5001367475564 54.66599588796635
1192 850.6921736434787 839.3137869096179 65.89520871726039
1193 850.9197000861499 839.7107698199865 67.22721495689221
1194 850.902450420275 838.2115202647049 66.8664957929539
1195 850.6676507667295 826.5435341028713 52.68660375875432
1196 855.4090533117668 837.5941127976386 54.49356827088376
1197 865.7862290286989 821.9519760899069 61.9773582014079
1198 864.8745839772442 821.0414491637612 61.35187224680781
1199 864.603040082709 821.5825793919572 62.5472461569923
1200 863.6562132485169 820.7960594807425 61.89939720817607
1201 851.0223316941137 824.5111486109495 51.44423487831473
1202 869.3921352245341 837.5070249045918 59.02245713558596
1203 858.4369282192871 837.1163807075247 51.08143528027027
1204 855.747946628517 836.1076963416979 51.27700579006347
1205 864.1607886854307 841.0503749352383 55.51823382530927
1206 866.2728848793816 839.6604961784612 56.23327622620618
1207 866.7527513357589 840.9421810495257 56.97725685386678
1208 867.8003195943055 841.0211937065925 57.94163417124337
1209 851.2724394632478 831.5866985367945 54.20453121540554
1210 862.8100651896395 837.1692154387811 51.30578902522029
1211 864.083638539202 837.2148079280082 52.4989558466313
1212 870.0498249608072 832.0097151528004 55.5827334701038
1213 870.2140886249784 830.9864999285688 54.60691076446189
1214 870.007529265316 831.192581386411 53.32499030394693
1215 870.3936519841972 829.902481519955 53.62563897228871
1216 870.5302746574876 829.5819751741641 55.04604240995231
1217 870.5967462244847 828.5638712327742 54.01388339701278
1218 870.6096986279457 829.3180674846873 56.47879589039417
1219 854.4472830158036 840.9901740698101 57.02451929552016
1220 852.7924362586939 839.5945942789511 58.37236144836898
1221 852.3895296868141 840.829341581246 59.2182781013696
1222 851.8098454451114 839.1153573129124 59.78872181371662
1223 851.6226886886452 840.6025183627886 60.51676691741125
1224 851.3098027400529 839.2250108943406 60.95228385263445
1225 853.0659037942752 838.3020592494759 57.47597310290889
1226 870.5922813901906 827.1121035396708 54.53743573786278
1227 870.6184256092729 827.2423986645334 53.20517511538468
1228 870.5630440933195 828.584481696863 52.53822624750439
1229 852.6916224487404 835.0758636908949 55.29173584642724
1230 870.0151197489812 841.0144519258688 61.49739515765361
1231 870.2482914005459 839.6104660683985 61.99768818345076
1232 870.6120524735123 840.7249088061366 64.42582883583363
1233 850.7010721440197 831.1822190978744 58.18649871007237
1234 850.9528486148743 839.7279726132837 62.20055951829367
1235 850.6252389068292 827.4416665640009 51.29904961075009
1236 870.4308207169393 839.9896434433871 66.80669605192227
1237 870.6054397042923 827.9060288854395 51.15966505967884
1238 869.2623827455983 836.4485936973192 58.10129224001271
1239 850.6357343747438 833.6893847586352 62.89870643629794
1240 850.8138958118651 833.2364731699108 64.34343335359722
1241 870.3772457553698 825.0844419565457 51.27946268431518
1242 869.8087261442254 823.500316610711 52.81388495739816
1243 869.2941795978123 822.3721268639119 52.08999829420957
1244 851.7331863224838 836.5978286078147 58.76016040105427
1245 854.1760617344104 819.6409287704181 51.3196670431501
1246 868.7107600694819 833.2025326858952 51.15798913444779
1247 869.4290190008267 841.0767563910716 60.19224480548179
1248 869.4341083804709 832.4315111528703 53.02042095458584
1249 869.9305597152293 833.0126008116221 56.58422839265161
1250 870.4944943421763 833.6474041431951 60.26993164801174
1251 850.664487830119 834.2063418628032 61.58845924061006
1252 850.9959846838444 832.8747724320394 57.96534077085836
1253 870.5608598640496 834.2074858922181 63.97789723548839
1254 870.5781815092922 833.07997105188 63.06437998044643
1255 870.6240228727187 835.5921287498397 63.52237939140642
1256 870.0018880128296 830.7789067027038 51.17782737508146
1257 870.5790317907207 830.3671224930165 57.50307043482872
1258 851.0957196645688 830.3437304392625 51.2330753931376
1259 850.6284536773136 835.9012949909384 63.91061906199816
1260 850.6578216256316 837.0600143140309 64.94426566873379
1261 870.5737607427469 830.8799792058758 61.26683018700751
1262 850.8046825791697 829.4051489699855 52.63927830225587
1263 851.1754937198773 830.8145249643322 52.61155320021842
1264 850.6923465197617 830.41782827757 61.01823751810415
1265 850.8957622343255 829.0101163057735 61.16257312184169
1266 851.2873856113277 828.4751242395213 62.47467071144501
1267 851.2568228671863 827.6004375711625 61.30348316547825
1268 851.7790791872585 827.1097632255938 62.55447010470625
1269 852.2188241477498 821.8764092283675 51.39997155456027
1270 859.1225037729417 837.5449099069913 52.01216458690539
1271 850.7506450473854 840.8391298571835 63.34128596252489
1272 850.7374500581343 826.6088267657281 55.26725072779925
1273 850.7995827558149 825.8637883517895 54.0042179202532
1274 870.4649648168037 836.4967954307604 65.76216188872931
1275 861.698599212573 839.1678982549574 54.013574774757
1276 870.0295612271351 831.5541642534045 64.97144408645694
1277 851.2807705207829 826.0330003258869 59.04166474340535
1278 851.833312543414 824.6749611614232 59.05422023382341
1279 851.7923083318371 825.4612277879721 60.29448026420441
1280 870.0427313783782 830.4343568188727 64.05690483810683
1281 869.4009551397179 826.9655749576432 62.58037788821375
1282 852.0566740045862 833.4550243194506 68.13928335651738
1283 852.4581321033703 826.7286667419515 63.80900781630046
1284 870.226976993868 827.3978026203115 59.80036266580079
1285 869.75416551425 826.1091185769077 60.18078656567165
1286 869.204663609872 825.7010622127434 61.47713636814704
1287 868.9670652345932 823.4354622890601 58.18367596336701
1288 869.5800314022456 824.158340536371 57.14924604050463
1289 869.2647564784256 840.9831776186003 69.99426225458471
1290 869.5834836938573 839.7191768954939 69.27726134818892
1291 851.6583081840802 839.2309535257177 69.19314658715574
1292 853.1848867296245 836.0723649896939 70.78506498248932
1293 851.2491973231475 837.2300941485839 67.78596028661039
1294 858.3846055656758 839.9372431737311 74.6380519843958
1295 868.620392205517 824.3499231483576 60.99798370032551
1296 867.505961719848 820.0272728955683 51.28282504174383
1297 852.4848007205684 824.1775296933696 60.32323257146254
1298 862.8639300562292 825.5432089263553 68.25889640860689
1299 854.6704832790163 832.5993593521805 70.91727866745879
1300 866.7688582858501 823.6350661127717 63.32554992575005
1301 856.8199671134735 827.0670482410823 68.90968883187462
1302 869.312577065039 833.7232504225706 68.03920335282822
1303 869.1013067785642 834.8670811355955 68.91655107482345
1304 855.2711308587706 840.9887718566017 73.41281097944521
1305 855.1970365356344 822.454586209549 62.48308144920999
1306 856.2782991497162 822.3627752709177 63.452369957035
1307 856.2798294392096 823.211669421648 64.63004474869322
1308 857.4493871573303 822.4018288872743 64.33933400626533
1309 857.4587273719492 823.2608162992932 65.46360001687822
1310 858.6698141192685 822.5522656099228 65.08509502990384
1311 858.6730054045867 821.7227114889803 63.93663498008405
1312 859.922203876674 821.9757824427738 64.59089444595119
1313 859.9320388164543 821.1940102683376 63.43965519203301
1314 861.1855735688856 821.5435839486706 63.98682342833909
1315 861.1955244472355 820.8079169847929 62.82973049031337
1316 862.4140065828577 821.3054510183558 63.35873579319422
1317 855.2456919477021 825.0976426251939 65.96630872557866
1318 855.1784000726382 824.175912140018 64.84701149139651
1319 868.170955342363 827.8417153174628 66.04377102954817
1320 867.2433592645133 826.7353603402515 66.29386559471232
1321 857.9637614510589 817.6348534562558 51.18821392509229
1322 860.8692144913831 817.2809836932893 51.268521226643
1323 863.717355715866 817.7811808051199 51.48491425455776
1324 859.2798315991597 817.728079244202 54.39902064282468
1325 866.3355185642488 820.9881181943078 59.3141118153251
1326 851.5683491112135 823.7628484172468 55.34942741215892
1327 861.512413085419 819.6392235993482 60.58156264705091
1328 868.0814246594271 830.0312250531049 67.89064249663971
1329 850.6884305606585 828.825155680983 58.94954689373218
1330 870.3845350018559 831.7537729043014 63.59967055721335
1331 867.57665004962 833.5647195390585 70.41905166319248
1332 868.2877164934044 834.7961195215901 70.08739028950603
1333 856.1707777787615 819.0966949113147 56.15576778546642
1334 863.6313316626274 817.8981952285238 53.04433724754839
1335 864.1505455243397 819.767564442207 59.38214094706878
1336 865.1829314179363 820.5608381397079 60.04970907255544
1337 853.6201113961722 821.5139744344048 57.76238015664716
1338 857.5145053263041 834.7124982044191 73.31746835619224
1339 859.99653490127 823.6319791863439 66.65955737579007
1340 859.212909212638 826.3612294699672 69.1751476675629
1341 862.283065951903 822.542835375761 65.16200376693388
1342 862.2806352202481 830.711413086936 72.02432775356944
1343 862.319681772557 829.6349176590272 71.41842170828787
1344 863.7200773202551 829.1057728757613 70.68860290964159
1345 853.6250641420017 828.3217280625466 67.2162159928334
1346 858.8340978017278 820.2520104944625 61.5422408903962
1347 862.0939124070902 818.2263650328347 56.53074386906101
1348 853.4243506739128 820.6684248759673 53.97161049320238
1349 865.0655287688932 824.841823952078 66.46715102042505
1350 865.7031833521753 835.9111155307514 72.74869529741179
1351 864.4145853006135 835.9900630860186 73.4331975874417
1352 864.8532351270702 830.1994724362759 70.82920747750049
1353 865.7093695560051 819.3816954492854 55.89003377892042
1354 857.3663065701844 836.1020585360914 73.67007302677484
1355 859.5052139679394 831.393646294968 72.45205188751152
1356 858.4355303763119 830.6120867304261 71.85389225601125
1357 870.4287615504783 830.6782642400424 56.00270643296351
1358 867.7775176051047 824.6325011258366 63.16211887895129
1359 868.1333973209984 838.409717506186 71.2607203879343
1360 865.3362017719779 833.7007029598623 72.23484898171715
1361 862.7254545860291 834.1694979844235 73.42352595668015
1362 860.2433274468102 836.0006995506023 74.19992033513738
1363 861.6347241991339 835.9500150851917 74.1413946625069
1364 870.6191801171633 833.3516737887271 61.68005517444288
1365 856.2898398772013 830.4337835728522 70.90559214846745
1366 854.4674678027488 821.17405499403 58.91488080294624
1367 852.7981116214481 821.1946710619676 52.71174818730132
1368 851.1627407265353 824.4697869890547 54.07546189911502
1369 865.3572939594666 839.5700949961642 73.65817600033539
1370 856.3286019320751 821.5719882367298 62.24957965647678
1371 861.6664730746154 837.6011757592399 51.99379758922872
1372 861.7102029012758 840.3051293868838 54.67212575876983
1373 852.3117121768452 832.0765646165885 67.86771925756833
1374 852.9520826222079 829.5674070140005 67.25723107375575
1375 866.3667229924887 841.0057476573455 73.15365286948395
1376 864.0050282116837 825.1196401580371 67.39544940314757
1377 870.0999054271334 826.3361341232672 58.82984444222986
1378 870.5815439490423 831.97425225597 62.16765772617781
1379 863.7240712054751 840.9733098973377 74.47437472452505
1380 855.9321250090239 836.6103983322831 73.15494534853886
1381 860.935767346797 817.9281597853878 55.78021968636548
1382 852.3469249359887 832.9449804213195 51.28251958937814
1383 852.1894376259818 837.9897311394657 58.63673085025998
1384 856.3313765918065 824.1039759257395 65.76059018436688
1385 855.5925396162471 820.2723303886665 58.72381862477713
1386 870.622599735019 834.4495002426102 62.60016402343631
1387 867.4700231610573 840.9817007231381 72.25355102367087
1388 858.1015050862114 827.1965056774901 69.55637097833119
1389 868.620006008408 821.415772079707 52.71103931695311
1390 857.4790799269258 821.586880782294 63.15648663383008
1391 870.5388203900443 835.8496352918174 62.11015465891408
1392 868.4973892669223 822.1069331727558 56.51211348260099
1393 855.3258604488597 818.7996248194141 51.27823434836176
1394 862.6208345587163 839.6012322287921 74.65724912800877
1395 852.4512474622749 825.8259332433792 62.7064182307973
1396 857.139384472212 831.2718873356748 71.76288593351887
1397 870.6156296181894 836.7509857825245 64.40313843092063
1398 870.5821366422888 837.8623779759941 65.30155912863862
1399 869.1540394834035 839.8536445367017 59.4834633356438
1400 868.3727747757235 839.8578124942634 58.34355319431683
1401 865.1438985615123 829.1144504930268 69.99380766297892
1402 859.7560995505867 817.492134561119 53.22037124424379
1403 863.912596224965 820.2577895694051 60.67857108924738
1404 857.5365933507852 824.1594618395173 66.54366044978795
1405 865.5749719974866 836.0424328341464 51.16325902989765
1406 865.2023898754654 825.8816071005111 67.40602125610792
1407 850.9017005033289 825.1263695129376 52.75169005161482
1408 855.8389612171165 819.6674198275908 57.46590945168497
1409 851.2739823054595 826.775635643136 60.228302342555
1410 865.9645053739742 838.5176805111677 55.37980346385751
1411 856.5975206054893 836.9514941580881 52.4805181732792
1412 858.3516033491244 828.3155825916089 70.44344488087232
1413 851.7848734415418 826.252131207753 61.46073692255244
1414 869.605422028861 825.1892488937266 59.23807822911449
1415 854.1183014990517 830.4277751434867 69.25705361823304
1416 868.6323696621365 839.6444136558176 70.82736098388855
1417 867.1450960371852 838.621337435796 56.4728556934848
1418 858.7255713059782 820.9599870820387 62.76138281561644
1419 867.2765786794688 834.7211539119178 71.16880442473689
1420 870.6242303036272 839.3658094421954 64.75061644540204
1421 860.8690288148501 841.0897083068907 74.97025691610305
1422 862.0129426400782 828.3394567422524 70.65863490848798
1423 866.3277599164126 826.7924365068429 67.32297134237083
1424 870.2586634428003 830.1429858165727 52.30710441222371
1425 857.0571442421481 818.9857151018168 57.17700423259912
1426 867.8938330474483 834.2000657474744 51.18946973512036
1427 853.8065288897483 839.5567074999556 72.15301399500119
1428 858.6729612408485 823.4016395265975 66.13456090923991
1429 850.7410753753113 830.6638484402214 56.88933979404277
1430 856.0824233824238 818.4657299356612 52.48057393892301
1431 862.596466672817 820.1189131430546 61.20804219369654
1432 852.2781049819134 841.096650933787 70.47609113206768
1433 851.0378920730774 831.7179002976943 64.41018802354473
1434 851.0108021200811 841.0073437101411 67.71014709575275
1435 869.7152604542184 838.5302707941673 68.8022114298103
1436 866.1605310091886 834.7487757494245 72.09014475598937
1437 859.4942856717852 840.5470729025335 54.77063904632209
1438 859.799591044252 834.8985931005485 73.86036284105171
1439 860.0100443314378 820.4998027148771 62.29507725409884
1440 859.7090292443569 839.7010282156923 74.82795682696516
1441 867.3632259208723 827.7963771505937 67.10115313584622
1442 852.5676286818951 830.7742836831895 67.49877205529664
1443 858.1199233282741 818.9465293676326 58.14330245737088
1444 859.9181565047027 822.7563067811288 65.61771939303374
1445 867.200394952106 830.2308143998221 69.06311352566709
1446 850.9001093499612 828.1711748947148 60.11542544838976
1447 858.5887323120521 829.4665167370907 71.24302766150457
1448 862.7727266179834 838.618275381175 53.77239499199502
1449 866.7770868550029 819.4799801581302 52.31380354790264
1450 859.6206511985999 818.4990696622104 57.65323324317244
1451 867.4500438357214 839.7855190150868 57.28779190411161
1452 865.1210950556448 818.3399701222796 51.1169702561588
1453 857.361287758765 817.9093059520736 52.38100709921042
1454 851.2424160262646 838.6890388430328 68.11546601648351
1455 870.0768786801469 839.798796156311 68.09849328820366
1456 850.6264682883749 841.2159659709523 64.75456767646284
1457 870.5399725459273 826.1287781611686 52.40685781740858
1458 864.9386430751608 834.8348784569957 72.84967666292974
1459 868.4448795253685 824.8200912865259 62.13030557007955
1460 850.7155613410164 837.8849655001554 65.75577642943327
1461 857.9254262858216 841.0768324622322 74.60117065415747
1462 862.6696481474119 839.6494823460276 54.51863731387278
1463 863.7355257937645 840.0367714307615 55.03286538702508
1464 862.5744987571495 817.5672071252463 52.53070878371825
1465 861.2553689410913 820.1898625529994 61.72776129365798
1466 866.5793551098689 822.8257560136203 62.38566036868779
1467 850.68867122683 829.5924946231418 60.00849951904011
1468 859.6116018861063 838.995846226939 53.86712715083902
1469 855.24746115219 835.6984125761287 72.4981422715355
1470 867.3235353701542 828.8603355626082 67.99105778077872
1471 861.1325764935096 822.2497891812422 64.98380236367711
1472 862.408375079136 820.6959778199398 62.35354361654777
1473 866.6608531718648 819.9177816310013 55.40308947475617
1474 853.78546115577 836.708934164679 71.5975013873868
1475 870.3617861471398 841.2011013752124 67.24453003464387
1476 862.7750288318992 837.8405845661204 52.82653808619727
1477 851.2483215282132 839.9694111579087 68.33653108729237
1478 850.7234618883272 835.8432295791881 65.10398902060557
1479 866.7642339041993 819.6049279050866 53.38904018530954
1480 858.7441912335197 817.5290876096794 52.28053820834454
1481 868.9938611297948 823.0556828664847 57.13232591959252
1482 863.6258398468351 834.9765108391078 73.43747750658514
1483 869.2606010252302 825.0463591954033 60.28738573208624
1484 869.7607680161984 831.531856981598 52.18759005117756
1485 850.6245660014059 830.0501696411208 58.86400351549234
1486 859.8368765327264 818.1012124489096 56.36306753605002
1487 855.0086160570347 831.3390738575375 70.56059100480152
1488 861.2379329613043 830.0229678541843 71.78671576575437
1489 855.2757682603522 836.139443597557 52.37111429264436
1490 851.4809897595285 831.2140600356526 65.53041388980107
1491 857.1177617182771 839.9727867726547 74.25880771056535
1492 858.4672842519321 835.1582434058141 73.72872235793045
1493 857.8397095260445 837.2300358453707 51.98843946530878
1494 864.2834909959149 828.2582718392244 69.87846900373023
1495 864.3125281051814 822.0974307161571 63.57536561806584
1496 861.5854470818458 837.290611887238 50.95472159652962
1497 861.5999755986177 841.3039221907022 54.95906488470124
1498 862.2277039679085 821.8868266011378 64.2849778941233
1499 857.481636997827 830.2284846057432 71.34266342444477
1500 859.5590476124473 837.2716498739204 50.91119625892685
1501 863.4796762959472 821.4063149979297 63.04122487980965
1502 858.7017811737428 838.6316729363969 53.72000560739626
1503 850.6448009573122 834.5867147879526 63.63677543486774
1504 860.1411982543849 817.3449884432886 52.08977937753387
1505 851.2523926736379 838.1187278745699 60.74653164736319
1506 855.951356024134 840.1484308907268 73.74859906413954
1507 869.3271454572282 822.3400141834793 50.88543878819378
1508 850.6884958257991 829.8477727014468 56.21484197415678
1509 859.9529955568572 817.8387980877445 55.30774329705519
1510 859.6695346299562 841.4100873049114 54.97599408181721
1511 870.5925640110701 839.985582188017 65.63317860981849
1512 853.0463085515602 841.4068124163987 71.50855452482671
1513 862.3316400339698 835.1109324639434 73.80701391880521
1514 869.4480435308328 824.4370990704829 58.43534182339995
1515 869.0994040872266 832.7592784429131 51.98650152130466
1516 851.2510021814755 840.1583901883698 61.32472371675016
1517 853.2732346922222 830.297281762181 68.20939586882221
1518 870.6231284175502 827.236686332912 52.07086393487143
1519 865.7417142213787 818.7416116370511 52.02667832006611
1520 870.2966534690604 829.7844864131265 26.51765106238731
1521 870.3443532879056 824.896300572924 26.36987313261138
1522 850.9850606073413 824.5838988502588 48.80539188338317
1523 852.4106632442863 832.9498638031838 48.7340460895742
1524 855.2742965466173 818.7972402339561 48.72611250782013
1525 858.4775177217992 837.0126301839374 48.72051173091166
1526 850.7116551871513 828.5648714638075 3.885038531701583
1527 870.4480183490987 825.3765454791694 36.41141757359635
1528 870.4307669461989 829.2034968807227 36.67797853999786
1529 860.8696850307175 817.248787699492 48.72611250782008
1530 864.1189145414781 836.6152731364516 48.76463181770925
1531 866.3823546596662 819.0699277549387 48.72611250782018
1532 870.2282656003778 824.4595021663763 17.15839463642935
1533 870.22826560038 830.032049606524 17.15839463642935
1534 870.4529084944095 829.089120486631 42.38585916807263
1535 850.7697891518563 828.9455267808092 48.6987609511768
1536 867.7447934742238 834.2670424781475 48.72021745889617
1537 870.4624326817338 825.4539586332648 42.53148896579468
1538 856.3251735062006 818.2170580521889 3.734842695782733
1539 861.4640646380575 837.2104509728365 3.439800945446085
1540 869.3159524834217 822.3006061893478 48.73483093973242
1541 870.2587136347437 824.5666811230286 31.43879654584234
1542 870.4048392894902 829.3291668911196 31.6819032457854
1543 870.1252162980722 824.1261490481007 10.06727451671981
1544 870.5215566602595 828.6753811153145 46.04623799531447
1545 861.3376645774794 837.2202970325566 48.76463181770922
1546 863.7610901494771 817.7504940805239 48.72611250782015
1547 855.6952908231891 835.946645797541 48.72611250782016
1548 853.052184280423 820.7140474569153 48.72611250782013
1549 857.9571451707394 817.6080152284992 48.7261125078202
1550 869.3987914031902 832.0424228742592 48.82588365830654
1551 870.1252162980732 830.3654027248044 10.06727451671981
1552 870.5254120841089 825.8431213326899 46.09981670938564
1553 864.666976940175 818.0993808154851 3.880305983827697
1554 870.3480729312876 829.5798088653614 48.73020497787478
1555 868.4425875701664 833.4806739050413 3.846012071747751
1556 870.3812940458724 825.0547634848856 48.72611250782017
1557 870.467266612526 825.4807059916819 38.5793929506189
1558 869.9569714349905 823.6540165444409 37.58151455268829
1559 869.9006463663493 823.5109542781082 35.41373995364969
1560 869.0925795171743 821.9271500845581 36.63115345883548
1561 869.1821574078601 822.072516748781 38.76053050655119
1562 868.0376990762119 820.5345084920706 37.84532102707639
1563 867.909397034755 820.3954500482245 35.70644132721502
1564 866.580778738548 819.2133393722556 36.94196251794963
1565 866.4245661992251 819.099820089218 34.74433249008313
1566 864.8781083851966 818.1956442658457 35.99071306150665
1567 864.6972346398929 818.1128146248086 33.66471554625036
1568 862.8908283685428 817.5060261151511 35.02393009032295
1569 862.7275577662499 817.4694681927778 32.64576024798888
1570 860.7718605810403 817.2468650542285 34.03903051510363
1571 860.5561768575461 817.2460077416396 31.69645109261453
1572 858.5137932508198 817.4710187895953 33.10046068238452
1573 858.3447065571802 817.5090629917893 30.61068336282774
1574 856.3248747852455 818.2172002967237 32.04640640801513
1575 856.1459343135753 818.3046079040669 29.50954582480962
1576 854.4024754131246 819.4170315455642 30.96078197012112
1577 854.2324098399351 819.5552564893889 28.3708092668806
1578 852.7463184887329 821.0864060543613 29.85700631000925
1579 852.558200834782 821.3348974465482 27.16678745168146
1580 852.900128822856 820.8945869692129 32.43443853387238
1581 851.6402157426938 822.8541110801912 31.37698249836647
1582 851.7535509191213 822.6294684574322 33.86453136607106
1583 850.948391624997 824.7204393658786 32.84560273262022
1584 854.6241536988783 819.2458651727942 25.4416672483514
1585 851.0239399537277 824.4469171391295 35.24216247852939
1586 850.642554750203 826.6413705070711 34.26562884397492
1587 850.6298450422449 826.911987203791 31.85972120285245
1588 850.7552836416065 828.8591741843001 33.29870723218122
1589 850.8206332976962 829.2177428176487 30.82153314146803
1590 852.5225319636119 821.3838823098604 24.3795621016704
1591 858.7874414272633 817.4159208158849 35.46413511348049
1592 851.8033182173203 822.5350688044948 36.21061606243746
1593 850.7143434342266 828.5849177929849 35.69707159873972
1594 851.2397416123368 830.699842390003 34.75436480100328
1595 860.2765632638486 817.2518228088986 28.99350556251909
1596 851.1161261622773 830.3433795654613 37.06318814695634
1597 851.9968580732892 832.3022288006963 36.16743092305769
1598 854.0264406159713 819.7312159398746 22.75617071925345
1599 852.1910892933873 821.8716325255787 21.42841142120263
1600 865.1274707451548 818.3171025373059 38.22138723790916
1601 851.8566833965015 832.0550769799141 38.3640331726777
1602 853.1851109426037 833.928505244323 37.77967555221966
1603 853.2418538114053 833.9911365648549 35.33444315719839
1604 854.7273361907771 835.3220460199827 36.70561697504405
1605 854.82586196506 835.3930719054673 34.44242464507415
1606 856.4894684921122 836.3509059671434 35.82173231519371
1607 856.6335161929842 836.4149559009732 33.56789663224969
1608 858.1862218710622 836.9440184042362 35.00257296902126
1609 858.0404209596333 836.9061956469376 37.24820769230318
1610 858.6941585736264 837.0577409946055 32.66729293224969
1611 860.1055944825557 837.232315470292 36.40773906473652
1612 859.7571022729907 837.208105702899 38.57402040408282
1613 861.7333386125214 837.1840842386123 37.83044192926993
1614 851.0770145916787 830.2206476054603 39.15101338405616
1615 857.8216737714024 836.8450174705824 39.38495885452688
1616 852.8226497155623 833.5015474694763 39.71573140215491
1617 856.8590771783365 836.509862584079 31.13716841442599
1618 859.2271792265616 837.147701441586 30.26817098156866
1619 857.092196374404 836.6012254485456 28.67078652711825
1620 859.4817491430026 837.1802934800651 27.67012140742206
1621 857.4282881851921 836.7213066204213 25.9961402335102
1622 861.411188827006 837.2147659597085 39.87884304959622
1623 863.3594552116067 836.8644440311106 39.1132342073012
1624 863.7841834093639 836.7333975376539 36.97174938965921
1625 861.7142448551077 837.1861964409501 29.32176295618792
1626 861.9873279376266 837.152444375062 26.68161494370694
1627 853.8891530119701 819.8540127561042 19.67951130716019
1628 856.1607586073472 818.2971982598906 21.02928214380897
1629 852.0960963060967 822.0236875476149 18.29542288001285
1630 851.0135789438334 824.4827042893236 20.12235613352731
1631 863.0658302896331 836.9431361849385 41.13499460427202
1632 864.8248377317904 836.3207554344112 40.38786652613766
1633 861.2760599459464 837.2245119509722 41.93026988544505
1634 856.0769676351197 818.3394850629275 17.90769176590567
1635 858.8140780957325 817.4109807523395 19.34597222023889
1636 850.9476059928373 824.7234514509031 16.85580358024443
1637 850.6254699488816 827.4005099635265 18.80440241520817
1638 864.7350291872389 836.3617882535252 42.2532864383269
1639 866.2239495033002 835.5309204360684 41.56369742767512
1640 866.397079849358 835.4112335062996 39.69738232580045
1641 866.3209568647993 819.0270296289782 32.44494537728366
1642 858.6809926249375 817.4364098328765 16.09871035842868
1643 868.1688623708375 820.6823036815115 39.91559461702474
1644 864.0718128604217 836.6327065432722 28.3413329783354
1645 864.4152019437678 836.4993619920467 25.67153325965516
1646 855.1365472439735 835.6054929163565 27.07153721784899
1647 855.427329885429 835.7892988664253 24.31569647462283
1648 852.8383250168059 833.5210462365069 25.13820990817239
1649 867.5945362576717 834.4162310024634 40.92322180640501
1650 867.300325828059 834.6909296953877 42.74455455011983
1651 857.8966474166244 836.8665897847346 23.13265070014542
1652 855.738643612461 835.9710625851552 21.38231274716834
1653 858.3209353925934 836.9768928335864 20.17807384997014
1654 856.1177126080513 836.1727527391002 18.19729431185278
1655 858.8373062405511 837.0848180507218 16.97123737420613
1656 856.315035758295 836.2696595619134 14.9508994598054
1657 850.6285805835956 827.5392689949181 15.50225827126297
1658 850.8998409157414 824.9143759660963 13.45532546029077
1659 851.0983369918331 824.2033183243407 37.53085074893418
1660 851.866320768764 822.4189469923024 38.48872035852903
1661 851.1714002893143 823.9833837691062 39.72901541798529
1662 851.954177437001 822.2628603401326 40.6218459942328
1663 851.2559981756584 823.7478577078364 41.78081054876341
1664 852.9274598336821 820.8614927629801 39.43659399174494
1665 853.0390683007114 820.7292834610032 41.47640001317327
1666 854.2516971003782 819.5392669720773 40.3267491408359
1667 854.3176675523731 819.4851875751087 42.34331565827862
1668 855.7167379990715 818.5327911675 41.24405813195149
1669 855.7431998914446 818.5179395111815 43.19375803234484
1670 857.2247845750114 817.8413364997177 42.14285742873383
1671 861.6115831240733 817.2946343330274 17.55592229038888
1672 861.7443534593306 817.3087029172908 20.84729062875779
1673 867.7908292440892 834.2200477446727 39.00191888978763
1674 853.1767692054403 820.5723441589997 43.53750449502243
1675 850.6276130092505 826.9873303062668 21.95086065526368
1676 861.3240291299309 837.2212628922312 19.03288687762295
1677 861.8230143764587 837.1736668257307 15.76257179983077
1678 861.3859906990114 817.2748288020855 14.2714995196866
1679 854.1398766910766 819.6331148661834 38.33504124351884
1680 857.3323220111691 817.8031565272495 44.0152798096849
1681 858.8550677565902 817.4035244312603 42.98065468739998
1682 858.7345396605023 817.4259536442994 41.09279911929991
1683 860.4021582453755 817.248242933328 41.95768135630814
1684 860.5346963376381 817.2461770911444 43.83044330368524
1685 862.0554761766357 817.3487229544612 42.83137041025331
1686 853.2841849205893 834.0371756481226 33.02314749137935
1687 850.6249035278249 827.1334582614878 29.35283872934109
1688 868.7799301477628 833.0324201935376 40.24812706550965
1689 864.3744457815659 817.9755977760042 19.06994580014263
1690 864.4971770395055 818.0261982209983 22.25568177790455
1691 860.3433534322676 817.2497224482485 39.99948497363242
1692 866.2758194460023 835.4956255755023 27.38831281925878
1693 865.8961132349766 835.7432871605491 30.02314775929464
1694 866.6728436365554 835.2091162770008 24.6506209136142
1695 862.141420474985 817.3615327304567 44.67411348984653
1696 863.6160692579061 817.7038078699347 43.71257995839399
1697 864.1208443063118 836.6145531449881 17.70424761836028
1698 864.8103413419914 836.3274513764368 14.5125506442703
1699 850.769815233586 825.5458737874676 40.94373807009334
1700 850.7905789726677 825.4296077272749 42.88367746262226
1701 850.6263039260949 827.0442331206096 42.13206015401674
1702 850.6307332609848 826.88637559194 44.01599568173231
1703 850.7061984851306 828.5231963207888 43.28046562990202
1704 856.3020849989018 818.2280880961569 14.52269307629628
1705 850.823320887466 825.2604943757468 44.77177351227088
1706 850.9847096655341 829.906381762494 20.7283815876078
1707 867.8780942362828 834.1292396787366 29.10400622137347
1708 867.5013832480151 834.5056210043621 31.64611233942617
1709 862.2502698089393 837.1126970653041 12.36440021820042
1710 855.8767736202537 818.4445684661105 44.99706103453304
1711 867.0218604039944 819.5600181390548 20.49168401523906
1712 866.9549948926771 819.5048484810928 23.64667238729643
1713 869.2157339556335 822.1284724681929 40.78319241743394
1714 868.2911542872513 820.8255790495531 41.8803755329678
1715 869.360936319324 822.3805205388294 42.76871769744145
1716 868.4119245053326 820.97262037528 43.77249825577142
1717 869.3034625529857 822.2787179760395 44.58697803394192
1718 868.4767668163705 821.053979954195 45.54741690084213
1719 867.4129505067255 819.9031704732463 44.79608650719023
1720 850.6407638090476 826.6717120258661 45.8114428112829
1721 850.6509489854252 827.9757164162246 11.83913377850281
1722 850.8360416664118 825.1986969083384 9.865567975362346
1723 850.8785223158848 829.486389321189 28.27976194437026
1724 867.0043020292346 819.5454365213012 41.07422703913257
1725 867.0934921578222 819.6202135993136 17.38741076779596
1726 865.3178849121171 836.0758384473453 11.0849407517228
1727 865.666073994552 835.8817610743132 32.51587216685549
1728 867.2065415822741 834.773972015691 34.02377623456572
1729 868.9377034292679 832.8033716135619 38.28247467561929
1730 864.7589881642363 818.1406054648774 25.21868743483746
1731 866.9823831163413 819.5273283409932 26.52479710926972
1732 869.7156762145418 831.4106748003362 39.52191768305263
1733 853.7199722704769 834.479767519763 16.23037751547072
1734 853.7732421070075 834.530237375859 12.75905135856032
1735 863.5811415393663 817.6929267336733 45.47981877436533
1736 868.772995914552 821.4493709045764 22.00233765924084
1737 864.1567522844769 817.8904785471591 41.94694487895423
1738 860.6040059303098 817.245796423665 45.64605481954118
1739 853.1204785321738 833.8558494415857 28.2264373297198
1740 864.9116917791119 818.2115056873672 28.12471024487535
1741 868.7136770311117 833.1246821030653 33.24398335192634
1742 851.3872401903648 823.4146886288181 25.96599557256866
1743 869.5695100467144 831.7159805377792 41.51690456885544
1744 857.4308496048133 817.769381601463 45.76298625803592
1745 858.609975057566 817.4507462885183 39.14640985187116
1746 866.6604875869089 835.2184862404175 37.72813474613875
1747 851.8968703680403 822.3639270827578 11.33956349703741
1748 851.8306135530177 822.4843099350148 7.418268592348323
1749 854.6291201451048 819.2421426303546 9.256569017505035
1750 867.1194282276481 834.8492589871483 16.927196854756
1751 856.6005344142237 836.4005303802418 11.46910550652282
1752 853.6266799019061 834.389563005026 9.189297334225838
1753 865.1771587733438 836.1492150431699 22.85866042440303
1754 867.1844505709702 834.793230218746 21.81938854250215
1755 868.5623429665764 833.327473113795 23.64102507528744
1756 867.5229843398909 820.0064542098576 46.50175212519557
1757 866.1632856738364 818.9199524569319 45.76230177641891
1758 866.108661877515 818.8838696535133 44.05577381617869
1759 850.6250262843195 827.3685366653291 40.1871847789587
1760 850.863934146033 829.4219630162794 23.90218582160436
1761 869.3502184495607 822.3613238629862 46.26520476742281
1762 869.1375203322627 832.4921666006735 20.76132719259104
1763 859.956514219287 817.2680958679985 37.94405199526001
1764 861.8226902151301 817.3178458117378 38.87225031855716
1765 869.9500299752153 823.6360318384402 45.39199850277377
1766 850.6459968264937 827.9045700003062 26.65544936643618
1767 850.8488425517473 825.1384162761068 46.47729858954357
1768 851.2517942039021 823.7591376793081 45.54043014752467
1769 850.6536317392693 826.4800618895025 47.52040075556599
1770 850.6854387321504 828.3501211473858 47.00159575966281
1771 869.9756885585101 823.7030336869789 47.0699707251046
1772 855.9937444110913 818.3824690913376 46.67441123865972
1773 854.7928349168086 819.1220862782612 46.03053533624833
1774 851.9479020996681 832.2177566201642 14.30293784031175
1775 862.8954603862875 836.9844465709094 8.837075851907619
1776 866.8873708160295 819.4500332945797 29.6071767069213
1777 868.582044773049 821.1898808776757 27.92441084010619
1778 868.7102136588419 821.362107001674 30.39556151047135
1779 869.7493269964052 823.1551298595051 29.1964763356545
1780 868.2220116751981 833.7476497052811 35.48328566198843
1781 869.5927561214836 831.6691576170385 34.69585364258796
1782 851.961937930612 832.2421701418158 22.61274810552865
1783 856.8662111606602 836.5127588434177 7.790243989547553
1784 854.5261028125002 835.1711984914907 5.408475424611122
1785 851.7270817787858 831.8108599932428 29.93736055959072
1786 865.173030212864 836.1513250274661 34.97362097455328
1787 863.516066574949 836.818525149225 33.39254048525497
1788 870.0523674205506 823.9124546001037 41.68094493697201
1789 869.959606771213 830.8306801568792 22.65798488961791
1790 852.1657988397793 832.5800255231388 19.52622068617584
1791 851.8770951022744 832.0921026684704 26.59583549809042
1792 865.9534790200742 835.7074282359005 7.420923320959047
1793 862.3906429283262 817.4030152789225 26.94390707295771
1794 851.2177870749193 823.8519539510244 47.34874314652123
1795 851.8790810327611 822.3958664122815 46.30946879950034
1796 851.8486592302619 822.4511322676437 44.59891915461876
1797 851.9934083777553 822.1952135152109 47.904630928095
1798 852.7694037848923 821.0569930003053 45.34274645472692
1799 852.0785564592061 822.0524404308538 42.6700701646818
1800 870.2364501198618 830.0036819986258 40.83427994816702
1801 870.3223802371497 829.6843638139552 38.91797634016167
1802 858.9566244009625 817.3858088987301 44.83891772294283
1803 858.9148577094763 817.3929640931302 46.53978061057981
1804 859.4321104942792 837.1744590401655 40.66394002438248
1805 857.676292079423 836.8013716288718 41.42313304186771
1806 856.1174895656738 836.172640138259 40.20288577462977
1807 855.9309902975285 836.0760137011273 42.17184524119289
1808 857.3193070866582 836.6838478290683 43.33830934889193
1809 855.7288562240244 835.9655750287159 44.06459753159306
1810 854.4842075276429 835.1387853961797 42.9521788084757
1811 854.3160690687213 835.0050649242744 44.77587809379567
1812 853.26263964259 834.0138153410029 43.72072437763632
1813 857.0119483101195 836.570533908711 45.15102912129755
1814 858.7842932530889 837.0750421595567 44.46361954425789
1815 853.1369959394331 833.8745530006378 45.50276541884242
1816 852.2691533949054 832.7404988674183 44.46292073230383
1817 854.1617875042199 834.8770460629321 46.50356792098446
1818 852.2875166295129 832.768320360043 42.69247171624706
1819 852.1801281032757 832.6026799607691 46.18226564767864
1820 851.5084566758059 831.3569676095123 45.1936476044002
1821 851.4083431137533 831.127353017329 47.05678770183931
1822 858.389916026605 836.9929626627903 46.16348322653705
1823 859.9962290099852 837.2260344535603 45.57928488524686
1824 856.7106771561333 836.4481543595983 46.82765434971302
1825 859.7594063319403 837.2083059911372 47.24569465619636
1826 861.3202738980975 837.2215256024184 46.56859357206616
1827 861.5668969638482 837.2012497367014 44.9663675983407
1828 862.8510271673607 836.994702224501 46.00816890107609
1829 863.2469487886697 836.8957277191066 44.37303616564216
1830 864.3939186745897 836.508052581155 45.43849623796559
1831 850.9466127082263 829.7642865978085 45.90487708124405
1832 855.5074029663346 835.8374953687926 45.80823137591577
1833 853.0474433006829 833.7720041665824 47.22105628978774
1834 853.9960571054671 834.7335497498526 48.18747620928646
1835 859.0175441257574 837.1158530463622 42.60968463928631
1836 850.7158279685432 828.5958581440484 8.255597057627185
1837 850.6714175763091 826.2758923978987 36.64148418971718
1838 850.6694430042738 828.195178237126 38.15878788217815
1839 852.9698525983709 820.8107271522618 34.8906977641843
1840 854.4500718452618 819.3794398115292 33.48663158866383
1841 854.3882142531387 819.4283866496299 35.95656844083464
1842 856.6052856532154 818.0889345777845 34.64191482167391
1843 856.3750858708166 818.1934606630357 36.99902708534281
1844 862.011680745849 817.3424886018938 46.42630465690944
1845 864.1120488324535 836.6178310488602 47.07576380720987
1846 865.5317012104681 835.9588204669146 46.44690032161589
1847 865.8120534446814 835.7948653945283 44.8588914101941
1848 866.8168320872992 835.0976679385734 45.94033604693795
1849 866.4285444151435 835.3888975473911 47.56273135469038
1850 867.7269407317644 834.2851016692765 47.01228450687433
1851 867.9558357125984 834.0463776583034 45.42781765035338
1852 868.729911460209 833.1022783432451 46.44766071656331
1853 868.9246719048673 832.8228157639301 44.89504779060869
1854 869.5520730930588 831.7507044046325 45.99534133930764
1855 869.7009908487163 831.4425828244141 44.35884871362429
1856 862.4430596214728 837.0789856523312 47.65042819116058
1857 851.7546350380792 831.8641659673514 40.45876115982789
1858 850.9922975054674 829.9337217519153 41.26702321580086
1859 868.444538438309 833.4782268083362 42.12726752992719
1860 869.8688655319143 831.0585838036109 37.41392156119986
1861 855.8243488626597 818.4730493593665 39.08981750935592
1862 870.1782171777572 824.2924479694963 20.74102727723417
1863 854.5961305716997 819.2669600637515 44.20895613401161
1864 870.1756124220585 830.2075169930924 45.58105124637483
1865 870.0472498817596 830.5935366140577 47.11651408552447
1866 870.4741093887461 828.9722515164908 44.4508450549903
1867 868.783707092332 821.4644584639691 47.32536268305225
1868 867.5662501916341 820.0479325193622 48.0733732069344
1869 851.6009298902369 831.5561452113055 10.87731785512659
1870 868.9758720316694 832.7458476462616 30.8755250104814
1871 869.555065174587 831.7447698393644 28.51154721301068
1872 868.9734713610985 821.7420605525126 18.91365957708842
1873 868.9698718802864 821.7366039812377 15.62433135786981
1874 866.3255856272466 819.0302399073304 13.7638767773796
1875 870.0588833062727 823.9309420193799 23.50624391581585
1876 868.7267177798602 821.3848557824981 24.9668520191299
1877 869.9892900945794 823.7391464433565 39.66882432534968
1878 866.7595733807018 819.3490622589042 39.07447238085425
1879 865.3842356434056 818.4513030079673 40.28544892320691
1880 865.6967813319995 818.6277913982018 42.21566278245517
1881 862.0058940962385 817.3416796408015 23.88522185878912
1882 859.7305726448957 817.28579094017 25.81734949046545
1883 858.5017640584975 817.4736237758052 22.97560218010742
1884 856.9979036355861 817.92647081157 25.03445616653919
1885 852.9060955333598 820.8873373578359 3.758375862647033
1886 850.9895895966798 824.5675524786502 3.770551834916289
1887 850.6781261378699 828.2821964863008 45.17059725540662
1888 854.7460060754288 835.3356449185017 41.02977878734617
1889 854.8083546791204 835.3805836312819 38.88817658959127
1890 870.3220172454879 829.6858069544319 34.22821995785613
1891 870.3522729985289 829.5622410981098 29.09513097291177
1892 870.4588148530381 825.4342070815771 40.64914034673426
1893 870.1186034538703 824.1060809331425 43.55917608304427
1894 868.1917621339912 833.7828321318041 26.56476045499393
1895 863.769149124631 836.7383915723385 30.91532245492325
1896 860.9548121611723 837.2403115782547 32.21975776847576
1897 870.5182080684255 825.7931768965362 44.34080223593443
1898 860.5015660124361 817.2465287619118 3.787365483486616
1899 862.7591143363668 817.4763106307787 7.429311921945189
1900 866.1000239093939 818.8782105780167 7.56253426634102
1901 868.1821609833759 820.6976215370539 4.171324222403276
1902 864.3843824401619 817.9796237679095 10.57711626456633
1903 858.6352126510218 817.445590176958 7.451565200958692
1904 870.1788734974861 830.1969797882346 13.66089341354109
1905 868.7743696793613 833.040249112593 12.06437021344543
1906 870.0739330624622 830.5174604515929 6.202084892310697
1907 870.1021951332912 824.0568909385852 6.348488807592946
1908 861.5217905706583 837.2054175342995 34.51070603346724
1909 854.7261946759627 835.3212124124753 29.74276388221479
1910 851.3564267736314 831.0017086656666 32.39223672701618
1911 851.5335450177345 823.0794022378384 28.79064533754294
1912 870.4155365155298 825.2132518926368 34.12126107699543
1913 869.730900178718 823.1142704958827 33.09755563608123
1914 852.8405885473632 820.9676981309722 46.96717688917045
1915 853.7900518654027 819.9455413037697 47.47738975524884
1916 860.314819504018 837.2409866741936 21.99520897297284
1917 870.1892263103982 824.3283003850868 13.70164986176298
1918 863.5596116418461 817.6862892075825 47.10118980013852
1919 862.2899427068967 817.3854744924977 47.99187459047256
1920 865.1100893294916 818.3083573791516 47.81373383712884
1921 868.5088240217392 833.3966986767462 8.298191115890273
1922 869.9564183437476 823.6525797419515 48.63280581589801
1923 869.9551560094641 830.8422488133693 48.74486652113336
1924 859.4106807582372 817.3196893218263 48.72374748795874
1925 868.6710046184813 833.1829558705996 48.75847644120223
1926 859.9556876716059 837.2234005536272 48.74291512185073
1927 857.0564925779638 836.5876678081274 48.73087224347989
1928 856.5724774549283 818.1034044805547 48.73408422722645
1929 851.6914392142862 831.740715830864 48.72535806205067
1930 851.1492760723377 824.0482083666323 23.13134695981105
1931 865.4167626126876 836.0225657821265 48.76463181770929
1932 850.6272524081317 827.489874994404 48.7253580620509
1933 851.1313551564849 830.3897408430673 48.69760323926949
1934 850.7269544313544 825.8164088276696 38.85198278716402
1935 867.2683175760824 819.7720440014424 42.9903183149102
1936 851.5230055711629 831.3890759988731 43.45886343600056
1937 851.0106038776007 829.9984783583232 44.21136972053204
1938 861.1187050281031 817.2580065299908 10.7954291510915
1939 858.009464324584 817.5936892249089 27.84040397639681
1940 851.2174779567983 823.8528108404358 43.74042586419825
1941 852.9241624497721 820.8654701387779 37.20840572165874
1942 863.341019790034 817.6218844959642 37.30349918784118
1943 851.1129100097411 830.3334900748262 17.42103656553708
1944 860.3381392696518 817.2498703429824 47.3772764219656
1945 853.1720927702022 833.9139850625348 30.703709487915
1946 851.7936889060655 831.9384072436952 6.674291796354851
1947 862.2226267025029 817.3743390797833 40.95570424206075
1948 856.2778903850123 836.2518272063475 38.0568101628746
1949 868.9570335242529 821.7172048410702 34.48662552900333
1950 864.152812552661 817.8889918861051 15.86731177107003
1951 853.3917179966426 834.1515815458226 41.91240931764478
1952 864.896743407847 836.2871250357384 3.585040527661347
1953 851.9852742697146 822.2091395748255 14.87982723305715
1954 862.5322864715972 817.4294892351294 30.33070290524712
1955 864.8774311424571 818.1953259722078 30.60685301784438
1956 865.0745364347096 836.2009505411654 38.46925208826615
1957 868.9398797880255 832.8001146872541 15.43887517857136
1958 863.6519946405533 817.715146309866 39.97767911296496
1959 852.0688367693608 832.4230836094323 33.9988935796388
1960 850.8848026448785 824.9780188096577 30.43458123873997
1961 850.9403112982392 829.7399472294489 47.36082204500953
1962 859.8572068504071 837.2163129789384 25.01462741526386
1963 868.5077370217535 821.0934599806482 48.78518169821238
1964 868.9205561494543 821.6626153405764 12.07585710262795
1965 854.8580751622077 835.4159022888169 32.1579693493283
1966 869.750418590584 831.3339860099694 32.56493369252541
1967 857.4864047510908 817.7508412131796 10.86900623937554
1968 853.750697981316 819.9825830650179 16.53228956083937
1969 859.1801903788271 837.140957851345 13.66337438058713
1970 857.3051679109265 817.8126670088253 47.42467809527805
1971 857.1216301712362 817.8792666649218 40.27886445542813
1972 870.1781465707247 830.1993322057813 43.39443131142331
1973 870.5609962631021 828.3689525130252 47.70740558931812
1974 867.7916708830581 820.2723689760882 33.56704281859568
1975 870.5533095348667 826.0565625182365 47.72348056111664
1976 855.2648290839097 835.6883088972498 47.3658225853433
1977 868.182203509225 833.7938811521428 43.85150432708589
1978 853.6577866861658 834.4199010585771 22.68033420332589
1979 865.0622265145023 818.2844943740762 46.35819180449401
1980 854.0995260480099 819.6676705471386 48.79211523553608
1981 867.0731269463341 834.8885685368023 44.38452118960338
1982 861.0681257396442 817.2556310166547 36.16807940521069
1983 850.6994773995001 826.021669134461 48.82703417312123
1984 870.2858739128758 829.8252066147934 20.00467598034986
1985 851.4821751884522 823.1933627464032 48.8386260510965
1986 862.559119114047 837.0568089375689 23.89314395995219
1987 860.3321636861958 837.2415085908374 43.88868613203308
1988 866.3698319443456 819.0611225955436 47.24827324797012
1989 866.0521381000603 835.6444827924379 43.24953415780572
1990 866.6170494106007 835.2511882956976 48.88023132762191
1991 864.9524673946154 818.2309696722718 44.77546798523418
1992 861.8478035220731 837.1706422552645 43.36990827950695
1993 869.5802773608947 831.6943690718092 25.49591818225737
1994 869.3520814980059 832.1268981323576 47.48771300621429
1995 870.4438846329181 825.3549500403711 29.10200030174182
1996 864.6096969108992 836.417274903613 43.87068882329435
1997 855.9782117302088 818.3906012951591 27.09546382917613
1998 850.79081304408 825.428340797981 27.67877513236256
1999 868.7216527747727 821.3778600161205 8.731001103512508
2000 859.6666621186664 837.1998193808035 10.21424288906148
2001 862.7499256410168 837.0172445461656 48.92738457986485
2002 858.1573359100025 817.5548408103258 37.26354909741649
2003 869.1099598537642 832.5366278311241 43.39010780665171
2004 852.162212970532 832.5743352006688 3.32960342406227
2005 852.0955689462054 832.4670028978105 47.52897130126103
2006 853.6918253993324 820.0387533533413 45.43704351987588
2007 854.8649281175307 819.070817204208 47.42973931161832
2008 853.9541853719878 834.6962748247731 19.59922914653925
2009 863.6464296293502 836.7781715858213 20.49075150297945
2010 868.072224167138 833.9187077473923 37.18284570282091
2011 857.69934345628 836.8084527424993 3.437669529681416
2012 867.8286198207842 834.1810035841327 19.4109059608225
2013 853.6400168871776 820.0889490682558 13.1575554393622
2014 866.9248473783953 835.0112610158681 35.90939893360054
2015 867.0794178052615 834.883255985103 13.68210911378976
2016 850.6632564409399 826.363645408262 24.42647947120208
2017 869.9083016986659 830.9615270079004 30.55305013083759
2018 853.2335504854275 833.9820377930798 48.85117576337692
2019 869.6302098891488 822.8991569516489 27.00151701535006
2020 863.2264230145664 836.9012828113715 42.85617010600447
2021 868.8484807263542 821.5569796089067 32.49468872617644
2022 865.3878658446348 836.0382829683817 36.71925642871431
2023 857.9899501546802 836.8925548560151 47.49375388553688
2024 869.2606928962621 832.2868320237408 18.18175502602265
2025 870.5283522239844 828.6275174265427 40.60402419339012
2026 870.3580064685756 824.9535220156952 47.04573736691038
2027 858.8602961431872 817.4025860301858 13.27559434115851
2028 850.7034508279265 828.5016789400581 41.31339558747907
2029 863.4419097138054 836.8406141818483 35.19590329239093
2030 870.0572409945975 823.9262714036649 3.322181082772999
2031 865.1203860420343 818.3135328744994 49.03396506403887
2032 852.5166806948092 833.0995738962754 41.13488704267488
2033 867.1587839974025 819.6760887926184 10.65927639956392
2034 851.0277431552996 830.0576471183325 26.09813041339877
2035 870.1684962704275 830.2303692098326 2.938715450786646
2036 864.9076315472641 818.2095799293469 43.34013254555788
2037 869.6095817757754 822.8566732868087 31.14026302462468
2038 852.1758016924272 821.8956976752866 49.06794687041023
2039 869.4596373696113 822.5621520801718 47.50843238352251
2040 851.5128898119085 831.3667831708077 41.92903040903199
2041 854.4140616586168 819.4078374931948 6.153713738263311
2042 850.7810743237733 825.4818470809776 6.87753070370598
2043 870.416707882778 829.2726488676593 24.42770029585399
2044 870.3829258787916 829.4295087052406 47.036536521019
2045 860.1743539898151 837.2356494148474 6.924414338289878
2046 869.1791744206321 832.4239664322525 36.56493429944699
2047 851.001345038021 829.9659343996445 42.73175723433481
2048 868.4271076116406 833.5000358787743 47.60332266860925
2049 865.1086921502234 836.1838955210541 47.60557478613077
2050 854.8129369723446 835.3838577570052 48.87435522400224
2051 870.5665825152544 826.1731732377572 48.92077713156739
2052 867.8170049450266 820.2985027879137 31.85429380821507
2053 870.5708753677001 828.2778109031984 48.948695834429
2054 870.3352371905287 824.8589014559201 45.29224130583445
2055 850.8176026699456 825.2889360796538 47.74462142507863
2056 869.7838077880285 831.258619990634 43.02641238396791
2057 858.6734252741389 817.437911993458 47.79106624202544
2058 850.7541828668432 828.8524263734907 39.82106247064148
2059 857.1689363367586 817.8617122516251 38.48251297719549
2060 862.333963391701 817.3930119141339 49.14224163750333
2061 852.1695903528608 832.5860329626469 16.99222253633408
2062 859.8317084699 837.214318501554 34.0196912974455
2063 865.8020188889592 835.8009465378059 19.94181742041945
2064 860.8449454889045 837.2433407669793 47.69653245089582
2065 861.7264015797988 837.1848559260038 36.1420485803857
2066 852.1800853299503 832.6026125361285 32.13484903200114
2067 856.3477206704898 836.285195245563 47.84755416465163
2068 855.7886578440357 818.4926719498571 23.23893183762326
2069 851.7160120931052 831.7892208513715 24.81910776186341
2070 850.966893977026 829.8409705462994 13.99171649183877
2071 869.9998331708567 830.7241184098748 35.89047750191347
2072 862.8253703050136 837.0005270126203 5.827554312312095
2073 870.517237806459 825.7865835405382 23.489260850188
2074 870.1440263546006 830.3075223197447 42.16388027454615
2075 853.8366284360856 834.5893366528023 39.90380816389971
2076 863.9141174406092 817.802422568804 13.29121080783707
2077 870.5735671455458 828.2515298031541 38.57386554827378
2078 867.5196668658197 820.0032942727194 49.22736026263764
2079 852.4768756541075 821.4475071245406 44.13817531555303
2080 855.9503744338646 818.4052626336721 47.83737892374314
2081 867.425988952395 834.5763049697246 10.38616173481789
2082 858.0664832015329 821.9344711705065 1.93564441756917e-11
2083 863.2430094667552 832.0694518553407 1.93564441756917e-11
2084 856.01529524599 830.9213127922599 1.93564441756917e-11
2085 865.2332502449821 823.5702389806481 1.93564441756917e-11
2086 854.8769718096218 825.9339919524866 1.93564441756917e-11
2087 866.3715736813502 828.5575598204214 1.93564441756917e-11
2088 867.9657645240821 825.5701282957004 1.93564441756917e-11
2089 862.3346760571806 827.2976206831919 1.93564441756917e-11
2090 859.6846776197989 830.1451641279436 1.93564441756917e-11
2091 861.4483445070396 823.4117114444415 1.93564441756917e-11
2092 858.7377414068607 826.6073786951383 1.93564441756917e-11
2093 859.0968170917358 833.6983549172038 1.93564441756917e-11
2094 860.7637701690385 820.0450445419423 1.93564441756917e-11
2095 866.5269288341723 831.8189289161315 1.93564441756917e-11
2096 854.7368534511288 822.5507156700113 1.93564441756917e-11
2097 853.2827809668898 828.9214234772076 1.93564441756917e-11
2098 863.4308035540365 820.7901905586882 1.93564441756917e-11
2099 860.8679892356259 831.7601134098603 60.94928256368109
2100 860.2626572732509 826.7296269232518 51.51300740290491
2101 860.7071107868396 842.866659236406 65.28420061786306
2102 860.4272180084914 826.9276051947448 42.78531274378658
2103 860.703527363848 853.114112182744 64.38350636462476
2104 862.692800299198 836.3216006752598 66.32933242930422
2105 860.1378679122352 825.7393238187883 58.61030287157114
2106 860.7242598415136 839.0318663674313 60.68324414967096
2107 861.6389207184045 827.6703651556276 33.41439159152763
2108 863.8601121311444 830.212531808729 56.54446013549113
2109 856.6369150619444 838.2854657360172 65.22672173364002
2110 857.5954194384734 831.4892972451679 55.25573761560106
2111 861.1670036860284 862.765858884613 65.01443690794333
2112 858.7258853344088 823.6857663186497 46.9045834392609
2113 858.3595061647731 832.3150388068658 66.00283499101734
2114 864.9883031832624 835.3767264523971 61.41437219614117
2115 864.6535835040305 829.7285862026189 49.99916989565345
2116 861.5503204599689 834.9534737625838 56.79836016908334
2117 855.9293359499458 828.625157892426 60.21187410275893
2118 859.1373869457536 840.0723666523528 69.4062437899115
2119 863.990739820391 828.0833344662173 61.92791424761645
2120 865.5447829963467 840.7629210179913 63.22630839121936
2121 863.3863600476195 822.9882638111467 52.08807531868759
2122 856.5242437790004 825.2540123034612 54.97879188105132
2123 855.868525162128 835.0457305714463 60.14313101753897
2124 858.1070033223912 830.4995809738167 48.11470629425791
2125 864.7652434653038 825.5268992518457 56.66375805829147
2126 859.4289095923757 847.8619218164384 61.02271370256119
2127 864.1692134767579 847.5981848690432 69.19451617726733
2128 857.0041195657287 842.6067848619979 61.81609132777465
2129 864.7932290431894 846.3380416603392 62.91349298154982
2130 864.1862148353241 841.6792470724123 68.62774567223592
2131 864.6241086654779 832.0114823650933 65.08061913406222
2132 855.5680420127887 842.7004533528271 65.21230388552955
2133 860.9610646532236 832.2840895570811 52.11048899340689
2134 859.2273023933049 827.8913846559418 64.04679515734991
2135 859.4805676866547 826.1612573602284 20.80779020389777
2136 859.429757064822 822.5064400198024 51.6185446522849
2137 864.2797829249631 824.8615149663226 46.32554239152942
2138 855.036912529092 827.1165990963497 50.98295627513377
2139 862.0765811254164 843.0610713334166 59.69590945581925
2140 860.3690792365484 873.2559505710198 65.27177475679679
2141 856.6027999712028 848.6891491742737 66.84076775206276
2142 861.6865321679051 822.7445683780364 56.11575302359266
2143 867.1353520803772 832.3030488835112 60.19142616760033
2144 858.0675882330629 835.768416912055 68.9054614937737
2145 858.9877897788026 823.9038605117255 37.60769565384547
2146 862.7359651556878 831.2637938444186 37.45223756761993
2147 865.5368218352271 830.8570861298052 44.1958306169271
2148 858.4908543942452 844.750487472013 70.84456958401522
2149 866.9321326655554 839.124844217851 67.0153593611157
2150 855.582045282041 832.2845663004103 63.59659890432162
2151 865.7397510476073 826.4014065757623 52.72071303213187
2152 859.6183627445148 835.4033830562136 63.06359136874584
2153 855.4826318455118 827.8812026861949 43.79257142869422
2154 865.4625184612534 834.6892480024321 57.30358631321888
2155 862.4325778705914 832.0869856836871 69.07299269770128
2156 860.9277345317802 827.4164097398619 9.939023063830627
2157 854.582733987931 840.0121063886443 62.71652577158082
2158 856.3111014784811 825.3775939391415 59.68654050895884
2159 862.4469822171479 838.464575811126 70.26797196514505
2160 863.8303521608634 824.9804953698529 60.61222851370093
2161 854.1178588047437 828.519587429833 56.49093851671151
2162 861.1968500468487 820.9309880867454 49.35014816011231
2163 860.0559960235643 883.2365988822887 64.3914053239636
2164 855.2561747367284 831.5801918022717 58.61190730069428
2165 866.4872471706636 827.3997623918733 58.98115373508254
2166 865.3940561858583 850.5480064503389 64.958087021271
2167 862.078522220739 829.040757518852 65.72229607960909
2168 865.4461886769276 824.9647499982312 38.92641275820421
2169 854.4863657316367 834.5660473180667 66.35641976722775
2170 866.9821176301745 843.6510063940611 65.27051513581881
2171 860.8443399289195 830.1725952943851 58.10416594629936
2172 856.9009838990941 829.1960819079454 38.99023355523833
2173 856.7997731565765 834.595171781915 56.06527159783041
2174 865.3137877689587 857.3470044365987 65.72310530484837
2175 859.6386750815177 821.2782488384033 42.84564976791088
2176 857.1050600777228 831.4690723777903 43.6014164375634
2177 860.9290661900994 824.7571384863845 61.99417459426038
2178 860.9694199246035 839.2693072488229 64.08388499131948
2179 857.3300032941531 856.7420762239469 61.94284110221076
2180 866.8161455490686 834.8934814180436 65.23483464334579
2181 857.0345037769821 838.7965753420334 59.08144974859697
2182 861.1809266141063 827.9327336268246 47.04101201123673
2183 855.5257407968163 838.3251758525353 68.73813081800328
2184 864.3645962943014 838.2896410395786 59.9454324499129
2185 862.6784193681862 851.7357618685368 59.33038149228866
2186 866.4431399774541 830.2448514752241 53.05423585573909
2187 855.6990195742071 851.7087785673269 63.6304810439662
2188 859.3587974164758 852.4567526347607 70.02071259471928
2189 859.2933701930918 857.8611494728194 69.16112156252757
2190 855.90424224258 831.1143404630154 51.16829465489315
2191 858.1408295646808 822.5512660492742 57.26715913492972
2192 854.9394234180442 845.4341380972 61.87192126579331
2193 861.1380868676297 827.9515009867855 55.6039185347379
2194 862.2029041743707 832.7209651098672 48.08117196984271
2195 863.4996657509679 834.6047540593449 54.15010257219158
2196 865.3709505628052 834.0214954995561 68.63286604375776
2197 855.6447539776818 823.3468697969594 49.95711352411268
2198 856.1235613866146 842.5283361731622 69.87074352198738
2199 855.8369450431207 829.1706789112764 65.57477546244175
2200 861.4623587184276 842.5051551262708 71.54151522476954
2201 859.5255369270434 841.1423760596369 58.06203420944014
2202 858.0518776057426 834.3842417975575 53.34898313845081
2203 853.9394664938499 836.4543485271395 63.15049873767073
2204 861.9701351214337 835.5200052312083 60.21866209917038
2205 856.2329839950638 826.1217996479396 62.99225143319326
2206 867.259934705609 830.0657341371934 63.23248714737663
2207 867.4058278673551 837.5556542378656 62.30330001019937
2208 860.8415487045154 831.677467989127 64.28804833745561
2209 861.2291485474915 822.7506283752519 60.32461534223751
2210 860.9021890932055 835.0261481805268 70.38090579834942
2211 866.208457849386 826.3969693749888 43.07577545830599
2212 859.426737395443 837.84371671869 57.29119436399244
2213 865.9935417014357 843.5940509934841 60.57171061558024
2214 856.8915386087064 827.8628836852296 57.23784842362132
2215 867.569951451694 827.6512702585752 55.22136601804561
2216 862.3076724369549 856.812807297203 60.92643969143298
2217 867.3945424767286 826.5558253714056 48.76927692828413
2218 864.8902693594307 822.0687379761138 55.28513943589099
2219 863.9601567706777 826.0366329167631 49.87296420905906
2220 860.3547833313727 828.2593995879486 60.7788968464773
2221 859.0312842735207 828.7700170522517 67.25341305775761
2222 866.2997947516662 822.7027336758964 49.54846190825696
2223 862.588186104188 847.2504136273599 58.94111635063338
2224 856.958927372612 828.2731262953363 53.74079675123009
2225 866.7676013043208 847.0202507219112 66.52770899757317
2226 863.0114714879461 829.4936778768529 53.03533280277232
2227 855.750876613384 853.0719965482988 67.2480245981282
2228 858.0964581060454 830.2596737323851 62.23602357335592
2229 863.4481897835065 828.2623766291173 58.39431714497456
2230 858.9627204141481 844.6506237221112 58.7360136940045
2231 857.8012995165539 846.0578800614202 64.64761364906803
2232 857.925230493976 840.3268019569116 65.96267314947224
2233 863.450521383258 833.0887922097455 58.20362335256713
2234 864.9894113864466 853.3304054382731 69.11725013887759
2235 867.5516883345368 833.2228414565189 62.48866815495033
2236 858.3861939290102 839.8172902928324 62.26916661411981
2237 859.8917408667596 824.7119914074437 54.07767756870555
2238 864.3569520206864 837.8361683848755 64.01639523387664
2239 864.0321975411728 832.1811096957324 61.78699210401811
2240 867.3990710099199 831.5810662221994 57.04847188874423
2241 858.3363952258703 823.5225225522842 27.84155006814073
2242 863.5803732599002 844.7904634524026 70.92354114733226
2243 858.3017798959008 830.8730646266649 59.16583010494718
2244 854.0366228075263 827.5874119899379 53.60104068721414
2245 864.9654411899278 823.6367499739662 33.516922339925
2246 865.0263477163915 827.0451760178462 27.26047398203225
2247 853.5938917718964 839.7906917353775 66.06635310427308
2248 858.660271217171 832.1848915662767 69.20722107448246
2249 859.1274808792396 867.3817728601342 61.02477993249907
2250 855.8860859105152 824.0378136009031 43.4700534977158
2251 853.8457176604336 825.7465523575519 47.3645754649978
2252 858.3665478836945 831.9630789143403 34.17713454867614
2253 858.4312829048798 833.8298382714946 50.12914170508051
2254 864.3966056879347 832.8167301360359 51.15438725763622
2255 860.4178286174136 824.4906733460618 50.61584523794424
2256 861.721329451971 820.7913308745217 53.28291701904303
2257 862.93360479563 844.1924606258224 66.22359912381336
2258 862.1701225598589 848.0310501387472 65.36563139872152
2259 861.2638138407293 832.3564098029159 55.24314637796527
2260 855.1657144135497 823.0247597180428 53.27040019257532
2261 859.4605294108025 837.7589884732552 66.89568658757871
2262 862.2399299075902 839.4654994811609 67.82598577667348
2263 859.3735464069919 831.4143062752195 27.99220277401322
2264 855.6657257556382 825.9359341138825 34.09599465156973
2265 858.5297599392715 841.5032183337237 71.83373877218591
2266 859.4238628990699 852.6034811248705 59.48222583980792
2267 854.2579277667978 829.3886820351288 47.66575764970128
2268 853.4569460210447 830.2980342944281 59.30367715052594
2269 863.1067989365465 826.004860783759 64.55381597201725
2270 857.753165100267 820.8921463997257 49.1790891177256
2271 866.5761351131699 823.1453288465854 52.74734752210176
2272 862.6040926415784 832.8974707234019 41.85381695018381
2273 859.2684967088832 834.3802402928281 58.85293146199909
2274 866.26847170147 829.5946232177555 40.39663867669281
2275 853.8459630927422 826.8876569882011 59.06837169770593
2276 863.7300604658083 822.4174533901839 58.18144039268362
2277 862.5946296661235 834.6250805647736 63.65609706249475
2278 857.4447076420105 826.3461109450195 51.91875416668872
2279 863.1173025102673 837.7665270676001 56.75160923196815
2280 860.5636157647284 847.9607250910162 71.30299986935037
2281 853.7218130093056 833.7765886156734 60.74427546169886
2282 863.3048743245578 822.1833194483507 46.88092803800809
2283 858.1334981165579 865.4237184945869 67.44045981568641
2284 864.7853880171679 830.6056580397415 33.09262349364829
2285 860.5568408134451 841.633147948333 62.37080140663407
2286 860.0425079853309 844.6980633773674 62.30986162433989
2287 863.5108383807637 825.1169101767026 53.46754951980294
2288 862.4062268156364 839.8247652308713 57.63463489038573
2289 855.0984231905782 831.8947484740885 66.85191730510843
2290 857.4270705846146 827.436350141335 46.42634431087294
2291 864.6809021751283 822.6333212023345 42.49857934814537
2292 853.7721582858612 846.4818099194051 66.02983368038166
2293 855.3564760576327 833.7118963613207 55.23851082469578
2294 858.4977408449947 823.2617276909803 61.51063079995988
2295 866.2711462162351 826.4156165713683 61.78481816399611
2296 867.5125282895726 834.3890505471544 59.697338150805
2297 859.3806574418577 830.0350607222802 50.28684799751743
2298 854.2411771821326 829.1738826794991 62.11720201612175
2299 856.942648989814 834.092378949042 63.56427775140624
2300 863.2090671952573 843.0205538463582 62.97249261688676
2301 856.1561967068629 823.9135692517846 39.77278845012204
2302 856.4973693075096 846.037242426893 70.20311499513549
2303 860.9008165845252 838.534152358349 72.04835864336157
2304 867.8774365062758 840.7052364842464 65.5303129633607
2305 860.7204243265302 842.4224116338131 68.41843437627068
2306 860.0614137788114 822.1034851209979 32.74163529580373
2307 859.4560966846902 861.3893912372284 59.95416272464232
2308 855.7296405200177 860.9639772572357 66.08667286633474
2309 865.2125959632089 827.8542177784208 64.68616496184417
2310 864.435687059488 868.228334146564 65.79187202495687
2311 865.5074724256866 848.2480682586191 60.81613481075119
2312 853.6966573480521 825.8634721142008 56.28164397472581
2313 865.7576130080278 853.9307668747933 61.79583482802447
2314 860.0188627302254 834.8517342234908 66.19318576415337
2315 858.709343857794 832.9165751825351 38.97488858419511
2316 863.9310963111275 841.8333878562783 65.6206991239207
2317 865.9546777571992 836.7254502793046 69.36089173602915
2318 865.4196464309917 862.0306643732669 63.65883731945809
2319 859.3646141733748 836.7050574711542 55.54730685763191
2320 859.3146948208996 820.6406264032184 54.90039957698237
2321 857.8902604443866 843.9213066403898 67.37287068823413
2322 854.0794769469408 837.8135114599183 66.83941666219926
2323 854.6983261936972 835.2815949780094 58.16181015340984
2324 867.5189343836563 824.3302638140501 59.31378985056956
2325 863.9606816005987 830.7984267265845 68.2274336514978
2326 863.5286316663914 861.1708206481751 69.3240320055797
2327 860.6887397589403 829.4323802400378 53.97551178728572
2328 858.006527783228 837.9974209974799 71.35504872259558
2329 854.7084593109632 837.2389586371138 60.67008022029447
2330 863.1600524837082 820.6481400741105 50.12069070812632
2331 863.0540973126016 830.6009411966747 60.45951576049048
2332 854.3828072374497 829.8956559677393 54.44929317188544
2333 859.2428823298195 820.4977274403645 46.46108509641495
2334 867.323288652541 841.4269996359866 62.36518746469815
2335 867.8004356093505 828.8894496840784 50.79077834218945
2336 866.392311630224 844.0227897374116 68.82521242049985
2337 865.9850738984959 832.6446613871493 53.92925400302444
2338 865.974672359416 839.9339357062149 69.15073403157295
2339 857.615405518643 841.6842849671025 63.89687839295603
2340 861.000434583949 831.5255351489523 17.75473454008757
2341 862.6851690299139 830.3215286294073 45.65852054852395
2342 855.1421672897321 823.2732927545904 56.57611302318703
2343 858.1647170688626 833.2313066950658 61.5801869094628
2344 858.5971594549187 824.7963815796422 64.0505626980337
2345 858.0875217856892 826.2985954102996 61.12444856456742
2346 853.8891343985664 824.8054648906835 51.53429636172303
2347 861.4734929054174 835.172034977895 53.43701080379398
2348 864.426163681637 827.9177135366297 55.32163051295668
2349 868.0058223526465 824.9919318451655 54.76481072742352
2350 855.7176308228442 828.4324435869125 30.51468370972322
2351 867.6189584617244 832.1941771038433 65.17736599016935
2352 859.4971931837416 834.0591850148389 46.94334360932609
2353 855.8167341533891 848.8008041229502 60.70767375988092
2354 860.7455632223364 826.3659609941875 65.99750357387143
2355 865.0105238624985 850.3240698051869 69.50040814702713
2356 867.7432857551589 829.0653190678544 61.10328137030152
2357 853.4727152607924 842.5772656386999 63.93285377064544
2358 866.9885779443373 828.6123732993309 44.77466007855831
2359 859.4331508107723 825.796111996253 15.30994553363183
2360 863.0542014739688 821.3306911566773 38.770985616632
2361 855.697358897507 833.8460684332171 68.91703984610763
2362 865.6272587671633 832.3858812114555 47.75933398550871
2363 863.6985969945475 835.339673843082 70.44949547796192
2364 855.6842618148606 832.7177250039439 45.89471140738927
2365 855.1039650994068 840.5431167858801 60.04493026081443
2366 862.9523646828472 824.6048371956509 57.03897712680649
2367 858.8829287175488 836.7174572121398 60.40175316122842
2368 861.5447744794448 825.6987563537374 45.10401852948879
2369 868.0178029958829 829.4088876533104 58.13860482116583
2370 862.1001046060965 829.7730426988302 49.83858347777793
2371 865.8798377079855 837.3587831997414 58.68581310186459
2372 861.8034058993152 838.0188039863157 62.29614575109935
2373 866.920319321191 839.9891099023154 60.61302664493367
2374 855.1743030263925 821.2392323580009 46.00136324751342
2375 864.3263138509061 828.1082420735385 46.6544940279925
2376 853.7828149531497 850.2156408460863 64.78326342186463
2377 854.2405052199928 830.6487679876627 41.4887704604794
2378 865.0260858826463 821.4199646391088 52.35281254625736
2379 858.5040512959031 824.8415086876715 57.31809466511635
2380 862.8023464681464 823.524465221719 48.90404989453957
2381 856.2129890958672 844.952976392529 59.47739221040283
2382 863.8621939342294 824.3298856326991 62.96215807907503
2383 861.0839904117137 834.8119734526024 50.42022062638286
2384 859.7166797961662 846.3822171673762 67.87261487945864
2385 864.2377128343492 826.3983904155901 17.68927379975443
2386 867.369565242037 841.3235114570637 67.78486233889986
2387 857.4795313043318 849.7417299625856 70.95548487330417
2388 853.8070855504213 830.3830288115613 50.77319174272714
2389 862.8539519760729 833.9626340646347 44.65121397411885
2390 856.0661462492043 832.7686385082529 49.42075771483223
2391 856.1705347810604 837.3291427569513 62.48895382225093
2392 867.9236026787319 844.8066109865423 61.83586611126353
2393 861.327443048981 828.8129150418481 63.58210559658605
2394 859.009099068277 820.3296575122401 51.89342974662797
2395 863.1817828970287 839.5624054364418 61.54474849697743
2396 853.5017241929971 843.0156834641059 67.96594980223072
2397 855.8951230324034 831.6910939638934 60.75963017747467
2398 852.6594181948404 834.0522713223008 63.97322080469811
2399 863.8714007386982 848.2981339191143 71.50341879894862
2400 862.0994951150518 837.2389353661771 55.74829412706647
2401 854.5775626118991 865.7526846473653 64.42535600737172
2402 857.2464008509746 830.8203429963539 68.52950425923153
2403 866.9686702822487 830.9694614954909 51.41753721680366
2404 856.6904329696083 826.1726685416969 65.25976671183285
2405 856.6510265392839 820.7291985180353 39.80534294009091
2406 862.6452642129933 856.9401779963434 70.81084601601589
2407 860.2335730693974 850.083506808588 67.26433622009773
2408 858.8468255953675 861.9268369392058 68.73307763952755
2409 862.835813428693 833.2452244265676 66.76183794969397
2410 855.2468042442221 836.4571472780264 70.66546344809973
2411 862.0637835038854 828.1428541003062 37.21972718978743
2412 866.4490580598336 830.283779278389 66.03098343279734
2413 868.7059367410493 837.7374617771767 65.65670131287922
2414 863.9546812852867 834.2364163212139 60.15529473677395
2415 856.7728122033253 842.1796519575169 58.60850890259847
2416 861.5797413322023 857.8293267137313 64.85203231719323
2417 860.5963391279614 847.9883425629433 57.44641206860026
2418 865.1697189966925 845.9686368415267 59.27126716811192
2419 856.5073291644097 820.3671690728464 52.11561718737097
2420 858.8793878232275 827.8036212397709 55.07273063558802
2421 858.9042877347787 833.5287336127732 63.55109407179989
2422 865.5401903431014 829.2983241804143 58.31754230932802
2423 864.3025750082564 841.6228386983248 58.34324845192845
2424 856.7570378629829 854.4914753298305 71.88002742237413
2425 855.166038609989 856.4526778632476 66.30464598726623
2426 861.9925673987061 832.7546863269141 31.23704775822474
2427 855.7040955546315 829.3217486589638 23.65062843907484
2428 868.1578760467866 835.628004303055 61.99827493845045
2429 855.7404755767618 837.3178514050738 56.95205281902591
2430 861.9976384651047 826.2898321538511 61.07624606388194
2431 858.2287501610969 877.9244725998776 59.5303840988094
2432 859.5561426564341 820.5115464715589 57.62158437440078
2433 867.697439180074 824.731360125329 45.33474286311421
2434 867.7200395281403 836.2300710255988 68.69732208395379
2435 858.7209412662488 827.3517618048749 50.09271957673028
2436 864.6502487284315 842.4070482298749 71.53582581298787
2437 864.0195904581694 863.037324519519 60.04725213896248
2438 860.7458063613979 837.3466359381046 69.00065280445381
2439 859.9844003563078 830.1432356051307 69.64548083634203
2440 868.4597341166279 825.4927044492533 50.53671302347309
2441 862.0856452997325 836.9410985951173 58.93506619825789
2442 862.917416959958 822.0436142259155 60.98950117998054
2443 855.8680450618907 834.1652596531461 52.78844578555002
2444 858.0536747476787 849.2192282311609 64.46843785709783
2445 865.02782525415 836.1070550964748 66.53653106382298
2446 863.7096528590374 830.299649599557 24.17626130949819
2447 867.1689651920299 846.9578366660234 63.49037309281785
2448 866.4038365949386 831.6697737694848 67.60926899130442
2449 864.1390381087732 831.6334033394064 53.21403604540622
2450 861.1582861246783 822.853265663121 24.32950077637615
2451 858.2882708602207 834.9290074291414 71.16453444741887
2452 856.2788283810231 821.2119004796299 54.82165799574042
2453 858.8895520265114 828.0121654370827 59.38502882284462
2454 861.6470668585396 824.4919230946043 54.81643513551206
2455 857.301289861457 822.527351037234 58.93374002344491
2456 865.6471311610965 833.4337616401967 64.00988981229125
2457 856.0240030471132 840.5291435528261 64.75928380859031
2458 867.8761864434615 830.2219258573018 55.16942556925166
2459 863.9138275774193 830.6825902027804 63.5059767962647
2460 867.3803087609901 831.3636115435378 37.51694439977004
2461 853.2065336514986 831.5020562307412 61.21720225860017
2462 858.4893329665322 825.0667518296436 41.58438578935733
2463 858.5172527858119 833.0209269083392 56.26607652937951
2464 857.1660101796429 836.1816018026531 65.85408622213987
2465 868.3906547010459 832.6486346721465 58.67731370976153
2466 854.6222703821758 843.0230346977278 61.5797281174389
2467 862.5682971917603 851.9863450625323 72.5690126245446
2468 867.4142616776973 854.4822203829726 66.25659025811318
2469 853.2523534819343 826.7698712284737 61.17027384432964
2470 856.4569663027312 830.06255838046 58.08680812012493
2471 864.62311151354 832.4945879033792 70.14456608670667
2472 853.2445222368847 831.8531584147051 65.33624438541057
2473 853.3621263305308 824.3892085077722 54.25442349048566
2474 853.0337566479209 831.183846981619 57.06735956391165
2475 858.6774387674179 832.1127448981349 53.23169040410371
2476 863.783589951673 820.9376909244338 31.21640740300019
2477 853.0927660491932 837.7590697660922 64.98621043398427
2478 861.9904881410241 842.486425738029 57.19501895012047
2479 867.4035490452151 830.6660135071013 48.33278903190853
2480 859.5323914076151 827.9260963471165 45.36179073185799
2481 863.0116857478522 820.4495524276828 55.44987865503684
2482 865.5725886143643 823.356035457422 56.75812575431582
2483 864.7056372759575 877.7401377175014 68.65348239408368
2484 863.6754941014659 840.1775236900831 71.77183674059305
2485 860.234370651825 843.9341874828183 73.04799927329623
2486 853.0903142674781 826.2449836598083 49.41255204794809
2487 860.946847011006 830.9877472730828 66.12060019693632
2488 856.0192724570193 828.3428785417212 62.95778860283588
2489 865.7510530288969 822.4792078349719 45.82225957138972
2490 861.2161252858987 832.5763423076745 71.39545217528817
2491 859.120035051813 830.1801534930688 65.11051874780554
2492 852.9496139487534 848.0758983480725 63.10799153492677
2493 867.8828689553469 826.6384515229533 35.29911750528486
2494 861.6486158163907 833.7421694776081 35.19079734295547
2495 859.8206783958424 851.3104205304559 62.04869052434147
2496 858.6210099493342 838.464709810906 64.02884863127265
2497 855.8250059095371 840.8822934340819 67.06846012885715
2498 854.4900891699817 853.9577660482254 60.5643858951992
2499 855.4803939267794 844.8830664253613 68.05373470097597
2500 865.3483679052409 825.5697182364706 63.80160299166673
2501 865.3280290654948 832.1115480361653 58.17033753227088
2502 868.0350042272883 826.6686807384818 57.26662101510865
2503 868.1592912013253 827.70200419556 53.14330343977264
2504 865.8753466151593 869.4810163999742 61.36678553986435
2505 864.0028276679942 836.2860906825048 59.27026161969163
2506 855.5186065467303 840.5432205741379 71.61589747321278
2507 861.9942211875472 824.3838205825243 40.90603883599418
2508 858.2347070563169 836.619067222559 58.49295047640751
2509 856.6517109668184 833.7240441416149 58.7166531994146
2510 856.236338334098 822.3100020342632 22.96066479100125
2511 853.4604661966462 826.7665032348426 41.73374807323098
2512 860.8997411620758 825.0208999188726 47.76831545243781
2513 863.0611200118205 834.8858140640344 51.86942443223344
2514 854.7155890359586 829.8067319087229 34.94344345822071
2515 868.4304771795173 831.1628025898441 61.03773019450688
2516 865.416435362266 835.7717932350986 55.328527087134
2517 856.1730807146872 877.2138631101744 69.69590011412579
2518 857.407858271266 844.3877321944074 72.6668331057902
2519 858.5453013327678 823.290698657248 50.05326208844959
2520 862.5158495778769 833.9381052378383 69.28232577603954
2521 868.0977380592202 830.2106202610527 42.34906362331212
2522 857.1653506512096 823.2152698726794 54.47226774954115
2523 863.4943878114532 843.9214291169737 57.72075377383975
2524 865.2094839259191 837.5738985178166 61.94791946575828
2525 865.9900073371113 846.3507865456628 70.75379489492573
2526 854.3495407874989 824.8795469526902 58.6248961642972
2527 863.6858284188017 839.176512075428 65.63858411109833
2528 864.9963642752749 827.6142288400986 57.44077485708336
2529 858.4841759539432 833.7905625767625 20.65528672860462
2530 859.2899983256549 839.7075810657848 59.9097478616707
2531 862.6198813625102 844.8467127660268 61.91718261860742
2532 858.162881114285 823.8359894128212 59.32917035615672
2533 862.0992237949213 840.2075039527725 69.90290397374019
2534 861.6000032627436 844.7329297496971 68.7891277142124
2535 865.6526089056933 829.098248392787 60.96734769838994
2536 865.4182104745811 826.2493931428022 22.59507630257992
2537 858.5424527723635 842.3835361170426 69.4962804402891
2538 867.8407772708218 834.448970112916 57.13398857693788
2539 856.8077052602804 824.4566793220005 61.4960408845976
2540 857.8795349810493 828.5516077786704 41.71190343384944
2541 861.9435918885617 829.1351574348873 69.41636158127645
2542 859.1056238512399 857.8495708880398 58.64153252359888
2543 854.9158149092743 860.7518798423699 60.66575882918607
2544 862.8399619613105 836.7906082401547 71.94298509437954
2545 861.300087128676 825.0585675081242 64.46144902829117
2546 865.2863075624474 833.3017595412349 38.32204242506349
2547 867.578426903662 826.837507968336 39.88546814023344
2548 856.1364121548769 870.4173151670011 62.30813045669468
2549 863.7566638827705 832.7191587156062 56.17655774240734
2550 860.5261825694616 855.0910436276226 67.10845435672401
2551 863.0490401598447 852.2187719161901 62.8166172639834
2552 855.6397168433605 826.2197586137909 57.88469115423924
2553 867.4538624008388 837.5108508466184 60.24143600854377
2554 860.321378220124 822.594696747125 62.23087690677267
2555 856.1752024030415 850.9760339472463 58.45040019940253
2556 857.8304569570967 854.2318773873632 65.0575613476596
2557 854.6274783952548 849.9502487966389 68.71419165596799
2558 864.531221884158 825.7800758134794 36.12993316846075
2559 862.488106981547 841.2709919556341 63.86662489914577
2560 856.9217119010982 828.7311223755174 67.21524520023618
2561 864.0069503944778 827.1950442274715 52.07760568181719
2562 855.846053064107 822.5540074695018 31.39033095174252
2563 863.9527878162123 841.8858658950918 60.20765861967445
2564 855.2835519853182 831.8391667158925 31.77562515726052
2565 864.9510313674156 824.5827905803266 51.92762099967637
2566 853.4802068214275 840.7316834286427 69.37221136134862
2567 866.2224230024398 831.491577330819 29.0929032875669
2568 867.1791682533726 827.531804035385 63.54846191740697
2569 854.2544096945606 827.8828553380084 64.29861604988658
2570 858.8744776508502 839.5034132341788 72.89512366675103
2571 856.4945308331858 832.6289131971886 65.55164790515646
2572 861.6773765766397 854.3697394852875 57.86865665081629
2573 865.9494905832871 822.6459751350045 36.90157338948081
2574 861.9874546484632 820.8175990666268 57.52495525429885
2575 855.994921082862 829.2911648917956 49.30537201337848
2576 853.1562745289201 825.7878597648607 44.46748069710124
2577 860.3165342459229 832.2982729234074 58.78331638768786
2578 861.2095734778577 834.1170379231478 61.95052850365339
2579 857.5366636853406 840.1716140056105 56.77272738399734
2580 861.1506098611167 830.0341967960277 56.25895890420826
2581 856.681577001189 820.1622543374108 43.68311373157722
2582 863.7050300864465 837.8625897419827 67.7571706728893
2583 863.5587211406154 820.8361274954559 35.07325819709611
2584 865.5464496316065 820.9752325977877 47.86098780676983
2585 856.3171705336092 829.5762750344919 55.92901352469202
2586 867.1018656239238 831.7586069898565 45.83747001256844
2587 859.6355177283756 843.010153961618 60.66821769086752
2588 861.7938603587404 844.6652531833718 64.37491809354286
2589 860.2020403945155 834.0382473512365 68.35266892700307
2590 855.389594001441 828.8123307817891 52.50796676934443
2591 855.1527217402904 822.4840858386964 36.51127774054407
2592 854.7794562312328 872.0902067712212 68.69339050326276
2593 862.0563871237526 819.247850318629 51.05844858731106
2594 861.4487600678009 840.7510667594134 59.43596007636546
2595 863.5131987761538 850.4775490169139 67.37177042268461
2596 852.7772003303845 838.7209707759191 62.73569057315194
2597 865.7109025883485 839.0812318629137 64.26017689482276
2598 865.0748842349943 874.4374381204073 60.30120293625055
2599 859.0295845698781 840.4025994122474 64.18852960673199
2600 862.330357687425 829.5783498995515 47.92668151489259
2601 861.0834726736226 836.1767258899401 64.53455707549563
2602 867.7254160673637 838.2322037261829 68.76117995038766
2603 852.408899660517 828.9761968074172 54.83734815039607
2604 865.563364622286 824.4411008262604 54.72106913223702
2605 867.189352744694 823.8735378835945 40.96177480122923
2606 863.426333470194 835.053205511447 49.85919995001261
2607 865.6450658396665 833.4147746519633 42.83833205086605
2608 861.8016068396305 871.046807768842 69.56744196813172
2609 860.2402570690804 830.4414531355718 62.16306536318671
2610 866.4499046388665 857.7675992550655 61.95726916823919
2611 862.5629868001204 847.7514685895459 61.74746701592025
2612 856.5308994821474 835.6420390897724 54.21042272759242
2613 858.7215481185655 828.1504596034009 36.16801930080732
2614 853.254964591259 829.8029749028999 44.72625125774026
2615 852.4295665513861 844.2712123096218 65.57605324716147
2616 860.7333349572402 830.1427239371905 40.48165669526683
2617 861.6674666966346 824.6266199267974 59.95841109213183
2618 861.1378843140446 831.7336516282946 50.14028374747539
2619 858.5196631206186 838.1238796392266 68.95404853096137
2620 852.4428260187436 828.0171556456377 57.8386058765216
2621 855.8072713331148 839.0608714643461 61.52434662532254
2622 865.419030545987 842.53157279437 62.53325297574706
2623 862.2258893622042 865.0776061935399 71.27104073874594
2624 861.4997107841468 822.3443873149201 50.95359129492032
2625 866.843217004842 829.7202683221527 56.50772497963403
2626 863.1838375302701 834.9140362287467 58.32777533271147
2627 865.0363601055002 847.5966569540974 65.1000635650681
2628 857.0252400898538 825.2356777715412 49.63219674763526
2629 853.5711547136435 846.7255174189816 68.44085488270491
2630 866.7834979189417 841.6523466189798 70.19784725812269
2631 858.2078825423671 828.1194354023031 62.03793573964553
2632 853.0218274338067 852.7647962001379 65.12713731061015
2633 858.1998867029745 826.4514002197685 66.84740346640484
2634 858.9174345357475 829.4856236304686 56.00025757244047
2635 859.9127740165204 834.6030875770467 44.15828076500463
2636 852.7102194504148 836.2657149880213 61.03810109725255
2637 865.7518133996299 837.9959643089848 71.08300121106058
2638 857.2845963946475 834.1100773908323 67.37912413055956
2639 865.9915814828605 823.3650519216808 60.53333054836197
2640 860.3827587010835 822.4871313977832 54.55927312179791
2641 862.5863764036925 830.1115382851407 58.00097832876049
2642 860.0697671614628 833.1985804755328 6.044130773236905
2643 862.5536180892265 834.7982664868017 38.23413131974502
2644 863.8850579598676 826.1305713075222 58.46061917139789
2645 857.3358684086694 844.8720705176412 62.63878856546557
2646 860.1787180345171 828.0204918038735 57.36595275355123
2647 865.9224039061143 831.4219578580888 20.48666471237379
2648 860.6609199570216 833.0876041790456 65.93371716535225
2649 859.3196567473592 835.6529136111636 51.42472378860548
2650 860.7444165921659 850.509539732313 57.20208579466578
2651 863.7046429347249 826.1704481566172 66.5512340127581
2652 861.2723475202341 853.7618340611411 61.39871423902398
2653 860.3807656542202 826.9352507261489 62.50594668517844
2654 868.2943298037953 845.256942205433 65.91834101294992
2655 853.0739572964457 826.1807612562725 38.64642210648854
2656 864.2652213559765 853.1778993254254 64.93877457935197
2657 856.7647373745804 825.5007032501094 45.6851933181873
2658 860.0470924585553 840.2672704749814 56.38684358087773
2659 866.1019550133907 833.5397507407673 60.84723740103175
2660 860.0604640851851 871.6631345975015 58.63332932430515
2661 854.99985669734 831.7380878610147 56.4786859754148
2662 863.180481425819 819.3909245950827 43.71925243037355
2663 866.5690980559538 856.278428447397 69.0868457919434
2664 868.6434618174673 842.5396081034203 64.33836168687088
2665 860.2771205242022 840.6970867896214 66.52679545820206
2666 860.4775224243003 826.5758892692966 49.3191801818538
2667 865.8984510135305 829.5052847947192 13.38722224236203
2668 868.5856236926465 831.2147995642902 63.00654860204421
2669 863.9384771983301 826.2283816451383 44.70097368263876
2670 857.8281405216801 838.2906466205825 55.70182790075404
2671 856.951119136146 827.1495767136008 59.29003838963195
2672 867.7833025229487 825.9958770553783 60.25351119634889
2673 868.6157500471165 834.7049121795042 64.04612274114868
2674 861.5358785522976 854.3452750118746 72.833987209561
2675 864.9616088824288 833.8147382572652 65.86327034983793
2676 863.7748509084475 827.7317433952022 40.65805321434091
2677 861.4154151069351 845.6174145975137 57.06787907174093
2678 852.6643256923446 832.2222033887676 59.08375729388932
2679 862.1851188031824 838.6106839690028 59.87468421625876
2680 868.0108604804195 826.2599316095589 31.92280123028132
2681 854.0724743845182 835.0215419076046 67.99361294279844
2682 860.2854737600969 823.8046885067217 57.32587732194057
2683 852.3919305034206 827.4648155083995 51.66932424357757
2684 855.0212469102204 836.6249701867052 65.27420048963684
2685 865.7063546034315 825.8863971041332 60.09516804368619
2686 855.6207262724156 825.7591655438275 53.23809166048388
2687 865.6691991810271 824.520686463974 61.88904403404771
2688 865.41008256112 840.9633229647762 67.34563715957906
2689 857.242094253475 829.8280837303912 45.82625062257691
2690 865.0737028369142 828.7609279065122 67.22051549511707
2691 852.7069700428549 840.7464844575366 64.11975921867845
2692 857.0336290904839 864.5464280877362 59.63282720544428
2693 861.2609900810244 825.5195426542926 52.56511180140411
2694 863.0707086559828 819.3200806826804 47.87954379936509
2695 856.1112673835577 833.7149273004193 61.74321663219359
2696 867.6053436725849 859.7894629236396 68.02833761985433
2697 864.9408549064315 830.6917775088918 51.70748098682924
2698 866.0539561901981 831.990858142566 62.68307009504717
2699 853.0627221745789 835.6089046667743 65.5652522090365
2700 868.8688841353724 840.5138887800355 63.35256319792911
2701 853.2195696381466 823.8020313421447 49.32389361430061
2702 853.8011970435803 833.8173595874954 56.51161422319151
2703 857.967724162753 821.3923724787751 60.26052517838608
2704 859.3593167193671 819.4548255137424 36.82918827285136
2705 855.1036110106359 838.050122005663 63.68115345998983
2706 868.1445922761278 849.8135436568167 67.22852397341497
2707 853.7472032734156 832.7512698104337 67.46989725461167
2708 866.5910597273647 872.6063691907887 65.0850312246356
2709 865.5382673442496 827.884373662334 50.29629318591078
2710 867.6167016315025 851.1700496446389 62.01945948088992
2711 852.6630248531507 828.391540049212 60.63427456869896
2712 860.090509768757 828.7319167714335 48.76662270202524
2713 862.7059454165989 860.1159253000588 62.58633085641885
2714 860.3523950059188 834.5972819488509 55.14875031630962
2715 864.9700964255849 833.873696342543 52.65310077907915
2716 860.4323630729829 822.1551418926532 47.12306134785955
2717 865.5973552613398 836.1355648192306 63.3460982991884
2718 857.9618006460861 846.7941707151342 72.02460893241482
2719 856.2933218206347 830.288382475487 53.40901312120636
2720 867.7942317728423 833.4855845436502 66.9009394425278
2721 861.675152445687 830.7762769529373 34.70180738962005
2722 865.5375701163439 833.0379998305594 35.57151260404002
2723 860.8740539030042 835.8130836170901 47.61070963765156
2724 855.4566612038114 830.6316774568529 18.7250328861335
2725 852.5348529833077 830.9335328535033 63.38654240111591
2726 861.0559354786484 821.502792812865 19.67606843745506
2727 867.7871332023557 823.0865312368885 47.28523717473104
2728 862.9933682776921 849.2741072007649 57.34528377010534
2729 859.7323670590523 819.0994562947913 49.73661809657605
2730 860.3741858740649 844.2079891890684 67.20553648843899
2731 868.5178204387638 824.7420327082292 52.57769486442503
2732 859.9854736518625 830.3453342961183 59.75043118840347
2733 866.6114461760027 821.6588973394158 51.30845754399515
2734 856.7690492594459 832.8463456827361 56.77335561143504
2735 863.1975499929058 822.4544299685298 4.752845388231723
2736 856.3580174300681 837.5617153227579 66.99904812448243
2737 858.7296751425105 824.0978777801232 44.20446025184267
2738 854.9335025428996 835.7101362249498 56.10722718626241
2739 860.992129253787 819.5433712567512 55.96217828309994
2740 854.1438196456533 825.0019349895789 60.61681598205951
2741 855.4932889613921 821.1861441621703 50.07123994261357
2742 859.8769660407067 836.3897743262377 71.9682893287161
2743 853.7333591076867 829.6910156566652 65.36751995339722
2744 860.7978808505342 859.6917346969649 71.92869673260417
2745 856.828268772751 833.502520159238 70.77013619143789
2746 854.9636477164014 832.487891678075 39.42900567222517
2747 855.388709004808 858.6755679265528 69.29531384271839
2748 859.0513817902 826.4508519036681 53.36806660349189
2749 861.5524116823707 886.7413887699104 59.60672788197508
2750 855.0253275190955 830.2974568872362 14.46300700100622
2751 860.9679044776042 819.4737990652861 39.94460546157942
2752 856.5747834200329 840.6272406425434 62.42034113999892
2753 854.8934376603104 826.8832335081532 6.158301478860081
2754 863.5034098892452 836.6034246928746 54.49247595199003
2755 856.4339113626959 835.2881902292048 71.47173352307631
2756 863.1768599037597 830.6818969648311 70.20537539205438
2757 865.5447516528212 845.4808619630184 65.27154845282324
2758 858.1181732423746 819.5225345177236 53.48132775908626
2759 862.9571564259252 834.3980017170652 61.53561977744187
2760 865.4936983271938 833.5904258273691 44.99828043797511
2761 861.7523587056852 845.5901934417763 72.91641311944295
2762 863.7622135060994 824.3077695213805 55.4905333158387
2763 860.2494878639208 821.0556851718384 12.87182753039188
2764 857.549046923635 850.9659065596464 65.92881471321049
2765 865.3603286265312 852.8202188343786 58.60633391831181
2766 852.2779744200367 841.4320289861198 65.92736609321925
2767 864.7174679081755 840.1181975854225 57.33766603601356
2768 862.8748400210128 829.8820746490618 42.78023099335086
2769 854.1293109561382 822.5280597077058 51.26879761664919
2770 859.8654581574166 843.5920107728035 56.7429624108421
2771 860.5071736042986 840.5291334144999 73.44222236931959
2772 856.8170220385171 847.2784106384808 62.97523748304241
2773 853.0148418422586 838.2167198536589 68.70140755608408
2774 855.5000303387645 888.2010642715037 66.31283844830978
2775 866.3567467355973 840.0335694989275 58.73821613597373
2776 860.7937637697707 827.4597861345117 67.83289552615518
2777 852.5907338858173 834.1048034081016 58.96466850744563
2778 866.1377037397607 824.6960529364418 49.66683296774216
2779 862.8789474695454 830.8301357869506 65.21751038990838
2780 860.8109578347629 827.0225974866205 28.55007627085738
2781 855.515275000513 827.054289799114 55.47186691081618
2782 857.2498699005397 831.0939047411175 64.29833799200624
2783 862.201037191854 831.1140990951441 53.97204496777447
2784 853.4572349982336 823.0401139623663 47.07700035260261
2785 853.858197587793 850.7586322203782 60.53633606941644
2786 859.5367443592172 819.1143381900505 44.92930513516725
2787 863.5840411640262 821.4190452896037 53.66353273180489
2788 861.647336922877 838.2848510145706 66.17854849593752
2789 859.845788375446 837.5327184312411 62.76442545163819
2790 865.9582891279118 844.0646535166005 70.78366351791072
2791 863.9445019191344 834.3749851937972 46.84899898406691
2792 862.1188052077983 827.2316324580636 53.47061454604274
2793 866.1091400740199 826.5565197046024 54.53348951653751
2794 856.8203472761363 846.6915429206369 60.67283678708164
2795 864.1009254710176 844.9372820967757 68.66630336234273
2796 864.6625886215101 832.284058245772 59.97853900108522
2797 867.8502680072467 846.8066998958427 60.70392232410168
2798 859.384874196596 831.1682435435881 57.29112349464523
2799 857.9728386317017 834.1371046232083 65.48322618360854
2800 853.9372747949651 832.4895129986398 50.15498400307983
2801 856.3983715823589 846.0471716607652 57.8039572382347
2802 862.349360473463 843.6286811320666 73.19310505293198
2803 865.2622920518855 821.404696736849 57.27698070070229
2804 862.9122579775033 832.2983254107074 64.10741313501137
2805 859.6081755285785 835.6792355266309 57.13034313042973
2806 862.0499952973965 859.4814890494872 57.84816371200645
2807 861.5058399910779 833.4349985253309 58.31726234040472
2808 867.0206719706457 863.6739480655714 67.81116582318558
2809 867.8487619735236 832.3074417051329 52.68807165691462
2810 869.0289209521208 839.165337671519 66.79937115004712
2811 860.4374367820714 825.7899416545914 56.35432165821231
2812 864.3398007969025 826.1756076840514 61.89673103121334
2813 853.5332067924448 839.6932415955564 60.88032654248525
2814 855.7769930169028 840.2825830418383 58.2097772378816
2815 859.3362745281175 823.0268837456199 63.41961586960957
2816 857.0042446019214 837.1056435695493 60.53833105061939
2817 861.8482878762961 841.8282722269997 66.52170545159291
2818 861.137703637335 830.2833579237655 51.91866313169169
2819 865.7568698080955 855.7368844524794 59.13567193814149
2820 863.300639342943 819.5092216900284 52.24427255956329
2821 859.7150649183778 850.6640818376239 72.68935367090616
2822 868.5218438533756 827.4713846541927 59.35301421938233
2823 867.1386655148807 865.7494236841986 61.56336940784778
2824 859.0610364824256 860.2389592324914 63.78898899838176
2825 869.3086383520872 836.101753474852 63.27196798893964
2826 861.8719207266345 822.9641402058002 62.82662271911898
2827 857.1782083666075 832.0548375383702 62.35089466611317
2828 861.1683582028253 827.5741703997392 59.23024936603107
2829 862.4751404608446 843.0845949191878 69.65131546110538
2830 868.8317957103569 833.1583287726236 60.7516322015238
2831 868.1424560451636 823.6005158057566 51.02083794376677
2832 862.9593976498509 823.558726944549 44.64124633697675
2833 860.3523479040741 828.6782333712688 65.6699833923244
2834 854.7443643178851 829.6759556533784 67.16086579452545
2835 859.778019357138 832.0132494484909 67.45076535841542
2836 861.2921219251479 849.4096206179266 59.72958323381727
2837 856.1755551335677 821.4762691878985 57.78669355086219
2838 857.5675665121665 840.095962820972 68.6428290243378
2839 867.5920926860414 841.7568264900825 60.11469147139776
2840 854.5307623048922 824.8043055495784 25.65559635278269
2841 852.6065495049031 827.8069755159903 46.33188801613255
2842 865.9907600084935 830.6674957984148 55.00117113847595
2843 862.0062410938667 826.8299024857087 57.45033438414444
2844 855.4992927508051 838.2864106534001 71.40880150897146
2845 865.7979639016276 843.9697176040755 58.19523778693654
2846 862.1319443092445 828.0517898109275 44.89796701079707
2847 859.1908242799821 824.6190385970622 52.22882953218309
2848 852.9189544015749 844.0013361946772 61.87368910409828
2849 852.5788012617909 845.7299078573994 63.75536036613757
2850 852.1330071122676 833.1859144079631 62.22768144118689
2851 866.6160367805722 834.9726052822683 69.6733671930436
2852 862.5651529920401 831.3396391425248 62.26381655034823
2853 863.6593219434091 835.1836021207091 56.18215739072655
2854 856.3754030756911 823.8589391019345 57.92156449479636
2855 866.8669134042626 822.5112780490067 54.75665662665374
2856 862.5883475416333 834.3071827694215 71.72639406427135
2857 861.833901925147 838.9820898960721 55.53408056168848
2858 855.3843275557534 828.2767039859524 58.44339080911605
2859 859.3626968625448 849.5201043587784 69.54273469307323
2860 866.7974668774912 834.3470514035355 55.54950022252672
2861 852.6055954615306 829.3837314374191 52.96018608274964
2862 865.8947035143067 828.0586998578419 53.80699204536847
2863 866.6706593533369 833.3765897039509 58.70112545874598
2864 862.5390856958373 887.3180521582294 69.98559537307007
2865 858.0879060412857 820.7525565183862 58.64521651197255
2866 865.8314128208168 821.075978241137 39.60906661402871
2867 857.7785813200516 823.3664854372598 63.47435412692095
2868 864.0904906339536 832.4676340124805 68.10613123065276
2869 855.4842616947019 833.4052897906371 41.65662529251794
2870 859.763103169952 835.9840801252243 68.02454473913581
2871 860.0664680484595 836.0502231051461 59.17913470852078
2872 862.0003353137743 849.7576673982992 70.19122485549633
2873 852.804323087193 850.6651436928819 62.88057475571821
2874 853.8490419748708 864.3740280254607 67.69858674611412
2875 857.6320012467003 830.3051336792221 66.3489387869145
2876 866.4788903196518 827.0879520628533 8.640083823255134
2877 858.7251083187641 838.1940704488715 59.03909886295536
2878 864.3184305712776 835.662376226653 64.83255964196893
2879 869.1395454858774 826.6082950005729 54.11037879016823
2880 860.6763100448862 834.0373193280763 64.05684140276422
2881 857.2315937357672 833.3827712880242 54.6893499056245
2882 854.2218433175174 844.179331316962 69.86401208903787
2883 862.0709725675042 823.1362537806109 58.34144764025486
2884 865.013286743601 843.258823830756 66.97736949168196
2885 866.6022938974293 881.1587984650781 63.60985682242391
2886 869.1436932516523 829.0779874620724 56.34711179602517
2887 856.5956884220318 825.6821700273223 37.33477959272399
2888 863.8797972595584 839.9457538573494 68.84664905507412
2889 854.0708090128109 831.836176853547 47.96708659768511
2890 857.8443217104953 835.0598441174504 61.82123709892585
2891 863.0112357267404 823.4112155639503 36.87866185119291
2892 853.442595293649 829.1961836421827 39.50293966431089
2893 868.6974486130642 842.5880247905112 66.47696259323475
2894 862.6368731759442 833.7236083260177 27.40333292822856
2895 857.0982484598563 852.1027575786484 72.51298849457862
2896 855.3301663629757 823.2454210843589 59.94140473774568
2897 853.242422895387 832.3168163741466 55.26783823979087
2898 852.1844803830708 828.6443468718778 48.60587304039311
2899 856.0649337506985 845.3356782144751 64.2473685361722
2900 869.3928357888624 827.0079285267162 50.99100506706593
2901 869.190562722775 827.5762191457325 49.3870398676023
2902 853.7867935717119 832.8274613188045 53.64665918461598
2903 867.5658907843283 823.5461851767506 43.47871139205635
2904 852.4545781228952 825.8484546295246 54.53851600379206
2905 854.528794412345 821.8423925749804 54.94920369482998
2906 868.5521989715419 830.4950861035207 52.90573877931126
2907 859.8657862868365 835.0393436349743 41.25025988695904
2908 857.7499718068819 834.5547002033746 48.38283547028257
2909 857.622141177545 838.8645150369791 67.11248674519183
2910 868.555318413898 831.879804081343 54.53676108889729
2911 857.7098281130217 828.0106457884582 65.52474043326754
2912 858.4381974731417 824.2489879544562 34.33718625995657
2913 856.0968303923366 835.6387381586612 68.06865201026581
2914 857.5100287083087 835.1555323768173 51.26320455170433
2915 857.8615307152372 835.9363667904119 63.89440974692292
2916 857.5593918135265 834.6797179082953 44.82793878114689
2917 862.3027408408137 821.122372926936 59.64734122216605
2918 857.5518468675264 823.6577892561651 51.50238553265784
2919 864.085318222943 835.9884128863249 68.49059449423522
2920 865.2078227022304 833.3010801152948 56.45763732933889
2921 858.4951557201379 832.0236852040665 46.15346496452087
2922 856.8484262825006 830.4142234579587 60.33740548011491
2923 867.5390572877692 852.1458039590077 69.13582737259526
2924 853.1708741162466 828.7755421543106 32.45973071187615
2925 857.626647540568 846.5574255207475 67.21896530064679
2926 855.4311931450763 824.3887068024587 47.85186974608759
2927 862.3978587999867 832.711512303246 60.5517632653692
2928 860.2933448177757 838.3386976819569 55.3464279198475
2929 858.1427937318754 857.680477349357 65.60008216370812
2930 869.0672648614014 828.0538658145344 47.54106743002314
2931 854.6808404613868 838.5102970649064 58.14876310300634
2932 865.8210775596477 831.6917745922731 69.06494248257698
2933 863.5325782130649 831.4055060120638 50.11451863696553
2934 854.9096773512911 875.5302370519486 65.73378414122762
2935 863.354004210766 840.0175360279362 59.45984643923976
2936 852.5060470753987 840.6753597777384 67.81454943044182
2937 862.7859492063156 826.3784544321664 55.42765669837746
2938 859.5589823895716 824.420523708627 60.58876491501093
2939 853.8662403566909 826.2752253855407 21.34466626170927
2940 864.3047218148751 844.0179932227385 64.30863690121862
2941 860.4740361931317 830.6377802492559 47.72515588654493
2942 854.3045897249957 846.6044495673772 59.78618054735539
2943 852.9280915437932 841.8687691484222 61.77396670771066
2944 856.777396617707 824.8860214379861 64.39832388356697
2945 862.4934793477767 828.255469919683 60.61135846737407
2946 861.5711957243557 833.4331018536643 53.67759330680394
2947 868.4260682461553 851.7703742264363 65.05383530736414
2948 859.8728781233214 881.6058349449249 70.87051986831753
2949 865.1604465633825 824.3712309659412 58.62759596467463
2950 857.4469648017988 831.1755244877038 49.8505784024205
2951 864.4227082436774 819.9136977860771 54.83131881738066
2952 863.2950159687996 827.9304412763275 64.16226681537142
2953 860.170961976298 819.0760476548315 53.86742394134539
2954 863.69231147474 828.2052567855225 48.86022290210468
2955 857.0857275551266 828.9144327128556 51.10567989166444
2956 859.2413167914951 823.7542395676069 55.54143399902973
2957 854.4448837292292 822.0686956733123 41.28049431400741
2958 867.9840290354971 824.8840701574925 38.18668327408299
2959 860.2379061463535 864.3836536860455 57.68848907112724
2960 868.1325033970647 826.9967553471657 61.73974529638424
2961 858.6822958868637 834.4137457075739 30.39192939372689
2962 860.128083960457 866.2420319761677 64.67246956501317
2963 853.599151548199 856.679954074987 61.39210025283532
2964 860.1663404652186 832.7869260304785 11.81589917829189
2965 866.389822274459 824.8597672867195 13.18614161445653
2966 865.5543705007743 840.4085886462973 65.38110605209715
2967 859.6619630475938 856.7151725244162 72.65211592031022
2968 866.2493311264529 833.6539385026857 49.36065674419559
2969 859.3390929069545 825.2409763952223 65.77850298807006
2970 855.3937691725974 843.9394376473349 71.50352132971119
2971 869.0253195274041 835.6514937698248 65.44852982311505
2972 858.6618892022609 841.5278469732755 62.1158015081098
2973 866.8448669142551 836.0779454520613 56.50281703849831
2974 861.609229338772 831.704625718629 57.42424175098575
2975 859.0833907868688 822.2367339008739 48.52910732361101
2976 865.524652416352 827.9732959524315 38.15438232327944
2977 854.7714033784313 843.0332411090046 59.34611922082422
2978 855.0802470814699 841.7469543717505 63.39058186623105
2979 857.4747472565289 828.716265650576 33.48151946927992
2980 858.2802168837478 830.2275315166464 70.05019833006342
2981 860.0396019211247 841.286292852035 70.2849240666405
2982 863.6654499734449 836.1165960999673 62.6717242081472
2983 856.1251145859757 827.1722365702844 61.4473672566146
2984 864.1278015094127 844.4136325108436 59.68579145421567
2985 867.6313765571804 828.7052811727947 64.95391349502664
2986 868.4145902755696 828.4358897920204 62.85582734160867
2987 862.9913494422872 828.3474263270626 56.58222934225282
2988 868.494138961619 856.4745832090491 64.10571914552004
2989 854.330272056967 835.2762215559768 61.7539152908322
2990 857.4107548594504 843.919649741634 57.19428057632366
2991 859.4450869764105 821.3029950479997 50.1713367867025
2992 861.8447120432694 846.0747964693545 66.88792559742488
2993 858.6915504711129 834.7642773870574 35.8633227688042
2994 858.3983777918198 826.5429750807484 62.85379464864751
2995 859.1931810714374 836.4742884357487 70.1932032364515
2996 856.0008230760635 836.8749011139985 58.83788062919589
2997 864.5001490549162 830.3330920716535 61.51320730436336
2998 857.2252018280744 840.3935252490558 60.38461447783419
2999 855.6347450052252 832.0281954677267 69.15200020184136
3000 859.3114425740415 844.4919944169774 64.70771111025363
3001 857.4114918883972 882.6994273606094 59.69264757836589
3002 857.6316318961366 820.3344833688332 56.69231595804479
3003 868.0817233178068 824.2484467784731 57.52616320727508
3004 856.134029267554 830.5826928238073 62.40087442216834
3005 858.3851921550282 825.7593440168445 59.42485391614205
3006 854.4678908135436 855.7501768497896 69.6431331683426
3007 859.2109628950743 839.585538254936 67.70580284771233
3008 852.5800752846981 826.2410350354093 57.73627570521272
3009 867.3191514294227 838.8429720707094 58.93739311141602
3010 859.6339969988661 833.8512520629073 52.60285835742306
3011 866.3243520315091 837.2490476938597 65.12985716679268
3012 859.625399660464 835.1150036348347 60.97596760023846
3013 859.6760630860828 835.5102984993671 48.95973545798596
3014 852.0832310156837 835.3485663615251 62.97261102085766
3015 864.9056990225259 839.7134066019437 61.30367706225135
3016 866.9650538943952 822.9241480090845 31.16978266093878
3017 858.7316363409483 829.4506833959636 57.83811529112451
3018 862.0694707549707 833.2437060175949 56.59242998302025
3019 865.6923731173306 830.076924592221 46.46013513887493
3020 854.4004780987659 827.5273887661285 48.33490914970837
3021 854.5675941072768 825.5187664859756 62.33423625617682
3022 859.7426335081163 830.4490383041307 37.72278887490786
3023 861.831534239035 835.2821643661258 45.97065786706444
3024 862.7629956023146 826.3366578583316 47.42609048784993
3025 868.3840514218438 838.8918641742099 61.57724935804251
3026 862.5554884559521 836.5407277102963 69.64942635740232
3027 864.0447237368343 854.3491323453665 72.31652807286596
3028 865.4400956693977 828.9984839137148 42.7557370011366
3029 868.9720576447378 830.9063624385309 56.50263552949042
3030 862.9204697034778 839.3543862799293 63.5013940979214
3031 855.2441221579642 830.9962282803616 65.41549277245129
3032 857.1036610548219 844.041349476924 69.41984479431099
3033 864.7767440878107 829.6627917161297 65.06848276215534
3034 853.3421945442904 836.8729254295696 58.9338391288565
3035 855.5047447108467 852.4794029988639 70.49080163627747
3036 861.2370382955112 860.1631166772887 66.91771092842527
3037 852.4149341203844 838.7394462009365 67.04891681596075
3038 859.1861160618678 825.751722960666 46.08109674800478
3039 855.7063424521393 832.4224215241335 28.29524064042797
3040 857.5080384959989 819.4718225966247 47.23816770421198
3041 855.4316987616287 858.0038889472656 59.21306497890151
3042 862.3252781506266 846.5792417384973 70.30677734974358
3043 861.0124141325158 846.5249065746167 62.87162154020938
3044 854.0540212123477 832.2943398672253 43.52522515350053
3045 865.4288238974387 837.8832827183344 56.48905862558099
3046 854.9289154951183 825.5513152391759 49.39049944715779
3047 864.2135640136129 828.4969735578168 30.56323253634113
3048 855.0441812193973 834.7220080819355 63.97519011096649
3049 857.7565204615535 819.5739120345943 50.89071492095371
3050 864.7486012499051 847.8585953560359 58.08546886957174
3051 855.514762134336 839.4093763580736 66.28487466425059
3052 858.0999608154746 829.147547047374 68.78667514418677
3053 865.548384791702 836.7389828405014 60.32888169513885
3054 860.1032829337554 839.8944542553024 62.46065563143566
3055 858.4528068076936 819.5372029462707 41.80618757533954
3056 861.0481846540222 843.13274753468 63.09651864675343
3057 865.4930148256581 835.1225966900423 59.31138542819723
3058 860.4316222072339 839.4285732376941 58.48154031958616
3059 863.1400813188425 841.994022851752 72.91955919889421
3060 854.214641661836 826.75855435805 11.62474584561317
3061 859.1767817114836 828.5995150088025 52.35812408162752
3062 869.2636112412118 830.3052902637953 59.82188892408337
3063 851.9807334321204 825.7792785930085 52.60758935711115
3064 863.5839467259013 866.211539748188 58.82300928540742
3065 868.6765778926506 826.3199209710302 43.9616193221685
3066 855.3695772319765 827.2249966462924 65.73031841394024
3067 858.625308798251 847.0594033218284 69.65440650444893
3068 866.1731073032622 832.8506117788633 32.06723089660837
3069 855.672679727658 833.2882090239564 36.05781045370951
3070 852.8686679139125 831.4021825017727 51.96315019535788
3071 860.8567963426354 846.1830086009879 60.21283571687625
3072 859.2427475769238 842.5401890419824 66.99654215832503
3073 859.6881387480003 842.2242294872917 73.65428208724036
3074 866.4796872792998 826.2888128736021 56.3156894852561
3075 859.477305868387 826.6492963303181 39.33648486391873
3076 857.4154839368862 855.2747251777356 68.53048364379097
3077 854.2467998611653 868.4668136654441 68.17382324578007
3078 868.3358475592548 824.1199554290968 48.97269688037945
3079 862.6783511623144 824.4190195106233 51.1525566560042
3080 860.8987544265744 837.061611346831 60.74558777428244
3081 858.3520352169949 839.6798420670131 70.82762982929799
3082 861.3815165359074 832.5587479601581 45.91608875804537
3083 864.8738519318765 823.0051122744389 53.17177341332089
3084 861.1400189095933 832.3578640722939 62.85126132140697
3085 858.9832571121483 824.7947502750019 48.74088375096604
3086 867.0833173401527 829.1468432434758 59.54737040842593
3087 859.0029595342785 833.06366559074 71.48998030551431
3088 862.8690519721548 838.5968997587665 73.02580464630006
3089 854.7362326410752 830.166796987833 60.64508360574341
3090 862.7921097603939 823.7450636436745 64.34334215559143
3091 855.0517296596063 820.9693996829969 53.49840524358403
3092 863.445432454923 822.3416796507687 56.24414367398118
3093 867.4250187600564 844.4671841489293 59.81214344280443
3094 857.6750412052826 820.1703826663335 29.83883843908323
3095 857.6512136709836 820.2500280455869 34.33823325466313
3096 865.8577136474003 840.7745620998496 71.55317908060341
3097 855.6408318097851 834.1095409676662 50.7961184022506
3098 853.426246832862 823.9143872037561 56.10445915177358
3099 857.2511050532047 827.0213275854836 55.58775067042721
3100 869.1139927558788 828.8435575983232 54.61184018384352
3101 857.3448784683357 832.8731781196976 51.6309741594219
3102 868.8620368860737 824.7012031656811 47.47564817893541
3103 864.2723496525233 821.7303569699404 60.25855519715296
3104 865.8223238789179 836.1379879971273 71.02827147311149
3105 865.4749876367235 859.7664522169091 59.2509045742116
3106 864.1247034649646 832.116775449638 46.23781246385783
3107 862.7388818492338 827.5717270234389 67.99009141589688
3108 863.0572484709396 841.238241038314 56.65608019202983
3109 857.6556102442098 829.2707699809687 63.81933488302361
3110 863.4288624881474 852.0789383754739 57.24133870712434
3111 861.4458064969423 837.248817503609 54.02228213748842
3112 853.0087120595339 824.2884340386501 41.69505267777406
3113 862.2942144416162 825.1114679575861 66.21916407598859
3114 859.9574721163833 874.1293352416061 71.18355054881486
3115 864.2476469562614 829.7379797445673 54.5552636539892
3116 866.7181541894103 834.7384673422208 62.65744444195172
3117 867.5603363185306 847.7729797467384 69.10343927822778
3118 861.1947306352614 820.0506639863985 27.44030369733209
3119 868.9371212947841 844.5010351675328 63.6148353313727
3120 865.3595298715718 822.3778144225316 26.73261992673704
3121 862.3995902555193 827.2690500941973 50.82755095150159
3122 865.9576467781395 841.437894050262 60.99909846769631
3123 857.5621639688901 825.6660215938182 30.6433853501215
3124 861.2082453497611 827.1979482954025 64.33415307981821
3125 859.4000584725386 835.0154062390149 33.40360877559782
3126 865.9341983506 832.0251379516238 52.39897985100463
3127 858.3880863021924 834.9721542889876 55.44404972970393
3128 862.2999767651476 826.2459138363404 59.37775934314466
3129 859.244237077649 836.5265775079534 65.39728998953044
3130 862.4569545058508 825.4529724330706 62.76266470980412
3131 860.3481058805473 827.5319194048227 53.46860615354457
3132 866.1442643012604 820.6268479588075 49.97980937767817
3133 852.258260945723 827.5217275927012 43.94996778087027
3134 854.4377911378112 841.9927389858623 71.00021992403485
3135 860.3761562148032 834.1246526670258 72.20446721898584
3136 856.6507518697525 839.2837130984556 63.64456590129664
3137 863.5902401358487 837.4725322451434 65.66229339203069
3138 853.0074096388112 851.6529824059639 67.33390741654196
3139 866.0327699583602 831.3612287678142 64.49471000025545
3140 858.2727180463686 830.0708166338279 54.01197052304105
3141 861.4591532824652 834.4082597709623 67.11042133781208
3142 867.9368159565851 830.5227200830125 65.16744205871049
3143 858.8701926022045 838.3548850472326 60.87059407627229
3144 856.5623790273992 842.179150241593 72.52137114648563
3145 859.5379054215675 852.4771530688837 66.68054867532642
3146 858.3268811679176 842.0124877509783 56.62220777144614
3147 859.0846943676881 824.7865617078477 62.35599264814636
3148 864.8345355151415 825.0840482757289 41.72444788806926
3149 852.0347315720546 829.9870102769075 60.37090828055547
3150 864.9097287467202 828.7738604390067 63.12809823829337
3151 855.3988348825944 823.8036277689461 54.89193703087921
3152 864.6286267149416 822.2281542231078 50.91691402067493
3153 867.8639337656854 836.1308082001666 58.10662017869093
3154 862.0118603996439 835.3980886666898 42.9061810544797
3155 856.9524706935018 822.7716162055601 48.41670197908854
3156 863.4359690209794 880.9720833739274 59.40009947672651
3157 866.8532987540291 832.958786166816 68.96626503388383
3158 859.0703502273957 836.1920767239563 53.48459956264693
3159 865.5462039175081 887.5496493401449 63.05861449336424
3160 853.9257546186457 844.4948975283334 59.84170816132836
3161 865.0423975003681 844.4316552221514 61.99425529055475
3162 857.4134429760927 850.6870630110678 68.3490635395067
3163 858.3834340304387 844.7044335574165 60.81105768584138
3164 857.8105853954955 849.3447865391812 61.94896165374467
3165 858.8804127868805 829.1197211795915 47.04893364220357
3166 859.3255936077448 847.5109913878561 65.96073812797489
3167 864.9600910837501 851.3167110441426 61.09421708179443
3168 864.1636159105658 855.6891196161044 62.94218607896255
3169 857.916277711147 853.7424901560975 61.84396974802159
3170 864.7777045796493 819.8964788754461 51.22090880772446
3171 865.8706908391883 851.6478845057941 71.4864957285635
3172 868.7591562947493 837.3315750832282 67.33771858905153
3173 852.286242289556 847.8232647479271 67.08572325107296
3174 866.2124090084476 829.9424299558287 67.79252309006893
3175 863.457506499146 846.3148999513832 57.14439821350722
3176 852.2528456279435 824.9805046753801 48.15210595611195
3177 868.6335167407707 828.1928105659224 37.47910583058643
3178 864.5567741126395 822.8003695978987 61.72379508851726
3179 867.3736882367912 829.5887899647674 26.04850087994419
3180 852.6146515482416 844.7426658892862 67.87613705987833
3181 862.1551099502179 840.094159267518 65.38124186566857
3182 862.1988237599892 821.842252755399 42.13019456698874
3183 865.994252692867 829.2141957659554 54.77189674847523
3184 858.7579355868218 831.4301617206254 61.14354134351683
3185 867.7563873186607 823.8519524411037 34.91345990936034
3186 860.6814712698347 849.2145394378437 62.52283320222547
3187 861.2617370510752 844.401090030114 71.1378666906335
3188 867.1087035712329 862.6337929127321 60.72149998696663
3189 855.8283071192665 843.0634944942749 67.22497789400974
3190 856.8216796439864 839.89467736219 72.52511615457766
3191 860.9268558626964 832.2778486599846 43.57773543306386
3192 859.7638271404586 839.2064192035008 65.70639022116093
3193 864.7426213476823 835.9003805424409 53.54817139165443
3194 864.9291936414953 846.3694158345944 72.30589242539608
3195 860.9849239053568 836.866819175039 57.34240737425501
3196 862.9466556580119 821.3288485818059 51.80883669336284
3197 867.5523999209416 830.2945007064034 31.83304501817406
3198 860.6551352966411 818.662613710444 47.35407985499487
3199 857.3739667685146 862.8973056066296 63.24864786647728
3200 862.4686690079581 841.3537826012351 68.57826093183752
3201 864.3771007396649 831.1531534087776 39.68254766424055
3202 860.2178534039537 826.1427983742665 60.48547238167158
3203 852.0929542389326 827.3661129144454 56.30958837270742
3204 855.8326753338257 853.0739260283112 58.73164289314295
3205 865.650437051101 834.1199258119112 70.53135705089433
3206 863.8796721951115 834.6609246731462 67.20224244022745
3207 865.321553868307 824.4923247083365 44.40605113006335
3208 862.7847566043799 831.2945389572765 51.72279599599332
3209 866.7337991492726 830.9351092039891 58.43820365376965
3210 857.492875984686 821.5921651436569 53.25376561953052
3211 853.4751414047128 824.8380517613815 32.43662587547635
3212 864.5551762872892 843.0491818119089 69.60764577663032
3213 866.6710051152436 839.4515293541482 62.40033841321915
3214 856.762188868178 832.056762338659 53.08527425602889
3215 853.4859824142756 822.5993455158819 53.06372234331912
3216 855.9518821939157 831.4247322319155 8.89206537213575
3217 868.8523002785229 833.4831404794104 65.22139397732938
3218 857.7642118209226 859.0490673051096 72.05990057347152
3219 858.7378676243469 842.8552771909365 58.41605677477087
3220 862.6696179756834 857.5014037615025 67.92715948919832
3221 865.4182030965642 848.7146986986826 67.17171456807907
3222 868.4755871727257 846.1788082681093 67.87730639656777
3223 857.4876873370797 831.2741241431178 40.53152181933288
3224 857.3640076917367 842.4826857214632 65.92332365605685
3225 851.9313967368248 830.1696821386092 58.20902125960156
3226 868.5037954708281 840.6301946884519 61.24256392951236
3227 860.3243215677337 820.5589276095236 59.32103950050957
3228 858.3772303493604 819.1760666040133 38.94580590981993
3229 860.0144771617405 829.8012083823359 43.14064313737396
3230 868.1941873681376 859.0077516650636 65.06465861292537
3231 860.9309452707804 823.1086432273107 49.09041104339538
3232 855.8264777977072 824.5077789113652 51.54345133543313
3233 854.7802196663267 848.1159245362537 70.50041718245156
3234 860.9936086173764 844.0167193703128 58.51942497745544
3235 863.1996756632085 841.4831049534159 70.42651115348463
3236 857.4984889321767 832.052380620309 67.40886335828341
3237 859.3513428739841 833.0093587589819 54.59058355318415
3238 854.552547664108 881.9385575046334 66.29937965684086
3239 862.0374175359378 824.9111785488032 31.47491239884216
3240 866.8561314538572 830.4631819010771 61.43730601622919
3241 860.0769820429556 858.2785985828375 61.8084907464417
3242 866.1002271056719 826.5413290278887 45.52695451152776
3243 859.7395996413869 838.2585848047431 70.76838967130853
3244 853.392798476508 862.3209900758843 63.55315701126899
3245 859.7066704951949 831.1544723860561 55.0527675799195
3246 861.9441564279176 852.0801797125511 68.73209041722411
3247 856.2527733095496 821.651439347234 19.2598874544757
3248 856.8294194635472 822.4319486378953 61.24102217161421
3249 861.7387056947783 849.238222565609 73.03092631635357
3250 855.6134861207213 833.8702476763416 57.17821405605726
3251 862.159157263882 835.6178406252355 55.11325898441391
3252 856.4444583673854 834.5862376575226 46.67104177511079
3253 866.7976922949667 822.8727186397042 58.45780426423978
3254 864.0617649750181 820.440065772659 56.97595848945667
3255 862.1727282373647 831.4835632555796 59.02950962356361
3256 866.373720820025 828.8595736656282 51.95446240713928
3257 868.9201211114738 832.9218736991836 63.69276072067889
3258 854.4366371770443 828.3015103440479 60.16177196279117
3259 853.3686250244639 823.1630413684949 44.5689516193724
3260 857.38135588683 822.2495230970437 41.88357150964449
3261 865.6149347986457 826.2547812748929 58.08045046273176
3262 868.5855418566167 853.6856997018747 63.10170944438709
3263 864.962906545884 821.8881676726254 21.74927157475081
3264 857.7880240620824 826.4829438256577 43.76428263914659
3265 864.3610987216875 834.2550703968152 40.52490884714148
3266 862.7880754065443 828.9717213733329 55.0255336425673
3267 859.5760580074856 842.0194836822061 63.67568405909329
3268 866.4917411741417 842.1536033736229 58.64908366682877
3269 868.5240633380357 835.9613271267291 59.88908416876065
3270 858.4499446984451 825.6426574240676 24.85348635847618
3271 869.0501210388826 842.4666345917766 62.63762569719672
3272 868.9038845078755 847.7724510476692 66.03946242200827
3273 866.2572517948801 821.3694913866033 33.74108118875629
3274 859.1633890148386 829.9965054526784 30.86535439785359
3275 865.4207216903519 867.2721854104221 70.15553896634573
3276 865.248527452881 849.9838326345722 58.25912319646223
3277 854.2003998743204 839.5218259265387 70.41896048470404
3278 867.0530598265681 837.8400642443395 70.27794400880596
3279 864.9412626714435 826.220279938192 65.36701253165677
3280 860.6004668206222 842.0387873942396 56.15669205086169
3281 859.2262387131815 832.7950482853422 60.14566971816297
3282 861.6599456048399 835.428126112903 72.7472799894614
3283 868.2125494835281 840.0916098219191 68.92756905521841
3284 861.4523480863197 842.1470277479874 73.65458799128811
3285 855.1505910894895 825.9598044384149 64.34273827365686
3286 859.6345539595158 828.8595227972417 62.52784842233673
3287 859.062664429366 831.5878365711519 63.12284630541867
3288 856.1280178723531 837.1009160458439 55.21375202871555
3289 857.7611357237225 835.4303592768907 59.614496138303
3290 855.6314062918804 840.628366533267 69.39527533357192
3291 858.0186460660428 824.9275738431752 53.95814020494287
3292 868.5897118763473 830.616675569151 50.25269149136499
3293 867.5383997278182 832.2501124990072 49.66769260706079
3294 859.7945367146679 822.1802224769737 39.52157303841307
3295 859.3527767494546 822.2253095004459 58.66640352337978
3296 868.5570781844575 829.3393937801792 39.73819035970234
3297 859.7597165319236 825.8407729480014 64.06884250793262
3298 868.8688468616543 832.7488425791219 57.17698608194286
3299 865.2552905486018 838.2487897475248 68.97020784499
3300 864.2288048954198 834.8831467505147 43.45528777000202
3301 853.8989345214421 836.3351948037499 69.20349992433984
3302 865.3675280151202 882.9298871142819 68.87315399647095
3303 861.7083914864304 836.0006250040203 51.26560041431119
3304 863.9920282154318 829.0855187282799 60.07091425176247
3305 865.7928171532928 858.8604611727505 70.13431562162917
3306 858.1086298886504 836.8251108487054 62.23275598475057
3307 854.4196158508889 822.9655704918453 58.20548241838136
3308 858.8285588196667 846.1864813521087 62.17782588266139
3309 866.7337729253898 827.6140803763769 60.58078808307643
3310 866.7649376278778 827.9132124306079 57.4367697712398
3311 862.3452976859318 833.1748248082265 50.670277728473
3312 854.3739499285024 841.1837035183014 65.25923460124947
3313 852.969184093268 827.8551224882755 62.73351996979265
3314 853.9006082793582 833.9672460189672 62.74795569356876
3315 860.8666598120203 833.935479660438 60.10414983986832
3316 861.6982379403061 828.6587949079061 57.78424717266971
3317 861.4009866327297 823.0561770455315 52.82571560618938
3318 862.4658613616896 842.8435114435962 64.6556926980322
3319 854.1046935929728 827.1218923766872 57.32333282676772
3320 864.4697239118387 846.2367655139678 66.79724488478892
3321 858.5096231580859 848.7559330833046 73.18833799331962
3322 863.3837124108109 834.0147311054603 21.24542188219272
3323 855.59003167224 849.023992985012 64.75945355470736
3324 863.4845474242893 865.3014674799163 63.23053618720066
3325 866.8998858676332 825.6926402355508 63.12273413689888
3326 856.0224554612278 836.2855266251013 64.09897987569508
3327 866.4743445987036 844.9911126755583 67.10295438784112
3328 860.2480963166292 839.8354460560416 71.18861063199954
3329 855.2513616005439 824.9462074385734 56.43516640759483
3330 858.7535211612443 855.2466042508693 57.26767655858854
3331 861.1068071976713 836.9507768412852 71.03565335093225
3332 868.7141103838972 834.3334085183596 58.57210187836441
3333 861.5717315516968 818.7125330548716 49.47894493963079
3334 864.4475006434885 843.9945805869285 72.65958904179242
3335 852.1921029570966 840.2587807907804 62.30841570576985
3336 856.306635378949 855.6071984967335 58.99877664645058
3337 860.6557805624169 823.7241908744562 42.89288029848338
3338 864.506513461245 849.1208589886796 63.07059675959275
3339 859.7005509318178 821.3512508113621 53.35157908932499
3340 860.6246781332176 863.7596073759952 61.6700210816004
3341 868.7367596742331 825.7983985731174 41.79905884233342
3342 867.2753000761141 833.366284698667 64.5151912356805
3343 863.6910543398892 837.9893945290517 58.28107577829941
3344 861.3068939172554 830.7805820891843 70.61742690902422
3345 858.9884751114234 845.9542848502879 56.68426035819627
3346 861.8048360254691 835.6366337090845 68.28269044484355
3347 864.5453219467928 831.6559024668045 55.05923493969095
3348 856.4311498403648 835.418477837314 57.81126845683593
3349 869.2745858207982 839.3271127660767 64.81840143160157
3350 859.7597709536071 828.5430393552626 69.37677876942433
3351 852.4485867486121 833.5847902804699 65.780489252968
3352 855.0248744803253 838.4812015444451 65.2449910689938
3353 852.7784085676725 859.0035557927276 64.23084256127426
3354 853.5136702038565 830.9843074677244 66.88129864501983
3355 860.9194126416687 844.290774227732 60.65837262236538
3356 851.8580748644107 836.5351243073417 64.1725219221225
3357 862.3038529808485 819.2256544313726 54.11471254477693
3358 854.4058384552994 831.9387484926172 60.24926687967739
3359 859.7559380729003 833.4646252249108 62.02354509111338
3360 852.0729078327864 830.6182054360263 55.54279284990928
3361 864.0958627715357 829.0155705983176 68.86667763965774
3362 855.3290220389932 829.7735146101518 63.90775003135223
3363 859.874855750604 855.7090553961228 63.32883956759811
3364 865.5932260175015 820.6003872688342 43.52075473227578
3365 867.562269552604 830.9602932636544 66.96669652589627
3366 863.5961174900051 838.0644413099586 62.25807316390669
3367 867.2151170243111 824.9851916380521 61.4483713790751
3368 865.3414806597864 834.5335847349185 50.85453370671821
3369 852.8317022527455 830.6901490787708 48.86343342280471
3370 860.8472543200659 822.0744537398843 58.20094289980127
3371 862.3849774076617 831.2893662688351 67.0061182215216
3372 864.9745457090897 834.8351515850782 48.71789167664555
3373 865.4177035958932 873.6034650451649 70.09697345139459
3374 867.4878453365257 832.2285465999979 43.51375950412064
3375 853.8550589536212 821.858415470562 49.56618644313485
3376 862.8531458206886 856.993413651744 57.81582584070865
3377 865.709624029666 828.7275163291414 48.44847940304199
3378 869.1974552837994 834.2117662852598 62.37365703575817
3379 866.7818152271653 836.4219453081379 61.46313404869958
3380 854.5747554551325 825.6305958426893 54.84793867677686
3381 864.7073662144436 836.2975295289565 57.40243635880469
3382 868.1968467895002 823.2924949399978 53.76009810216919
3383 858.8507899816261 845.3553557165366 73.55440791397942
3384 858.7759251320119 834.2419630402525 69.34763724726378
3385 860.4810656164103 850.3333061616858 64.61187296185965
3386 854.3251521220841 833.1431535500441 65.0327161552502
3387 864.6600808096689 860.2712152417743 66.16441663583549
3388 862.1295689471424 822.141700398073 54.49405099125837
3389 866.5479972161064 828.3744527522171 66.3633822226225
3390 853.4648446402355 823.6604580384528 38.44153211096719
3391 855.6831546906963 833.4190310562476 67.21976305388699
3392 854.5777274489915 822.7627876510893 28.70199141967782
3393 857.5435080304078 842.954417273227 71.22776261105811
3394 856.1325938770887 831.1319791586461 47.73511530192169
3395 851.8552301186642 839.8616142006788 66.00111745979069
3396 863.4362315005075 838.465377026426 55.2938367242262
3397 866.8938662312443 832.5123416578983 40.61958999944332
3398 859.267265380094 834.5895152940805 26.7276672914282
3399 863.0070838048523 832.1934267239587 71.15515653003926
3400 865.5664737855623 831.7200520207589 49.96411373982086
3401 857.4345283951657 832.3772193005456 60.31468753086971
3402 866.1421480517407 848.790950767839 71.15462570829884
3403 866.561545089413 841.8921326809771 66.18170179256566
3404 864.4897103799717 837.5342599919612 72.0945500418531
3405 862.889587994888 864.1863464663605 67.45605337926982
3406 868.6585046160176 825.6632357316986 58.91491886936259
3407 858.0299516703813 852.3487369599212 57.12187122385971
3408 852.4845826145556 832.8830620091604 57.25056776466284
3409 859.4701243485335 832.4922585946541 48.65795398046924
3410 852.6150294178789 837.9173978670181 61.12678034737144
3411 862.9311547874003 842.9638909387037 67.76592897156223
3412 856.9900767494404 821.0345952149074 26.12031224172199
3413 857.7568592362533 838.1686209744026 57.4774035439551
3414 861.1216618951927 821.604783723727 44.81451405859065
3415 857.7451378489056 834.8875226136335 42.7391401331414
3416 859.873804361863 821.6639940555841 56.39022249523092
3417 861.3932891546768 837.0678485253344 73.11592343308948
3418 862.1804872594403 823.8520050626535 46.70667053917825
3419 852.8116963332167 846.1175953445977 61.64563842699647
3420 852.8862570501782 854.5618250169541 67.43169055419399
3421 865.9430185929479 852.0169793972916 66.89046119601008
3422 853.3323204072611 824.4381975730289 35.53851156633898
3423 864.2280904141879 841.8994984000851 63.90323094734475
3424 860.8011235550821 840.6079242373687 68.44668917725048
3425 862.8330305416504 836.5510320619213 64.06839296311261
3426 862.8033963563292 853.2453180563372 66.86103821624658
3427 858.2136706194236 821.9003130043524 45.07049238430082
3428 868.6834995882522 825.5881479221605 56.21394617234115
3429 862.6372815444638 841.7256032519443 58.38769334438978
3430 863.8545849189616 846.5546492766222 60.67410395943171
3431 867.8478136166362 822.1481305343774 49.818638104707
3432 852.1674191668727 832.5005326995069 64.14652359260195
3433 863.5997389797517 854.0780917052509 59.83743423088112
3434 866.0850240009986 837.1994340942377 67.56117198348498
3435 859.5483221925607 837.6668101159519 73.1809785146185
3436 858.0279557222788 869.532350024109 71.5396142427779
3437 852.0493604886143 834.6745815490684 61.45316435898238
3438 862.6565312741278 823.8756092284519 61.45645071861762
3439 866.5702617927367 825.0611274442875 47.1915964063769
3440 857.0469918911007 836.8492321809035 69.96405255572431
3441 856.1502101079499 838.9200148140247 56.68141055379775
3442 852.4396521034282 824.849844907206 46.01055259371864
3443 866.4971742648845 826.0207156505404 4.141337919230296
3444 864.602336336882 831.3337434683241 4.209859957406988
3445 852.013343085255 829.3074150329051 56.55368376899569
3446 857.4035463460211 827.129045090934 63.77131237042697
3447 857.6083521541879 866.9406322571788 57.70083612866036
3448 858.0151317672895 822.4223434575753 9.078669211905167
3449 866.4193595722902 834.6978598372826 67.05917288913389
3450 855.8932309062961 820.2619935558893 48.22259779958504
3451 869.1734294315062 840.9143291816848 66.87108924325453
3452 866.2226367178168 834.7999899371774 53.97507075478448
3453 866.5974128210148 827.0293190030445 64.99651892248787
3454 863.5192662976475 823.220281949299 59.87639143731035
3455 862.0794845771376 834.7905495137638 65.47149836179204
3456 851.9520243726777 827.3541571798243 53.88410321840869
3457 861.2399930802503 830.0574890019107 64.76071308919634
3458 853.5014253774762 829.1445112757667 26.65183962821845
3459 855.9464319644391 827.0029962162549 40.58064052951417
3460 868.8440328776383 837.143145598543 61.13496266921589
3461 862.8139025469709 836.3648034565603 52.87101403870238
3462 863.2374856213356 836.6509413176743 60.96223220102762
3463 858.0143098075747 836.8487250767386 67.33494719587587
3464 861.9804480788438 842.2305251874025 61.55401830171905
3465 860.9168643999867 836.5376698684704 66.727305554808
3466 866.3081210503913 844.7714428501534 63.61389821613825
3467 854.2777911267962 839.7603007860287 67.9463310032595
3468 858.6223186996075 864.987826349053 72.10690182975152
3469 864.6582960650726 839.2478936264005 62.89526032530038
3470 851.8625291060657 833.0623699894998 60.60041098119531
3471 854.1938919080615 836.9604615885804 57.39869548001447
3472 862.8238997965578 821.3875626830418 48.52970891471924
3473 853.94713165443 837.693067401353 70.29802803487553
3474 861.8513061756788 821.459245836185 61.60489945286064
3475 857.6988556126299 837.0690655609436 54.38259890196915
3476 866.5451938734449 828.5136399816979 62.21471764836318
3477 855.1975262533674 834.7007935925296 70.23362441686376
3478 854.2093848554986 835.4344650627576 59.86000715983344
3479 865.1215098064049 820.0199934504215 46.05147943590841
3480 854.3580343993927 821.7972680444915 38.98701325733673
3481 857.8821184068206 819.5681875476696 54.93685789319363
3482 866.8539426639597 824.7361940488465 53.48540767686265
3483 859.3217385045746 827.3093084640738 68.33546713619465
3484 857.2170307998558 824.0354332423302 56.02911337874165
3485 857.3633999356249 831.5884290750516 70.52426571602884
3486 857.669043100109 848.539939805866 59.3009967308971
3487 860.4980626684267 831.835245438949 53.64803631565369
3488 860.5771780422914 828.3556998347779 50.53792106795755
3489 861.306718723422 877.7934745590117 71.96911142574695
3490 857.4009677379745 832.6636844593038 47.96743900210743
3491 861.527547124925 829.4361845779263 61.71318140454868
3492 857.020983254616 843.6360337521337 64.01369597218327
3493 854.7389311475521 844.0587386660411 63.55124023491766
3494 861.8160710267357 840.5188081827159 71.88811111353311
3495 865.1377853926386 833.4429202202427 62.02084456314228
3496 855.9826619175547 874.0870694703417 59.76652698225623
3497 856.8733693563637 844.6606394820402 65.90557070957999
3498 858.9296191449678 820.1686091052691 16.25432999472137
3499 866.0468939110626 842.1418483267007 68.39585485061879
3500 867.8865267091984 842.9016005656952 69.57526830487284
3501 857.8266490587544 824.9634142147004 65.81619695297827
3502 865.3789229355831 822.0838508995612 58.92271857033375
3503 855.3727176060131 861.8692560421139 70.4700188130896
3504 868.3834411262294 829.1569954019077 34.38345046236132
3505 860.4688577558205 821.9148508650233 35.91652629314591
3506 863.391115590495 831.599384655141 57.38175539702988
3507 854.90437241477 834.9564837491465 53.74633166172416
3508 854.1378534808443 829.8277834871102 57.62820093754151
3509 856.1791063621167 846.9440982322454 65.67513564834579
3510 863.4127749984721 846.2153560386015 64.39728362928761
3511 866.842837360624 833.1526014873826 51.14727472271704
3512 857.0144650322636 859.576360332909 58.06314397945226
3513 852.8439945684991 853.6802570819705 62.455842854645
3514 854.414465880431 821.4416126057887 43.58017941715404
3515 862.6158804260128 836.1519164790003 57.32215790581716
3516 857.9604635548516 888.4952083594341 70.75679157937971
3517 852.6618428451145 830.1278653953136 47.00785214753996
3518 863.602906344283 840.8597881634219 67.12403243966035
3519 858.4210232923275 832.7388923136317 58.28447001970954
3520 858.2347221144983 822.0596639619278 55.19108337115514
3521 857.4269950012947 821.6469296531945 50.86503323600219
3522 868.3482336854017 857.2815603671635 67.14423081452695
3523 865.2923821839553 829.7294937390689 35.92660923566365
3524 859.0030196490751 832.677879170351 41.62809089216385
3525 862.1337532767325 843.6668764317861 56.35741205542256
3526 858.5725737260236 829.5464399213407 60.78725824211035
3527 857.4464107346724 819.0830859747581 48.9982155088574
3528 856.1361134127026 834.7736637953368 65.66226072241619
3529 865.8469485713601 820.8056664566425 55.5372435190025
3530 861.193875420196 834.259249284522 51.91167791953649
3531 867.0509195875119 821.4944354349587 52.998704549464
3532 864.4117562378701 832.3663409996263 63.40855394750946
3533 860.9480372111211 818.7598170113758 52.25831622685127
3534 867.6245377259626 828.6685085924142 17.86134720913969
3535 859.9066530010408 834.0184447010072 57.2260337551466
3536 862.5512805449492 845.3338847870369 59.33646072599759
3537 853.4125483149517 825.5929493847291 29.44781131582832
3538 868.8814581267746 846.1820882935041 62.13141566915525
3539 860.0099326967648 868.3814210143865 57.43281532348689
3540 859.4921002101305 830.6613512905037 66.70293692942791
3541 858.1772776552107 837.785584330276 65.66883462531121
3542 858.8387752661048 843.2391195225937 62.62777480429042
3543 854.2477385283545 839.6718585040272 64.43437266182741
3544 857.1526746378901 829.0065125800384 59.13164792445487
3545 864.1163104226518 835.5075777793214 72.04052668438803
3546 865.4483560152728 831.2006940217528 56.80351750097007
3547 859.3640584906658 843.8530250865946 68.84087380698328
3548 864.3159070008196 824.6400677092655 64.85383430199809
3549 866.9405570836877 841.6963668865928 64.12886584162551
3550 860.4745798163358 832.4084603759145 69.49987706138083
3551 860.7893114396286 841.1438319278344 64.38914856287779
3552 863.5777490089637 833.6182228784949 64.99767661341602
3553 863.0434639646689 830.1584770297097 27.71714361362879
3554 859.1858065833867 833.447601084138 67.11037519815882
3555 864.5493177251764 828.5223969373662 44.51438191221119
3556 864.0622896452302 819.9777479246083 41.25166683061867
3557 853.4926543547043 848.4568829361322 60.81672859592802
3558 856.9011490722676 831.8636900654301 58.9765705230685
3559 865.4868712405541 820.4126510289169 36.92352862704204
3560 855.184605232361 849.3089670792662 62.60062552999536
3561 858.251068135786 826.2062676339123 64.75048128222426
3562 861.561088458986 835.8559736458066 62.38487504918754
3563 860.6082981040465 842.292864480026 58.61160699234829
3564 864.8017861790962 819.6140149246011 48.80835908229975
3565 868.5024789567404 830.4218909793751 44.5454289032322
3566 860.9977944947675 819.0003058057817 42.39532397112426
3567 861.7773896503975 829.4758732198462 59.54479116203695
3568 854.5483565382763 831.0612512731401 62.20308770178259
3569 856.0471159224436 829.4565173346211 68.5306720182132
3570 864.7197402248173 832.7622282574588 10.61588200658616
3571 865.1452294503883 827.7322594157254 59.4842607952638
3572 861.0381656307363 829.2941973254116 67.4334285199679
3573 857.9627100094741 828.7223698597498 48.91856857956021
3574 855.5750228093326 832.0133788001713 54.40205646328534
3575 859.3409430572543 819.3914982308942 56.2744301194763
3576 860.3806390374546 823.7529587684458 59.08221953005655
3577 863.5809014107027 849.1848600813731 59.93418784744314
3578 860.5915753060381 838.6916427413513 67.59681642876234
3579 856.7457531556793 834.2884745107752 33.71552873683301
3580 858.8150588780422 821.8851914313127 62.12497411004309
3581 861.8143687883435 840.342232501092 61.12900483532257
3582 863.8952056857978 820.7810172427525 58.88452188337926
3583 861.3993809830448 838.419066910691 57.46313663057563
3584 863.2365330603416 822.2923568338075 62.53803583082832
3585 864.4195355398213 854.9889047224165 66.64683574892112
3586 864.1980886668265 834.7579796984514 36.5164262104658
3587 866.8569646829006 824.9814186278767 51.74001053783388
3588 856.6041780121923 826.5176397686071 66.69747880873959
3589 865.0045238462337 830.9940080907139 66.49509335319355
3590 852.2629906698309 827.1379395469254 59.2842564891676
3591 865.5535827252373 827.0856584445738 63.01220744966771
3592 860.7472590496648 825.6170041250321 36.22585102679731
3593 858.6602165441819 839.6320201285065 58.22912708215655
3594 853.7881325048726 831.3167245782573 37.68663224960695
3595 862.6042198238808 862.1660607403045 72.28390740790151
3596 863.7158569902169 818.9716264164306 49.86743662402617
3597 867.5925471755254 834.3863020663746 68.53904630559352
3598 858.0380823038882 836.2733473925842 72.41300512557797
3599 866.7209622781171 853.7456023537761 70.62599428334882
3600 852.2139648515422 824.909666797093 50.65388471830769
3601 865.2037242414349 826.5662759902871 48.17203495158779
3602 855.5155785376494 820.9554546544463 56.23857655854539
3603 859.536921601658 823.8536878802975 64.91123524857106
3604 869.3878458059637 832.1170751446724 62.02518589214564
3605 852.0406672211479 837.2388123508417 62.70191183693326
3606 858.3092304267194 843.1430240799469 73.41456078426282
3607 860.263919307404 832.5102438322872 56.61943463456537
3608 853.5813891325245 827.366270227982 55.2789231090447
3609 861.0535279799792 819.2991151007109 34.10187644065897
3610 862.702668712913 819.2731011080617 45.85885922363009
3611 867.2142283457479 839.0991849131564 65.26313218197556
3612 863.6458333896368 832.1806441599882 43.93758835361212
3613 858.9092972955704 839.4082178806235 55.93298362707023
3614 854.7290334156801 820.9446151627417 51.80132735238939
3615 852.6676936964442 826.8165120728821 34.59079501546037
3616 856.9285386592913 825.7688918697843 56.63598491222842
3617 865.3360157986378 823.9307886913791 63.23162160683749
3618 852.4445676667459 829.4604005729716 42.58284535590485
3619 854.8323200724703 827.7102204712154 46.03383806856984
3620 857.2021738485309 869.5402986720241 66.0172796860971
3621 868.6554348547343 829.93544277323 46.9579614288205
3622 868.2414425656546 838.9381151017262 59.93092012358534
3623 868.0581235735358 842.983298824166 61.12597547241397
3624 855.3561292267528 855.0266184865734 63.66321721559822
3625 866.3001290253123 838.5065423261557 60.60784278022354
3626 856.7486216496027 833.1568252158125 24.66863671673091
3627 859.5304140616586 832.0089351046939 65.04383129281977
3628 854.6530723247746 844.7396705259712 65.80080625771691
3629 864.0486446561043 827.508930401091 53.89849045845671
3630 852.0690528749371 848.6957894550311 64.75884346085388
3631 852.1841475499167 829.7776332186215 62.13769185763264
3632 863.603526733069 829.1891542021963 51.26257093975772
3633 860.4123779641726 843.2974320773848 70.0401598853198
3634 856.1405071549785 844.0734037677355 61.08260672844922
3635 869.3206700493218 838.1957957440763 62.80963958150712
3636 857.1309113366758 841.8981656815886 68.12522679342295
3637 857.3254270453034 826.4680999484741 54.15047131730603
3638 868.0963747442468 848.7299394207629 61.48071998662519
3639 869.1450627243412 828.2775088871125 41.61506827454891
3640 868.6664609206512 849.5185126420803 63.93944434908431
3641 867.3072041435211 852.9025776718307 60.04095888499884
3642 857.4098280713947 831.2252765290712 57.22154567390636
3643 853.7376262312109 828.6649955859065 49.82526594209415
3644 853.6411139613338 842.0097862782071 60.14637751690847
3645 866.8099022727995 848.6086275237299 65.19108201489888
3646 855.8031368398053 846.9861957436708 68.36265980095776
3647 856.9430977607478 848.3595455964384 69.30303067754949
3648 853.1324039941735 824.3567495476748 57.58007886704488
3649 859.0764333074171 830.6822931706565 68.21313301191553
3650 864.5075232995663 839.4070930862 70.51849977330291
3651 866.3536929282253 832.5101139233781 65.97312548868156
3652 856.1431889117288 835.6979310260828 62.2528404714006
3653 867.5686675809764 836.3253316106183 63.99401638681154
3654 862.7737070916853 824.8972578285137 42.92683950093647
3655 852.8101858462528 825.4752652355515 59.13032106239589
3656 861.669879216205 868.4249978699659 72.24304912245616
3657 853.9630260754768 834.7424905025507 55.20328248048425
3658 854.3339136591621 838.218112215906 62.06318929314141
3659 855.4631996321779 848.6395719452854 58.46292570019364
3660 862.4574728075104 827.4169553935632 62.39335646771475
3661 862.1319181926165 823.9637452015065 27.75805615528482
3662 869.0831810310618 831.3004638158877 58.19966763993742
3663 857.2086525870628 832.9619309815822 68.82857619642701
3664 858.0899436785843 828.7169035501269 44.01641055494027
3665 852.8509303892425 836.2296729430674 67.64916885613329
3666 859.4467687493481 831.2791616886494 70.90535104409459
3667 857.2880922501083 835.8919234192513 52.65186486705193
3668 868.014000601725 823.611464800503 55.97703787008819
3669 866.6545906408717 847.4304341842776 59.02206710814868
3670 864.2524553689362 837.0243523643212 70.28693135667702
3671 866.6028673440187 824.9227233161018 57.12439458759361
3672 853.1590878873968 872.2167794588493 64.78069927229843
3673 864.9983700844634 829.0812430469856 56.39042467845218
3674 864.1613333481262 833.141505656146 48.98250713273404
3675 868.0219825122946 855.5383640031313 61.35496079403097
3676 861.221282320178 835.174645284144 58.42529341540197
3677 858.4374731577705 841.0512073174934 73.50332566730371
3678 863.8019700318654 826.8172092373434 56.72366070482131
3679 868.0483950601094 824.4231643383326 28.8952524724005
3680 867.7801691837436 825.1859150589088 25.55360548232324
3681 862.1519558344696 832.1570125014216 65.68907472549411
3682 861.6226208442182 826.2217064055374 67.39930666809163
3683 854.7463524326606 824.9817615245664 45.72757201324028
3684 856.8144539000857 834.5570430134987 40.21700754348417
3685 864.9065309311572 841.1895214301375 70.15689490094927
3686 869.052437480496 829.9887384410844 61.90769467160149
3687 862.0799255924675 825.4165623801991 49.65428961002078
3688 860.8035606143693 819.5159528879327 57.58561464937209
3689 858.905981774629 826.9679048371539 47.9665948531513
3690 859.1720875846096 841.1774072709703 68.09340072276828
3691 861.6539865839027 828.4984533139661 52.05355253206383
3692 853.9080758096866 825.9370924717457 16.79142001284887
3693 864.0727865938378 840.20972360211 64.19793410697176
3694 866.4267663858603 842.6040211563079 71.62690146646281
3695 856.138230473131 845.7780012853796 72.20254453392404
3696 865.0496304857724 840.3360086236848 59.71679766230147
3697 867.4239141146046 845.2644646630747 70.29488206939486
3698 862.6545500434258 831.3179795988824 55.86636735631989
3699 867.5832305176916 832.5283939439558 47.52074534655279
3700 859.7543687869764 826.0265006074269 67.40607755612119
3701 867.9270518911613 866.0309142344513 65.66923554571056
3702 857.8863149047651 830.5751261995847 52.05669812175739
3703 856.5582684112201 822.3630068896855 56.11734411886428
3704 851.8726799134374 838.8390989291998 64.44365655055792
3705 857.4296684917439 825.3007342849345 47.5539815892769
3706 856.8536964669794 851.2499755060012 60.9633711436103
3707 865.5095969210132 863.1357838566313 70.90314398347334
3708 859.3874226812069 860.8468030702952 57.02417263275055
3709 869.1712430056532 828.7220480067934 60.49101946397322
3710 858.5706563377759 826.8782345719918 57.34225201427684
3711 858.8798318242588 818.6318009669801 47.61220896682382
3712 856.3730631333244 856.8591458677849 71.43965346230179
3713 852.0143073952975 846.1192953588427 66.17961113025343
3714 863.3656867907828 823.2679333121806 54.30113691867906
3715 858.3836741503673 841.7580573514089 59.70547345982719
3716 859.9691487542113 845.9039998180127 71.66408050453047
3717 854.5805797168675 878.644978810705 61.68543494648272
3718 864.5833694751242 837.3864075589097 55.21562281226469
3719 862.0458826108277 827.1437759078798 66.00291378363815
3720 864.3883724361976 822.1940549701851 49.09104616863636
3721 865.62015799221 823.3398350776592 47.92429847275763
3722 863.5959294771955 821.0620594306539 16.04075733463282
3723 861.0964292479808 820.8856425639696 55.01231442967202
3724 858.5135738870723 835.2604267928303 67.04366926721889
3725 861.3672060405803 830.8451447000831 68.38993371969224
3726 852.9614649479488 861.5344222547843 67.05199459365573
3727 851.840522917045 842.6601785622579 64.78263766396419
3728 862.2550667542109 855.1956049621817 64.57796030157148
3729 859.9150669967879 835.2350625220655 38.7815835144275
3730 868.2969645504916 833.1524731503647 55.7928998627259
3731 854.2607849523212 848.4612349072806 66.2881847560559
3732 859.1309178084344 841.8733693277954 65.2434149595571
3733 865.1594109058698 839.3640697170729 72.3516341335103
3734 864.8036300711407 830.4904677808557 69.56016407865563
3735 861.8704696481539 869.7150515618689 62.80468053650865
3736 852.8744589944137 829.2758511266755 63.79047920338541
3737 868.1564288218005 828.3871559505284 29.29346994175756
3738 858.293430518471 851.8111920926084 63.74710365276583
3739 861.2910488738088 841.0829327258153 57.6098609594352
3740 854.0299201232255 841.5748164964006 67.02255506433323
3741 867.8165866589329 840.5288746126242 59.33956122413641
3742 865.2764285567627 827.5566132683534 61.25581489317098
3743 853.0392251707859 842.2443010281712 69.57222785381869
3744 859.8950147205546 829.8467286235914 63.71796624241883
3745 862.3678719752686 835.3620725071372 40.63468826475672
3746 867.921305372634 822.5810341442749 45.54107782590071
3747 852.5495608244212 835.6093362668266 59.51229557569868
3748 869.3630456912723 831.9543579669925 60.06972062190755
3749 866.3056947296537 852.5775285375099 63.88593132408084
3750 853.6400288637849 828.5647994842888 58.7485621709087
3751 852.3930532873059 824.2453622966515 52.67752257949
3752 862.199216801841 838.0336355509065 64.43816585657663
3753 854.6358275169488 866.9774662058835 60.54090712942401
3754 869.4481398461102 841.5102851121508 65.29800704377925
3755 857.1177890660001 831.3011249949778 37.04383932194806
3756 861.32177340686 875.3152874521274 58.24669846605074
3757 857.8406694168621 832.6654690896407 64.34923384647117
3758 862.2006676836172 826.8144562494535 24.92279780127417
3759 867.5024664731798 831.6009816986525 34.66597308559925
3760 857.1189161938803 820.975904318317 37.45361834561201
3761 856.2664001645477 819.6651002682444 50.41496088554145
3762 855.6122837508533 866.354134513486 70.67239016351368
3763 862.3692145511241 834.1056988427603 59.56471654281835
3764 853.3646134525789 831.9659886681026 46.09964635120685
3765 862.5192509251578 819.4665113782816 56.54931027667388
3766 866.0356192987319 834.0659169936451 47.14161757630708
3767 866.2807539920002 829.2441805487538 64.37585336494801
3768 855.2505155576839 826.7656277383078 59.7211040552555
3769 869.4139804026175 826.1125641979024 48.98354476151692
3770 856.2237516948405 819.9528319886414 41.50011020951924
3771 864.5368216008898 823.0752813879732 39.78786889876274
3772 867.5781493064184 826.9424026436571 51.30892497856312
3773 867.7343404813189 834.3043975647747 61.22158753443433
3774 856.7136311580412 827.2845440521556 49.06396778096681
3775 854.2742431952971 846.2825014619625 70.60721437837185
3776 862.1917405106637 824.0155138238442 34.22239216165345
3777 865.194968843326 826.9308928989126 33.34851916888947
3778 859.2687966331653 831.9203636294703 51.16744964683561
3779 861.6211017744004 840.7380836323459 56.02068840741904
3780 867.78114883483 830.8382834965137 59.71052464223123
3781 867.188246735888 843.3885765901582 62.93109536216742
3782 859.714144944356 835.8666421167854 45.74466961645296
3783 852.0272044802879 850.7346497083493 64.67883102213267
3784 857.8737139539903 834.5389848680288 57.45136132528501
3785 863.4281810953325 827.2732708886089 43.11245812473795
3786 864.8121353861408 833.4482771769151 54.70388126315088
3787 864.0764345717919 850.0809807741147 72.65717542782056
3788 864.1276790688451 821.3064582773222 10.51148817313449
3789 861.9107088390529 827.6772939973666 49.0971659309991
3790 865.3712884837794 830.8736942703611 53.65083785629973
3791 861.091473773381 834.0042786125298 49.14759778182895
3792 852.2542957253353 829.3705020335758 50.69156223217855
3793 864.2895236082933 830.7201935458131 58.57372255002476
3794 859.005726006623 850.0648553038264 59.53542640305369
3795 855.9538446727588 842.0141496399427 60.16427204545437
3796 860.9615908406115 838.9757823705237 73.58233532013635
3797 860.4166325823364 836.4718671154525 52.35948619168805
3798 854.0287115104394 832.1119124289398 34.16094046851607
3799 864.2116346857083 833.8917319518105 71.39975996775534
3800 865.1578130187787 845.6464749577506 57.53133787783336
3801 863.0904635277086 829.4929775360004 64.44917465372018
3802 852.7585392990502 834.3936481986634 67.26644109651494
3803 862.5125676214807 840.3667656281975 73.42504385135048
3804 862.2430559573638 834.1294214893883 55.16640824119815
3805 855.8630934712618 886.8055919837535 61.7377920886176
3806 862.9298228311607 832.6176686999664 54.64403545867
3807 867.5234519011839 826.2283041880441 53.44719629256596
3808 862.9910733273958 832.9602131732507 52.68443361318079
3809 851.9695132257491 826.6129941902077 47.65450718611285
3810 856.6639405888399 819.880869426594 45.76869209777669
3811 860.5015597007121 819.4736121735959 31.1721177570995
3812 853.216959786595 835.0472549594039 57.35336410113813
3813 867.0691379470301 821.6737256993393 41.76812170500549
3814 855.1333417069511 850.6575657230215 66.38238058604009
3815 859.030711286132 834.1420895331506 15.21944446837526
3816 869.3417234603922 826.2949232365111 52.4195869171706
3817 868.8099977039724 852.4787030434433 66.84574888899343
3818 868.276576421432 854.6215105623769 68.47100382891929
3819 854.8657767245024 822.0734512793856 47.99189210301228
3820 859.435925351071 847.5904285195771 63.72023070790757
3821 856.894791599605 834.8691344112003 69.63668354246003
3822 855.0070178380821 821.8488173066987 33.68239549856768
3823 864.794998668008 839.2990013263842 67.28743243381281
3824 863.9842180345639 859.2327954903493 72.27701765736461
3825 869.1555356455561 828.6955514275867 52.23076020065569
3826 856.0879581694074 822.2850241831669 51.84372731160033
3827 856.3979810906094 848.0648149556908 72.17128992555136
3828 863.0421423972331 839.9362760053708 56.0129062695877
3829 860.8993045611707 847.8132194392256 68.51532643167815
3830 852.0986703758583 844.0281207182338 63.5964447468567
3831 863.9268958030647 869.7079807073485 58.52505615452147
3832 855.4987310552837 833.9372931520541 43.85226218613554
3833 865.9601246013093 823.2568443932732 51.24708403762119
3834 863.0356785100602 847.1275912927838 73.0752406214979
3835 868.4035916232808 832.2432342946968 66.42383257112604
3836 868.4396542362847 861.8812166533613 65.503676842147
3837 861.727436705669 825.0447355127575 58.20325772170699
3838 856.3725758939468 819.82502355078 53.81567943813867
3839 865.6174205256053 830.6592914634566 59.90389924778551
3840 859.8372905007017 819.8836083124448 23.00221234967695
3841 867.9489434455014 829.0660135971526 22.84615624817669
3842 860.9050696085692 823.0093228830456 64.20378860116942
3843 869.2371107075672 829.0053311881014 49.66679940586927
3844 863.7218034291731 841.0885696037102 62.37219972251813
3845 853.0511101244915 868.5720798047242 64.20859333967093
3846 864.1114183466565 834.1715509657431 63.11045511868763
3847 855.6486337212942 830.5255810299278 3.257659228008639
3848 851.9200774539698 828.8720025416909 59.26491162480351
3849 859.3109404958492 853.1632726402546 73.03337887958865
3850 867.2333288903639 843.1969924848211 67.35994211916123
3851 866.7786389112787 834.0184549122465 52.62460840573087
3852 862.2581081407412 851.2274736363493 65.5770124336963
3853 868.9327708978379 826.3207406871468 46.26982906613019
3854 855.2747584007312 838.969662884286 59.74904720089918
3855 854.0221452017574 840.0925880629792 59.0382773209577
3856 856.8669787062212 824.0513208435832 53.07301995337006
3857 864.1045338823164 826.7765725285667 63.38846085853157
3858 859.4684586853565 822.5640591630946 60.4008708511816
3859 863.5775364125193 834.5257046407651 33.44213311444868
3860 854.6952631962796 846.7760898125796 63.83047266348721
3861 855.7085477882946 858.7449739610378 63.32802654906818
3862 860.2852627977283 821.1790318619031 61.02671648648425
3863 857.4597690020619 838.1270688505456 72.86679028424255
3864 857.4916695474983 836.4178413315607 56.52538868026243
3865 857.5537959415842 859.3959447732708 61.06960982509707
3866 857.6891643196462 833.9452620376936 60.2342100548719
3867 867.8459034232513 876.6903803234746 65.45267041560248
3868 862.9457157564665 822.4785234239276 50.13655131550173
3869 862.9430344458381 862.5991961358778 57.30842040257047
3870 866.6602719170116 835.2467906733566 58.19828857965038
3871 865.530478574618 830.4349977837136 62.83012954613625
3872 864.0272179239183 842.5366760319761 56.98602038013595
3873 864.6410003808663 826.0959452644396 55.02824543715291
3874 857.1271460291869 828.2994471981946 27.34998497447427
3875 852.651174477785 831.3256161964512 50.27029018897493
3876 859.6280159334251 855.5909781415739 60.0688819318847
3877 858.6781667481564 846.5049876012847 59.15491658149939
3878 867.6592578834288 822.716866926305 38.97273680009668
3879 855.1684736303689 841.1541162206511 61.47660086916844
3880 858.4999900618085 825.7380822401867 55.40162556334742
3881 861.6362662006308 832.9302190577301 39.53704247544787
3882 863.326873463635 829.5732159984206 67.0107205490369
3883 864.3086505574007 835.2082272587461 45.39784327709209
3884 852.0011644163883 836.8642677087715 66.15510191913765
3885 866.4745216098369 830.002244841296 49.98051180810772
3886 859.4276165254516 827.0978140375956 65.9231828692856
3887 854.848146234212 841.68627595667 58.5234750006066
3888 865.6673935549171 831.7366029213458 61.22547091858132
3889 860.6486635389302 824.9033851859539 66.41324936840398
3890 866.9213893907455 850.394738553099 59.56622974062036
3891 864.4075738879845 830.5747754630254 48.25513960674991
3892 852.2908765667713 825.3825837423659 56.14532730940648
3893 865.8086763951021 835.5202816020811 68.29606418542674
3894 862.2678451344144 819.3744629595441 37.26335907935457
3895 861.7916467037268 835.8865820195181 49.32636970735909
3896 869.2273411205243 846.6865841758178 64.43225534786299
3897 865.1610185914761 838.1886509950338 65.88841471508697
3898 860.5341942613538 847.2407228069785 73.46462563562467
3899 861.0453553841844 878.3575486507719 65.14768666162814
3900 854.1934499896186 828.5042951444268 66.04844984997058
3901 864.897013031157 832.848920927163 16.53765303009392
3902 864.9301370356297 825.1398447494698 30.03543470349006
3903 864.202957138338 834.1779937480017 69.37746283816919
3904 868.1216724345962 859.7407743629002 62.0929306937408
3905 852.660250856179 855.9992500638489 64.44099222483275
3906 869.3272794379214 827.2012350266826 55.75878901487572
3907 857.3890709161693 841.0852921737775 70.42733107407413
3908 854.5546276526601 832.9430422077746 52.10523135454459
3909 862.512064156713 833.1621780107605 62.67477847849321
3910 865.9922973974999 845.9039113300885 61.19590949685556
3911 865.6740509670159 821.0863407587691 53.86666179954246
3912 861.8157765369393 840.2840058904109 62.705319153631
3913 856.1396436999967 884.9447624854994 69.77763838107515
3914 857.5351650186481 825.2088873452774 63.14306699181941
3915 869.4517585065294 843.7762028050164 65.32779664462879
3916 852.7551853777684 823.1787070568063 51.00140276981051
3917 854.8541141510407 850.2061300074328 71.17265729125862
3918 864.3445153618023 823.8639611185953 50.01610621524466
3919 867.2427966387748 869.8864301446785 68.11465328171559
3920 862.5725502146356 825.1682360045204 38.7327523845744
3921 865.4012511571141 827.2249347947626 66.55923350142466
3922 855.7963939134185 824.2675696732002 63.18363319258958
3923 867.4434588863398 829.3262115629096 53.81500858829001
3924 869.1117106056229 828.2885624468896 45.38857476434408
3925 858.9298923281726 845.5165428303978 66.54749276170266
3926 859.1405204716789 835.073049938709 64.86745042559733
3927 865.0550385882913 833.6073513002623 58.67231229931715
3928 868.0491202700236 868.9698082997763 63.80299569625506
3929 866.686057086706 835.1997546322884 60.76242300115867
3930 865.5304618034055 855.9995799954751 71.53440152958113
3931 867.5188223938294 824.8043354991275 19.97298328202986
3932 861.9267350776465 830.5198913638554 63.4659573593436
3933 860.0150572993939 830.3570721281823 25.08749900370704
3934 866.1108200743986 837.8664175385057 63.40314045020415
3935 867.8953429763417 837.5372342192111 58.79676616732805
3936 858.0536262926405 835.743782849482 49.94166775318034
3937 851.7753519228863 827.1866361895625 50.0985393767759
3938 868.066243127136 822.4791983160324 52.30788109682253
3939 867.3883148039391 831.9233217492848 63.65931210472313
3940 853.8827390533687 826.2077977088294 63.43522914635886
3941 852.0824930481454 842.7990431404628 66.92180070368767
3942 867.3686244562325 836.4194834077033 66.31875403929234
3943 857.1347918881125 837.5516161548825 63.89553191521575
3944 868.5473224666224 835.1685281355924 67.13577379653807
3945 864.2483544550073 827.5811213157962 67.67463772422295
3946 863.7646227875005 827.0425266315436 60.39614133124437
3947 860.3040921812678 832.9486782113094 37.0347635062535
3948 860.0490661132876 845.6034511709832 69.60326661986842
3949 864.806375300111 841.0871569852092 72.78052171286774
3950 862.0969121986858 837.2907515280521 67.85866217228606
3951 856.3504331673194 869.8844874012026 59.03342727084504
3952 867.2836060266516 828.0761765438715 42.04113482196808
3953 865.6296248982791 842.5348096941472 64.48658495914508
3954 853.8258060591584 828.7492782595264 51.59455651608074
3955 867.811100633502 849.8727064367514 69.65564300340363
3956 854.8501788155554 842.0779105889621 68.75541779649538
3957 867.5251058354004 828.5928890854137 49.11636637698259
3958 857.4692391313771 838.5498321070992 62.00137389270032
3959 853.7154183445884 842.9118550982346 65.81849567799591
3960 855.6565703431298 833.0749263042263 60.05341180440166
3961 869.2338343391365 834.6690468896035 60.76306492434653
3962 856.1701176973668 830.7504597685119 67.08560252152381
3963 854.8132251414518 830.785020417805 68.25444493095819
3964 854.0596328955559 830.8998685120754 64.02512092205934
3965 861.8597324135088 833.2797621962362 64.64092231190534
3966 866.9981478986832 839.5999304044504 70.79947316432451
3967 857.6007187389656 840.959088900551 58.23772173388241
3968 859.2793883154282 833.5389867583119 65.23546527593547
3969 866.3519927977869 855.1674622853718 63.93324218138843
3970 860.2917600176587 827.2559633083567 4.515415080642083
3971 851.8207577445775 831.4204488924203 59.98300695579665
3972 865.5093554845971 832.6241276688082 25.18343996161662
3973 854.8947765938409 830.7402505377449 49.3812854256155
3974 853.4980539046417 826.0360548345936 53.05117924814517
3975 852.5396163862979 830.6463644212879 65.02413206045114
3976 867.0839874353106 826.0036592066859 58.4691391283365
3977 864.8625040284828 829.4125728395501 53.00944390575757
3978 868.3571004293002 831.7057954140562 51.43224574803746
3979 856.9898818999152 862.2703862926584 57.89117739697377
3980 868.7398849949564 829.6866845296564 63.91555556816217
3981 863.0491637059736 829.3726566079454 62.38666557590792
3982 858.1966824264124 845.3672518338387 68.63939047590212
3983 854.9867350862096 830.5831395608427 45.99061457228552
3984 855.2126651040209 829.6408675945033 59.19100433575254
3985 858.8310208669858 823.1727457714633 53.48472182219726
3986 856.3181704537869 828.8560034174227 47.48536683755553
3987 854.1971628516583 831.6281807296418 22.04819315926278
3988 851.8005072241185 831.5520769978481 61.93550385747366
3989 859.1389461342427 837.8720201177038 54.37440943545963
3990 864.6010853017307 835.5801983709624 51.83942622429124
3991 867.5378084655359 833.4547667944173 54.20847038353607
3992 858.5746939975656 848.6935365800626 67.68947096755704
3993 863.667659514931 832.007337594409 66.2870161593728
3994 858.8054732555463 825.3584264787129 50.61144830025707
3995 854.0590879444832 833.7329332668559 69.22756186286122
3996 851.709738865738 834.8416666866967 64.67809167933557
3997 859.8032547550697 855.3617137495926 70.30310617884093
3998 860.2019653729076 841.476039889854 72.27394503896366
3999 861.3279647374828 820.40868296004 47.08813299960872
4000 856.8640640547732 834.4701326945125 37.82592725526116
4001 860.8125752150795 820.8212108602725 51.61496606945885
4002 853.4060528508911 822.9317385030331 55.07583854020913
4003 855.4028840777964 843.5741446502034 58.00386577434109
4004 867.0738006057154 831.4018899021351 53.98459533643666
4005 855.0159820976188 833.565804248872 47.88712985843953
4006 858.4183824502155 818.8039651601208 52.31326286606943
4007 855.779579177211 821.9832916863706 59.27545617033834
4008 860.3347575851641 833.2999556105128 50.85818588742168
4009 851.9245566141066 842.127199060089 63.13881301102658
4010 867.8269944952973 838.3642728841146 63.75237688667483
4011 867.1196209097279 840.0726798159443 64.02569529261454
4012 863.743645286754 827.9134217955161 65.98108484895972
4013 860.4538559264355 823.7726702872785 45.65893665281851
4014 860.3942863039656 828.8962522056175 58.90708877819937
4015 855.0527711392634 829.3963823632603 50.87737333314752
4016 860.2317473543835 837.8147654448323 59.26011323551086
4017 862.339371406855 856.6180815769969 73.11279782576243
4018 859.3380978358533 843.0081053956569 71.60921833330669
4019 860.6732213455197 852.6633156921764 56.70822511859909
4020 861.3037022717141 830.1822274789075 21.4427125064298
4021 860.0994414615985 822.762443015811 29.92116029998385
4022 853.3466606134438 830.4490018210984 29.82336894187552
4023 867.2120138767049 821.6244544643071 47.99710723127744
4024 855.7043615997067 822.5687002308706 13.92354489856933
4025 863.8709221321146 854.3822694582038 57.23294104354894
4026 860.5799331714379 836.310735382685 50.25214168365941
4027 861.5739327725408 841.7421482799975 69.91800679994093
4028 860.1889678878077 837.8298235850471 65.10294254599837
4029 852.0806116104582 827.9198973330933 40.26931542612491
4030 860.5452429656167 826.3335114301452 54.55658609023649
4031 852.6386229186202 831.060542422474 53.71328258869488
4032 853.7264184697334 830.1640630275975 56.08313698054616
4033 861.8980735068527 834.3327541674931 24.13777111583512
4034 866.7606625342073 822.0821086091181 56.83792472594264
4035 854.7731393519894 847.3534272183543 61.79063901798011
4036 857.8699882502439 847.5995969483012 57.03047445138131
4037 858.5589531937451 849.520293402651 56.90177419295585
4038 864.6739412798707 834.2693206163419 30.0043642010599
4039 869.0108630552428 831.711045114308 64.68544531555619
4040 854.1585516278441 822.2366572400737 56.73198616849189
4041 860.9815397566277 888.7221742756615 64.34242574936957
4042 856.0524153301292 827.6566512538982 64.35813279851853
4043 863.0832884571828 835.3636312828399 48.02105092229743
4044 862.7548027106044 854.6412325206539 69.59341503079068
4045 865.7486426689389 827.5086623362338 55.87370892900777
4046 859.516806602768 820.3318115790203 48.21497337271791
4047 865.1848299725602 831.2088586606297 41.92163012652905
4048 861.2693431670693 832.6701632076312 67.49837762128843
4049 859.5186891190158 830.6699092567458 52.70474974985273
4050 859.1500214087489 818.4359481264564 51.01093204350394
4051 853.5002506508829 832.3400165548171 63.03001187978364
4052 859.8653427849957 830.15989209178 45.40145707566371
4053 856.2338710314124 823.4191700436028 46.22201510824405
4054 866.0738368866361 846.1276907956006 68.61519906059443
4055 857.2343586068331 843.4100011321909 59.59242137517138
4056 854.5041894982651 830.8162309045301 52.49239755507194
4057 862.2033921193437 850.6402665049818 61.17758178413757
4058 861.0300157516721 836.2489203037605 55.88833744224435
4059 857.3442435171875 828.2999749586122 60.52359057154322
4060 861.034489502686 835.5817285492114 36.52546168713255
4061 863.6312184868752 821.456919908503 44.73607325394801
4062 863.161120306105 824.4838616499629 58.88486604670307
4063 866.1296164336882 820.2047096728392 52.18062922110622
4064 856.4226756576051 836.8391086478365 72.13772342718963
4065 853.5193567607878 853.2774669679208 69.40230627370715
4066 868.8060803104777 842.401959978337 68.21352041163425
4067 868.6830337120554 844.1849554903301 67.97549614488383
4068 865.4307633774664 833.0403918479335 67.27422688965721
4069 855.1769704008768 828.0275741356165 36.86659327009966
4070 867.2883126350519 831.845227578475 61.94003097171495
4071 856.668112804236 829.1803491393139 61.63882649142499
4072 854.8804918595832 836.2951854556073 67.03472069844391
4073 852.829597449263 848.5643936478749 68.61814737510274
4074 857.2219664600493 825.7103193182539 58.20948581049894
4075 866.9198667029115 836.1670266669506 59.56341471740128
4076 852.5011786078077 849.699027699222 66.67428592836798
4077 856.2051961435152 834.8642582130334 49.05328522849032
4078 867.2060623582026 836.151394732344 70.25129485314764
4079 860.002896156776 841.145194133376 60.6753384163775
4080 854.0094171219262 863.7437311153213 60.55542948782404
4081 863.029364075053 843.0891505761336 71.37594980179128
4082 856.319205026788 841.8216456149321 57.26126867670794
4083 854.2628168661386 833.3557227543698 58.55924999999748
4084 864.8025425018216 819.7664438476887 53.10945334596364
4085 852.6422627734695 829.0014459384962 36.37472816695811
4086 859.0721376533367 835.1409339433023 72.68373145915371
4087 863.762336427839 843.1851134703297 61.33533536012435
4088 866.7393644099211 833.1473615179233 56.99642655991502
4089 867.0380273498395 828.0479168228972 47.05803942353328
4090 860.9750373629256 867.9327025462408 68.02249133474672
4091 869.4034917383906 837.3814349195557 64.42090238493206
4092 857.3421978726559 827.5015028405862 68.09548239579701
4093 858.751466045434 861.9257879594624 72.61047177887986
4094 865.9125504627474 826.0962008642197 50.58985157844915
4095 860.5775932005765 839.2506472837645 69.31911125894192
4096 858.2429841307448 835.6470336345895 47.18987469975336
4097 854.8365597185403 823.7918997464142 61.43348208405087
4098 865.1540361177593 835.4282958741984 69.63984359413048
4099 856.9599459666592 822.8628790254438 4.212842651463567
4100 856.7257909034523 830.3133765027977 69.70078101246322
4101 856.6527071326282 839.251313128614 70.3131744727965
4102 857.8023780954783 821.5009374008412 47.15028569156705
4103 853.1103483646646 857.9946215490614 67.37185036549468
4104 869.0355480118001 828.8264597703446 43.32438122876814
4105 869.373138147679 827.1798638979571 57.48644299845971
4106 863.9403664134363 824.6068308807019 48.2181300028073
4107 854.838776255531 827.1577917037557 62.84816968903496
4108 855.4588222700953 828.0440535600934 67.22868412521343
4109 855.7415601671418 826.3144514050349 47.53632934854891
4110 866.7866925002347 838.0863493485858 57.52050229174593
4111 854.9610505800644 832.4963863256693 61.84041368777561
4112 866.6075356643078 832.1518930254969 55.51974709562378
4113 860.2132605718145 824.1326132479302 63.41500580942395
4114 853.3543003594225 838.4534265925266 59.4542031739331
4115 869.455470412547 829.2071891887239 58.38600327173592
4116 861.0876578898152 820.1686575733253 2.175927299298935
4117 854.2407056852395 821.9333363357401 2.122372207955015
4118 854.3970797182767 890.0141163711796 59.85894994747251
4119 864.6263030746185 889.9360558495274 72.02093116421614
4120 864.9749154997264 833.8763235760359 1.959825511407073
4121 856.6941661271162 890.2865274185948 72.43163886372351
4122 857.9382951848296 834.7137127084237 2.614651986300061
4123 867.2217580179738 823.0921848692527 2.119139676627979
4124 863.796751798078 889.9126619881491 58.02361562921396
4125 852.6429154016294 890.2135817714482 66.76956264485467
4126 867.9377675405617 829.5644390664129 2.685437969284339
4127 868.1820773164826 890.265262178639 63.36139403020375
4128 867.3749552347624 889.4926547289074 67.41532101289533
4129 864.888131480069 820.355140006517 2.23916915436974
4130 852.7497473362283 889.2499232463956 63.72797942279572
4131 857.1177566396624 820.2047606509581 1.821156400757951
4132 867.2422519126928 832.3957486969417 1.963242574542591
4133 868.8032930445368 826.2266444759857 2.156962145797259
4134 861.9907691385374 834.4590506848972 2.624558139594432
4135 854.7061407013186 889.952698559907 69.67692259575598
4136 858.7650532598897 889.1767778354949 57.54586419237066
4137 860.1904600098337 890.2324851351752 72.80354061922634
4138 852.8847870306283 826.3014793072596 2.510701298697519
4139 867.2842038814572 890.0800331374209 60.30784525613909
$EndNodes
$Elements
22152
1 2 2 3 1 1 685 7
2 2 2 3 1 38 685 1
3 2 2 3 1 1 686 38
4 2 2 3 1 78 686 1
5 2 2 3 1 37 565 2
6 2 2 3 1 2 181 69
7 2 2 3 1 2 565 181
8 2 2 3 1 3 665 55
9 2 2 3 1 55 672 3
10 2 2 3 1 56 665 3
11 2 2 3 1 3 672 68
12 2 2 3 1 7 192 8
13 2 2 3 1 7 685 192
14 2 2 3 1 8 554 9
15 2 2 3 1 192 554 8
16 2 2 3 1 9 176 10
17 2 2 3 1 9 554 176
18 2 2 3 1 10 555 11
19 2 2 3 1 176 555 10
20 2 2 3 1 11 564 12
21 2 2 3 1 555 564 11
22 2 2 3 1 12 167 13
23 2 2 3 1 12 564 167
24 2 2 3 1 13 559 14
25 2 2 3 1 167 559 13
26 2 2 3 1 14 182 15
27 2 2 3 1 14 559 182
28 2 2 3 1 15 645 16
29 2 2 3 1 182 645 15
30 2 2 3 1 16 165 17
31 2 2 3 1 16 645 165
32 2 2 3 1 17 679 18
33 2 2 3 1 165 679 17
34 2 2 3 1 18 183 19
35 2 2 3 1 18 679 183
36 2 2 3 1 19 561 20
37 2 2 3 1 183 561 19
38 2 2 3 1 20 160 21
39 2 2 3 1 20 561 160
40 2 2 3 1 21 702 22
41 2 2 3 1 160 702 21
42 2 2 3 1 22 185 23
43 2 2 3 1 22 702 185
44 2 2 3 1 23 498 24
45 2 2 3 1 185 498 23
46 2 2 3 1 24 624 25
47 2 2 3 1 498 624 24
48 2 2 3 1 25 158 26
49 2 2 3 1 25 624 158
50 2 2 3 1 26 632 27
51 2 2 3 1 158 632 26
52 2 2 3 1 27 572 28
53 2 2 3 1 27 632 572
54 2 2 3 1 28 171 29
55 2 2 3 1 28 572 171
56 2 2 3 1 29 657 30
57 2 2 3 1 171 657 29
58 2 2 3 1 30 666 31
59 2 2 3 1 657 666 30
60 2 2 3 1 31 159 32
61 2 2 3 1 31 666 159
62 2 2 3 1 32 569 33
63 2 2 3 1 159 569 32
64 2 2 3 1 33 566 34
65 2 2 3 1 33 569 566
66 2 2 3 1 34 184 35
67 2 2 3 1 34 566 184
68 2 2 3 1 35 567 36
69 2 2 3 1 184 567 35
70 2 2 3 1 36 161 37
71 2 2 3 1 36 567 161
72 2 2 3 1 161 565 37
73 2 2 3 1 38 604 39
74 2 2 3 1 39 606 38
75 2 2 3 1 38 686 604
76 2 2 3 1 606 685 38
77 2 2 3 1 39 180 40
78 2 2 3 1 40 188 39
79 2 2 3 1 39 604 180
80 2 2 3 1 188 606 39
81 2 2 3 1 40 525 41
82 2 2 3 1 41 667 40
83 2 2 3 1 180 525 40
84 2 2 3 1 40 667 188
85 2 2 3 1 41 170 42
86 2 2 3 1 42 173 41
87 2 2 3 1 41 525 170
88 2 2 3 1 173 667 41
89 2 2 3 1 43 501 42
90 2 2 3 1 42 546 43
91 2 2 3 1 170 546 42
92 2 2 3 1 42 501 173
93 2 2 3 1 44 193 43
94 2 2 3 1 43 573 44
95 2 2 3 1 193 501 43
96 2 2 3 1 546 573 43
97 2 2 3 1 45 163 44
98 2 2 3 1 44 164 45
99 2 2 3 1 163 193 44
100 2 2 3 1 44 573 164
101 2 2 3 1 45 526 46
102 2 2 3 1 46 578 45
103 2 2 3 1 45 578 163
104 2 2 3 1 164 526 45
105 2 2 3 1 47 177 46
106 2 2 3 1 46 178 47
107 2 2 3 1 177 578 46
108 2 2 3 1 46 526 178
109 2 2 3 1 47 527 48
110 2 2 3 1 48 639 47
111 2 2 3 1 47 639 177
112 2 2 3 1 178 527 47
113 2 2 3 1 48 156 49
114 2 2 3 1 49 157 48
115 2 2 3 1 48 527 156
116 2 2 3 1 157 639 48
117 2 2 3 1 50 524 49
118 2 2 3 1 49 628 50
119 2 2 3 1 156 628 49
120 2 2 3 1 49 524 157
121 2 2 3 1 51 493 50
122 2 2 3 1 50 673 51
123 2 2 3 1 493 524 50
124 2 2 3 1 628 673 50
125 2 2 3 1 52 168 51
126 2 2 3 1 51 169 52
127 2 2 3 1 168 493 51
128 2 2 3 1 51 673 169
129 2 2 3 1 52 497 53
130 2 2 3 1 53 500 52
131 2 2 3 1 52 500 168
132 2 2 3 1 169 497 52
133 2 2 3 1 54 179 53
134 2 2 3 1 53 187 54
135 2 2 3 1 179 500 53
136 2 2 3 1 53 497 187
137 2 2 3 1 55 491 54
138 2 2 3 1 54 537 55
139 2 2 3 1 54 491 179
140 2 2 3 1 187 537 54
141 2 2 3 1 55 665 491
142 2 2 3 1 537 672 55
143 2 2 3 1 57 599 56
144 2 2 3 1 599 665 56
145 2 2 3 1 58 189 57
146 2 2 3 1 189 599 57
147 2 2 3 1 59 535 58
148 2 2 3 1 58 535 189
149 2 2 3 1 60 174 59
150 2 2 3 1 174 535 59
151 2 2 3 1 61 700 60
152 2 2 3 1 60 700 174
153 2 2 3 1 62 613 61
154 2 2 3 1 61 613 447
155 2 2 3 1 447 700 61
156 2 2 3 1 63 162 62
157 2 2 3 1 162 613 62
158 2 2 3 1 64 550 63
159 2 2 3 1 63 550 162
160 2 2 3 1 65 549 64
161 2 2 3 1 549 550 64
162 2 2 3 1 66 175 65
163 2 2 3 1 175 549 65
164 2 2 3 1 67 531 66
165 2 2 3 1 66 531 175
166 2 2 3 1 68 191 67
167 2 2 3 1 191 531 67
168 2 2 3 1 68 672 191
169 2 2 3 1 69 570 70
170 2 2 3 1 181 570 69
171 2 2 3 1 70 166 71
172 2 2 3 1 70 570 166
173 2 2 3 1 71 571 72
174 2 2 3 1 166 571 71
175 2 2 3 1 72 597 73
176 2 2 3 1 571 597 72
177 2 2 3 1 73 172 74
178 2 2 3 1 73 597 172
179 2 2 3 1 74 560 75
180 2 2 3 1 172 560 74
181 2 2 3 1 75 186 76
182 2 2 3 1 75 560 186
183 2 2 3 1 76 558 77
184 2 2 3 1 186 558 76
185 2 2 3 1 77 190 78
186 2 2 3 1 77 558 190
187 2 2 3 1 190 686 78
188 2 2 3 1 461 628 156
189 2 2 3 1 156 648 461
190 2 2 3 1 527 528 156
191 2 2 3 1 528 648 156
192 2 2 3 1 514 639 157
193 2 2 3 1 157 684 514
194 2 2 3 1 524 684 157
195 2 2 3 1 158 624 454
196 2 2 3 1 454 713 158
197 2 2 3 1 158 713 632
198 2 2 3 1 473 642 159
199 2 2 3 1 159 666 473
200 2 2 3 1 159 642 569
201 2 2 3 1 160 562 418
202 2 2 3 1 418 563 160
203 2 2 3 1 561 562 160
204 2 2 3 1 563 702 160
205 2 2 3 1 161 567 471
206 2 2 3 1 471 651 161
207 2 2 3 1 161 651 565
208 2 2 3 1 550 556 162
209 2 2 3 1 556 706 162
210 2 2 3 1 162 706 613
211 2 2 3 1 163 194 193
212 2 2 3 1 163 390 194
213 2 2 3 1 163 578 390
214 2 2 3 1 164 681 526
215 2 2 3 1 573 631 164
216 2 2 3 1 631 681 164
217 2 2 3 1 487 488 165
218 2 2 3 1 165 645 487
219 2 2 3 1 488 489 165
220 2 2 3 1 489 679 165
221 2 2 3 1 166 570 534
222 2 2 3 1 534 675 166
223 2 2 3 1 166 675 571
224 2 2 3 1 448 559 167
225 2 2 3 1 167 627 448
226 2 2 3 1 564 627 167
227 2 2 3 1 168 621 493
228 2 2 3 1 500 695 168
229 2 2 3 1 168 695 621
230 2 2 3 1 430 438 169
231 2 2 3 1 169 460 430
232 2 2 3 1 438 497 169
233 2 2 3 1 169 673 460
234 2 2 3 1 456 546 170
235 2 2 3 1 170 633 456
236 2 2 3 1 525 633 170
237 2 2 3 1 572 653 171
238 2 2 3 1 653 657 171
239 2 2 3 1 172 618 560
240 2 2 3 1 597 693 172
241 2 2 3 1 172 693 618
242 2 2 3 1 445 667 173
243 2 2 3 1 173 698 445
244 2 2 3 1 501 698 173
245 2 2 3 1 174 536 535
246 2 2 3 1 174 553 536
247 2 2 3 1 174 700 553
248 2 2 3 1 531 659 175
249 2 2 3 1 175 680 549
250 2 2 3 1 175 659 615
251 2 2 3 1 615 680 175
252 2 2 3 1 176 554 479
253 2 2 3 1 479 623 176
254 2 2 3 1 176 623 555
255 2 2 3 1 514 551 177
256 2 2 3 1 177 639 514
257 2 2 3 1 551 669 177
258 2 2 3 1 177 669 578
259 2 2 3 1 526 690 178
260 2 2 3 1 178 541 527
261 2 2 3 1 178 690 541
262 2 2 3 1 179 490 432
263 2 2 3 1 432 500 179
264 2 2 3 1 179 491 490
265 2 2 3 1 180 668 525
266 2 2 3 1 180 604 590
267 2 2 3 1 590 668 180
268 2 2 3 1 181 565 458
269 2 2 3 1 458 660 181
270 2 2 3 1 181 660 570
271 2 2 3 1 452 487 182
272 2 2 3 1 182 661 452
273 2 2 3 1 487 645 182
274 2 2 3 1 559 661 182
275 2 2 3 1 489 678 183
276 2 2 3 1 183 679 489
277 2 2 3 1 183 712 561
278 2 2 3 1 678 712 183
279 2 2 3 1 566 650 184
280 2 2 3 1 184 568 567
281 2 2 3 1 184 650 568
282 2 2 3 1 185 600 498
283 2 2 3 1 563 600 185
284 2 2 3 1 185 702 563
285 2 2 3 1 186 560 503
286 2 2 3 1 503 662 186
287 2 2 3 1 186 662 558
288 2 2 3 1 497 544 187
289 2 2 3 1 187 619 537
290 2 2 3 1 544 619 187
291 2 2 3 1 188 667 445
292 2 2 3 1 445 674 188
293 2 2 3 1 188 607 606
294 2 2 3 1 188 674 607
295 2 2 3 1 535 687 189
296 2 2 3 1 189 711 599
297 2 2 3 1 189 687 616
298 2 2 3 1 616 711 189
299 2 2 3 1 558 590 190
300 2 2 3 1 590 604 190
301 2 2 3 1 604 686 190
302 2 2 3 1 434 531 191
303 2 2 3 1 191 619 434
304 2 2 3 1 537 619 191
305 2 2 3 1 191 672 537
306 2 2 3 1 192 607 554
307 2 2 3 1 606 607 192
308 2 2 3 1 192 685 606
309 2 2 3 1 194 195 193
310 2 2 3 1 195 501 193
311 2 2 3 1 194 196 195
312 2 2 3 1 194 588 196
313 2 2 3 1 390 588 194
314 2 2 3 1 196 197 195
315 2 2 3 1 197 502 195
316 2 2 3 1 195 502 501
317 2 2 3 1 196 198 197
318 2 2 3 1 196 199 198
319 2 2 3 1 196 588 199
320 2 2 3 1 198 237 197
321 2 2 3 1 237 330 197
322 2 2 3 1 330 502 197
323 2 2 3 1 199 200 198
324 2 2 3 1 200 532 198
325 2 2 3 1 198 532 237
326 2 2 3 1 199 201 200
327 2 2 3 1 199 315 201
328 2 2 3 1 199 588 315
329 2 2 3 1 201 202 200
330 2 2 3 1 202 233 200
331 2 2 3 1 233 532 200
332 2 2 3 1 201 203 202
333 2 2 3 1 201 601 203
334 2 2 3 1 315 601 201
335 2 2 3 1 203 204 202
336 2 2 3 1 204 523 202
337 2 2 3 1 202 523 233
338 2 2 3 1 203 205 204
339 2 2 3 1 203 236 205
340 2 2 3 1 203 601 236
341 2 2 3 1 205 206 204
342 2 2 3 1 206 598 204
343 2 2 3 1 204 598 523
344 2 2 3 1 205 207 206
345 2 2 3 1 205 576 207
346 2 2 3 1 236 576 205
347 2 2 3 1 207 208 206
348 2 2 3 1 208 228 206
349 2 2 3 1 228 598 206
350 2 2 3 1 207 209 208
351 2 2 3 1 207 622 209
352 2 2 3 1 576 622 207
353 2 2 3 1 209 210 208
354 2 2 3 1 210 482 208
355 2 2 3 1 208 482 228
356 2 2 3 1 209 211 210
357 2 2 3 1 209 230 211
358 2 2 3 1 209 622 230
359 2 2 3 1 211 212 210
360 2 2 3 1 212 481 210
361 2 2 3 1 481 482 210
362 2 2 3 1 211 213 212
363 2 2 3 1 211 605 213
364 2 2 3 1 230 605 211
365 2 2 3 1 213 214 212
366 2 2 3 1 214 216 212
367 2 2 3 1 216 481 212
368 2 2 3 1 213 215 214
369 2 2 3 1 213 304 215
370 2 2 3 1 213 605 304
371 2 2 3 1 215 547 214
372 2 2 3 1 214 217 216
373 2 2 3 1 214 547 217
374 2 2 3 1 304 311 215
375 2 2 3 1 311 357 215
376 2 2 3 1 357 547 215
377 2 2 3 1 217 218 216
378 2 2 3 1 218 480 216
379 2 2 3 1 480 481 216
380 2 2 3 1 217 219 218
381 2 2 3 1 217 591 219
382 2 2 3 1 547 591 217
383 2 2 3 1 219 220 218
384 2 2 3 1 220 229 218
385 2 2 3 1 229 480 218
386 2 2 3 1 219 221 220
387 2 2 3 1 219 222 221
388 2 2 3 1 219 591 222
389 2 2 3 1 221 584 220
390 2 2 3 1 220 231 229
391 2 2 3 1 220 584 231
392 2 2 3 1 222 223 221
393 2 2 3 1 223 708 221
394 2 2 3 1 455 584 221
395 2 2 3 1 221 708 455
396 2 2 3 1 222 224 223
397 2 2 3 1 222 646 224
398 2 2 3 1 591 646 222
399 2 2 3 1 224 225 223
400 2 2 3 1 225 227 223
401 2 2 3 1 227 708 223
402 2 2 3 1 224 226 225
403 2 2 3 1 224 243 226
404 2 2 3 1 224 646 243
405 2 2 3 1 226 545 225
406 2 2 3 1 225 392 227
407 2 2 3 1 225 545 392
408 2 2 3 1 243 244 226
409 2 2 3 1 244 245 226
410 2 2 3 1 245 545 226
411 2 2 3 1 392 636 227
412 2 2 3 1 227 692 451
413 2 2 3 1 451 708 227
414 2 2 3 1 636 692 227
415 2 2 3 1 482 483 228
416 2 2 3 1 483 647 228
417 2 2 3 1 228 647 598
418 2 2 3 1 231 232 229
419 2 2 3 1 232 575 229
420 2 2 3 1 229 575 480
421 2 2 3 1 516 574 230
422 2 2 3 1 230 622 516
423 2 2 3 1 574 605 230
424 2 2 3 1 231 234 232
425 2 2 3 1 231 538 234
426 2 2 3 1 231 584 538
427 2 2 3 1 234 235 232
428 2 2 3 1 235 238 232
429 2 2 3 1 238 575 232
430 2 2 3 1 523 714 233
431 2 2 3 1 233 533 532
432 2 2 3 1 233 714 533
433 2 2 3 1 234 241 235
434 2 2 3 1 234 242 241
435 2 2 3 1 234 538 242
436 2 2 3 1 235 239 238
437 2 2 3 1 235 522 239
438 2 2 3 1 241 522 235
439 2 2 3 1 236 517 515
440 2 2 3 1 515 576 236
441 2 2 3 1 236 601 517
442 2 2 3 1 237 331 330
443 2 2 3 1 237 577 331
444 2 2 3 1 532 577 237
445 2 2 3 1 239 240 238
446 2 2 3 1 240 313 238
447 2 2 3 1 313 575 238
448 2 2 3 1 239 302 240
449 2 2 3 1 239 521 302
450 2 2 3 1 239 522 521
451 2 2 3 1 302 303 240
452 2 2 3 1 303 582 240
453 2 2 3 1 240 582 313
454 2 2 3 1 242 299 241
455 2 2 3 1 299 305 241
456 2 2 3 1 305 522 241
457 2 2 3 1 242 583 299
458 2 2 3 1 242 538 449
459 2 2 3 1 449 583 242
460 2 2 3 1 243 703 244
461 2 2 3 1 243 646 442
462 2 2 3 1 442 663 243
463 2 2 3 1 663 703 243
464 2 2 3 1 244 246 245
465 2 2 3 1 244 247 246
466 2 2 3 1 244 703 247
467 2 2 3 1 246 249 245
468 2 2 3 1 249 252 245
469 2 2 3 1 252 545 245
470 2 2 3 1 247 248 246
471 2 2 3 1 248 579 246
472 2 2 3 1 246 579 249
473 2 2 3 1 247 250 248
474 2 2 3 1 247 704 250
475 2 2 3 1 247 703 519
476 2 2 3 1 519 704 247
477 2 2 3 1 250 251 248
478 2 2 3 1 251 529 248
479 2 2 3 1 529 579 248
480 2 2 3 1 249 253 252
481 2 2 3 1 249 640 253
482 2 2 3 1 579 640 249
483 2 2 3 1 250 273 251
484 2 2 3 1 250 274 273
485 2 2 3 1 250 704 274
486 2 2 3 1 273 275 251
487 2 2 3 1 275 276 251
488 2 2 3 1 276 529 251
489 2 2 3 1 253 254 252
490 2 2 3 1 254 453 252
491 2 2 3 1 453 545 252
492 2 2 3 1 253 255 254
493 2 2 3 1 253 257 255
494 2 2 3 1 253 640 257
495 2 2 3 1 255 256 254
496 2 2 3 1 256 643 254
497 2 2 3 1 254 643 453
498 2 2 3 1 255 258 256
499 2 2 3 1 257 629 255
500 2 2 3 1 255 629 258
501 2 2 3 1 258 259 256
502 2 2 3 1 259 625 256
503 2 2 3 1 625 643 256
504 2 2 3 1 257 664 629
505 2 2 3 1 640 688 257
506 2 2 3 1 257 688 664
507 2 2 3 1 258 260 259
508 2 2 3 1 258 595 260
509 2 2 3 1 258 629 595
510 2 2 3 1 260 261 259
511 2 2 3 1 261 262 259
512 2 2 3 1 262 625 259
513 2 2 3 1 260 267 261
514 2 2 3 1 260 270 267
515 2 2 3 1 260 595 270
516 2 2 3 1 261 263 262
517 2 2 3 1 261 499 263
518 2 2 3 1 267 499 261
519 2 2 3 1 263 264 262
520 2 2 3 1 264 626 262
521 2 2 3 1 262 626 625
522 2 2 3 1 263 265 264
523 2 2 3 1 263 266 265
524 2 2 3 1 263 499 266
525 2 2 3 1 265 268 264
526 2 2 3 1 268 269 264
527 2 2 3 1 269 626 264
528 2 2 3 1 266 271 265
529 2 2 3 1 265 486 268
530 2 2 3 1 271 486 265
531 2 2 3 1 266 272 271
532 2 2 3 1 266 594 272
533 2 2 3 1 499 594 266
534 2 2 3 1 270 293 267
535 2 2 3 1 293 610 267
536 2 2 3 1 267 610 499
537 2 2 3 1 268 277 269
538 2 2 3 1 268 290 277
539 2 2 3 1 268 486 290
540 2 2 3 1 277 278 269
541 2 2 3 1 278 589 269
542 2 2 3 1 589 626 269
543 2 2 3 1 270 294 293
544 2 2 3 1 270 318 294
545 2 2 3 1 270 595 318
546 2 2 3 1 272 279 271
547 2 2 3 1 279 349 271
548 2 2 3 1 349 486 271
549 2 2 3 1 272 280 279
550 2 2 3 1 272 281 280
551 2 2 3 1 272 594 281
552 2 2 3 1 274 282 273
553 2 2 3 1 273 609 275
554 2 2 3 1 282 609 273
555 2 2 3 1 274 283 282
556 2 2 3 1 274 707 283
557 2 2 3 1 704 707 274
558 2 2 3 1 275 300 276
559 2 2 3 1 275 333 300
560 2 2 3 1 275 609 333
561 2 2 3 1 300 301 276
562 2 2 3 1 301 338 276
563 2 2 3 1 338 529 276
564 2 2 3 1 277 284 278
565 2 2 3 1 277 464 284
566 2 2 3 1 290 464 277
567 2 2 3 1 284 285 278
568 2 2 3 1 285 288 278
569 2 2 3 1 288 589 278
570 2 2 3 1 280 494 279
571 2 2 3 1 279 350 349
572 2 2 3 1 279 494 350
573 2 2 3 1 281 286 280
574 2 2 3 1 286 287 280
575 2 2 3 1 287 494 280
576 2 2 3 1 281 295 286
577 2 2 3 1 281 391 295
578 2 2 3 1 281 594 391
579 2 2 3 1 283 296 282
580 2 2 3 1 296 585 282
581 2 2 3 1 585 609 282
582 2 2 3 1 283 297 296
583 2 2 3 1 283 710 297
584 2 2 3 1 707 710 283
585 2 2 3 1 284 466 285
586 2 2 3 1 464 465 284
587 2 2 3 1 465 466 284
588 2 2 3 1 285 289 288
589 2 2 3 1 285 291 289
590 2 2 3 1 285 466 291
591 2 2 3 1 286 630 287
592 2 2 3 1 295 307 286
593 2 2 3 1 307 630 286
594 2 2 3 1 426 617 287
595 2 2 3 1 287 630 426
596 2 2 3 1 287 593 494
597 2 2 3 1 287 617 593
598 2 2 3 1 289 317 288
599 2 2 3 1 317 337 288
600 2 2 3 1 337 589 288
601 2 2 3 1 291 292 289
602 2 2 3 1 292 581 289
603 2 2 3 1 289 581 317
604 2 2 3 1 290 580 462
605 2 2 3 1 462 696 290
606 2 2 3 1 290 696 464
607 2 2 3 1 486 580 290
608 2 2 3 1 291 298 292
609 2 2 3 1 291 314 298
610 2 2 3 1 291 466 314
611 2 2 3 1 298 306 292
612 2 2 3 1 306 310 292
613 2 2 3 1 310 581 292
614 2 2 3 1 294 328 293
615 2 2 3 1 328 457 293
616 2 2 3 1 457 610 293
617 2 2 3 1 318 319 294
618 2 2 3 1 319 655 294
619 2 2 3 1 294 655 328
620 2 2 3 1 295 334 307
621 2 2 3 1 295 638 334
622 2 2 3 1 391 638 295
623 2 2 3 1 297 326 296
624 2 2 3 1 326 363 296
625 2 2 3 1 363 585 296
626 2 2 3 1 297 327 326
627 2 2 3 1 297 373 327
628 2 2 3 1 297 710 373
629 2 2 3 1 298 316 306
630 2 2 3 1 314 472 298
631 2 2 3 1 298 472 316
632 2 2 3 1 299 344 305
633 2 2 3 1 299 345 344
634 2 2 3 1 299 583 345
635 2 2 3 1 300 324 301
636 2 2 3 1 300 612 324
637 2 2 3 1 333 612 300
638 2 2 3 1 324 325 301
639 2 2 3 1 325 670 301
640 2 2 3 1 301 670 338
641 2 2 3 1 302 308 303
642 2 2 3 1 302 329 308
643 2 2 3 1 302 521 329
644 2 2 3 1 308 309 303
645 2 2 3 1 309 339 303
646 2 2 3 1 339 582 303
647 2 2 3 1 304 312 311
648 2 2 3 1 304 383 312
649 2 2 3 1 304 605 383
650 2 2 3 1 344 352 305
651 2 2 3 1 352 367 305
652 2 2 3 1 367 522 305
653 2 2 3 1 306 358 310
654 2 2 3 1 316 701 306
655 2 2 3 1 306 701 358
656 2 2 3 1 334 386 307
657 2 2 3 1 386 387 307
658 2 2 3 1 387 630 307
659 2 2 3 1 308 476 309
660 2 2 3 1 329 370 308
661 2 2 3 1 370 476 308
662 2 2 3 1 309 340 339
663 2 2 3 1 309 341 340
664 2 2 3 1 309 476 341
665 2 2 3 1 358 359 310
666 2 2 3 1 359 614 310
667 2 2 3 1 310 614 581
668 2 2 3 1 312 603 311
669 2 2 3 1 311 366 357
670 2 2 3 1 311 603 366
671 2 2 3 1 383 407 312
672 2 2 3 1 407 543 312
673 2 2 3 1 543 603 312
674 2 2 3 1 313 683 484
675 2 2 3 1 484 697 313
676 2 2 3 1 313 697 575
677 2 2 3 1 582 683 313
678 2 2 3 1 466 467 314
679 2 2 3 1 467 468 314
680 2 2 3 1 468 472 314
681 2 2 3 1 518 601 315
682 2 2 3 1 315 637 518
683 2 2 3 1 588 637 315
684 2 2 3 1 316 539 439
685 2 2 3 1 439 644 316
686 2 2 3 1 472 539 316
687 2 2 3 1 644 701 316
688 2 2 3 1 317 353 337
689 2 2 3 1 317 385 353
690 2 2 3 1 317 581 385
691 2 2 3 1 318 320 319
692 2 2 3 1 318 427 320
693 2 2 3 1 318 595 427
694 2 2 3 1 320 321 319
695 2 2 3 1 321 369 319
696 2 2 3 1 369 655 319
697 2 2 3 1 320 322 321
698 2 2 3 1 320 586 322
699 2 2 3 1 427 586 320
700 2 2 3 1 322 323 321
701 2 2 3 1 323 552 321
702 2 2 3 1 321 552 369
703 2 2 3 1 322 354 323
704 2 2 3 1 322 398 354
705 2 2 3 1 322 586 398
706 2 2 3 1 354 355 323
707 2 2 3 1 355 356 323
708 2 2 3 1 356 552 323
709 2 2 3 1 324 360 325
710 2 2 3 1 324 362 360
711 2 2 3 1 324 612 362
712 2 2 3 1 360 361 325
713 2 2 3 1 361 691 325
714 2 2 3 1 325 691 670
715 2 2 3 1 327 611 326
716 2 2 3 1 326 388 363
717 2 2 3 1 326 611 388
718 2 2 3 1 373 374 327
719 2 2 3 1 374 375 327
720 2 2 3 1 375 611 327
721 2 2 3 1 328 495 457
722 2 2 3 1 328 496 495
723 2 2 3 1 328 655 496
724 2 2 3 1 329 418 370
725 2 2 3 1 329 422 418
726 2 2 3 1 329 521 422
727 2 2 3 1 331 332 330
728 2 2 3 1 332 419 330
729 2 2 3 1 419 502 330
730 2 2 3 1 331 335 332
731 2 2 3 1 331 336 335
732 2 2 3 1 331 577 336
733 2 2 3 1 335 478 332
734 2 2 3 1 332 420 419
735 2 2 3 1 332 478 420
736 2 2 3 1 609 658 333
737 2 2 3 1 333 699 612
738 2 2 3 1 658 699 333
739 2 2 3 1 334 423 386
740 2 2 3 1 334 424 423
741 2 2 3 1 334 638 424
742 2 2 3 1 336 395 335
743 2 2 3 1 395 396 335
744 2 2 3 1 396 478 335
745 2 2 3 1 336 441 395
746 2 2 3 1 336 446 441
747 2 2 3 1 336 577 446
748 2 2 3 1 353 394 337
749 2 2 3 1 394 428 337
750 2 2 3 1 428 589 337
751 2 2 3 1 338 530 529
752 2 2 3 1 338 654 530
753 2 2 3 1 338 670 654
754 2 2 3 1 340 587 339
755 2 2 3 1 339 671 582
756 2 2 3 1 587 671 339
757 2 2 3 1 341 342 340
758 2 2 3 1 342 343 340
759 2 2 3 1 343 587 340
760 2 2 3 1 341 474 342
761 2 2 3 1 341 475 474
762 2 2 3 1 341 476 475
763 2 2 3 1 342 346 343
764 2 2 3 1 342 347 346
765 2 2 3 1 342 474 347
766 2 2 3 1 346 402 343
767 2 2 3 1 402 421 343
768 2 2 3 1 421 587 343
769 2 2 3 1 345 348 344
770 2 2 3 1 348 485 344
771 2 2 3 1 344 485 352
772 2 2 3 1 345 397 348
773 2 2 3 1 345 492 397
774 2 2 3 1 345 583 492
775 2 2 3 1 347 364 346
776 2 2 3 1 364 634 346
777 2 2 3 1 346 634 402
778 2 2 3 1 347 365 364
779 2 2 3 1 347 384 365
780 2 2 3 1 347 474 384
781 2 2 3 1 397 429 348
782 2 2 3 1 429 431 348
783 2 2 3 1 431 485 348
784 2 2 3 1 350 351 349
785 2 2 3 1 351 580 349
786 2 2 3 1 349 580 486
787 2 2 3 1 350 371 351
788 2 2 3 1 350 372 371
789 2 2 3 1 350 494 372
790 2 2 3 1 371 404 351
791 2 2 3 1 404 405 351
792 2 2 3 1 405 580 351
793 2 2 3 1 352 403 367
794 2 2 3 1 352 454 403
795 2 2 3 1 352 485 454
796 2 2 3 1 385 636 353
797 2 2 3 1 353 649 394
798 2 2 3 1 636 649 353
799 2 2 3 1 354 602 355
800 2 2 3 1 398 440 354
801 2 2 3 1 440 602 354
802 2 2 3 1 355 430 356
803 2 2 3 1 355 437 430
804 2 2 3 1 355 602 437
805 2 2 3 1 430 460 356
806 2 2 3 1 460 461 356
807 2 2 3 1 461 552 356
808 2 2 3 1 366 393 357
809 2 2 3 1 393 442 357
810 2 2 3 1 442 547 357
811 2 2 3 1 358 449 359
812 2 2 3 1 358 715 449
813 2 2 3 1 701 715 358
814 2 2 3 1 449 450 359
815 2 2 3 1 450 451 359
816 2 2 3 1 451 614 359
817 2 2 3 1 360 368 361
818 2 2 3 1 362 615 360
819 2 2 3 1 360 615 368
820 2 2 3 1 368 389 361
821 2 2 3 1 389 709 361
822 2 2 3 1 602 691 361
823 2 2 3 1 361 709 602
824 2 2 3 1 362 612 557
825 2 2 3 1 557 680 362
826 2 2 3 1 362 680 615
827 2 2 3 1 388 435 363
828 2 2 3 1 435 436 363
829 2 2 3 1 436 585 363
830 2 2 3 1 365 676 364
831 2 2 3 1 446 533 364
832 2 2 3 1 364 676 446
833 2 2 3 1 533 634 364
834 2 2 3 1 384 452 365
835 2 2 3 1 452 641 365
836 2 2 3 1 641 676 365
837 2 2 3 1 366 443 393
838 2 2 3 1 366 444 443
839 2 2 3 1 366 603 444
840 2 2 3 1 403 689 367
841 2 2 3 1 521 522 367
842 2 2 3 1 367 689 521
843 2 2 3 1 368 434 389
844 2 2 3 1 368 659 434
845 2 2 3 1 615 659 368
846 2 2 3 1 552 648 369
847 2 2 3 1 648 677 369
848 2 2 3 1 369 677 655
849 2 2 3 1 418 562 370
850 2 2 3 1 370 477 476
851 2 2 3 1 370 562 477
852 2 2 3 1 372 399 371
853 2 2 3 1 399 534 371
854 2 2 3 1 371 534 404
855 2 2 3 1 372 400 399
856 2 2 3 1 372 593 400
857 2 2 3 1 494 593 372
858 2 2 3 1 373 656 374
859 2 2 3 1 543 656 373
860 2 2 3 1 373 694 543
861 2 2 3 1 373 710 694
862 2 2 3 1 374 376 375
863 2 2 3 1 374 377 376
864 2 2 3 1 374 656 377
865 2 2 3 1 376 596 375
866 2 2 3 1 596 682 375
867 2 2 3 1 375 682 611
868 2 2 3 1 377 378 376
869 2 2 3 1 378 380 376
870 2 2 3 1 380 596 376
871 2 2 3 1 377 379 378
872 2 2 3 1 377 620 379
873 2 2 3 1 377 656 620
874 2 2 3 1 379 504 378
875 2 2 3 1 378 381 380
876 2 2 3 1 378 504 381
877 2 2 3 1 379 505 504
878 2 2 3 1 379 592 505
879 2 2 3 1 379 620 592
880 2 2 3 1 381 382 380
881 2 2 3 1 382 406 380
882 2 2 3 1 406 596 380
883 2 2 3 1 381 432 382
884 2 2 3 1 381 433 432
885 2 2 3 1 381 504 433
886 2 2 3 1 382 616 406
887 2 2 3 1 432 490 382
888 2 2 3 1 490 616 382
889 2 2 3 1 383 408 407
890 2 2 3 1 383 574 408
891 2 2 3 1 383 605 574
892 2 2 3 1 384 487 452
893 2 2 3 1 474 488 384
894 2 2 3 1 384 488 487
895 2 2 3 1 581 614 385
896 2 2 3 1 614 692 385
897 2 2 3 1 385 692 636
898 2 2 3 1 386 401 387
899 2 2 3 1 386 631 401
900 2 2 3 1 423 631 386
901 2 2 3 1 401 456 387
902 2 2 3 1 456 652 387
903 2 2 3 1 387 652 630
904 2 2 3 1 388 447 435
905 2 2 3 1 388 553 447
906 2 2 3 1 388 611 553
907 2 2 3 1 434 544 389
908 2 2 3 1 389 544 438
909 2 2 3 1 438 709 389
910 2 2 3 1 578 669 390
911 2 2 3 1 390 637 588
912 2 2 3 1 390 669 637
913 2 2 3 1 391 610 457
914 2 2 3 1 457 638 391
915 2 2 3 1 594 610 391
916 2 2 3 1 392 545 453
917 2 2 3 1 453 649 392
918 2 2 3 1 392 649 636
919 2 2 3 1 393 663 442
920 2 2 3 1 443 519 393
921 2 2 3 1 519 663 393
922 2 2 3 1 394 643 428
923 2 2 3 1 453 643 394
924 2 2 3 1 394 649 453
925 2 2 3 1 395 627 396
926 2 2 3 1 441 448 395
927 2 2 3 1 448 627 395
928 2 2 3 1 396 623 478
929 2 2 3 1 396 564 555
930 2 2 3 1 555 623 396
931 2 2 3 1 396 627 564
932 2 2 3 1 397 439 429
933 2 2 3 1 397 644 439
934 2 2 3 1 492 644 397
935 2 2 3 1 398 654 440
936 2 2 3 1 586 608 398
937 2 2 3 1 608 654 398
938 2 2 3 1 400 409 399
939 2 2 3 1 409 675 399
940 2 2 3 1 399 675 534
941 2 2 3 1 400 410 409
942 2 2 3 1 400 411 410
943 2 2 3 1 400 593 411
944 2 2 3 1 401 546 456
945 2 2 3 1 401 573 546
946 2 2 3 1 401 631 573
947 2 2 3 1 402 523 421
948 2 2 3 1 402 714 523
949 2 2 3 1 634 714 402
950 2 2 3 1 454 498 403
951 2 2 3 1 498 600 403
952 2 2 3 1 600 689 403
953 2 2 3 1 404 458 405
954 2 2 3 1 404 660 458
955 2 2 3 1 534 660 404
956 2 2 3 1 458 459 405
957 2 2 3 1 459 462 405
958 2 2 3 1 462 580 405
959 2 2 3 1 536 596 406
960 2 2 3 1 406 687 536
961 2 2 3 1 616 687 406
962 2 2 3 1 408 620 407
963 2 2 3 1 407 656 543
964 2 2 3 1 620 656 407
965 2 2 3 1 408 574 542
966 2 2 3 1 542 592 408
967 2 2 3 1 592 620 408
968 2 2 3 1 410 693 409
969 2 2 3 1 409 597 571
970 2 2 3 1 571 675 409
971 2 2 3 1 409 693 597
972 2 2 3 1 411 412 410
973 2 2 3 1 412 618 410
974 2 2 3 1 618 693 410
975 2 2 3 1 411 413 412
976 2 2 3 1 411 617 413
977 2 2 3 1 593 617 411
978 2 2 3 1 413 414 412
979 2 2 3 1 414 503 412
980 2 2 3 1 503 618 412
981 2 2 3 1 413 415 414
982 2 2 3 1 413 426 415
983 2 2 3 1 413 617 426
984 2 2 3 1 415 416 414
985 2 2 3 1 416 417 414
986 2 2 3 1 417 503 414
987 2 2 3 1 415 633 416
988 2 2 3 1 426 652 415
989 2 2 3 1 415 652 633
990 2 2 3 1 416 668 417
991 2 2 3 1 416 633 525
992 2 2 3 1 525 668 416
993 2 2 3 1 417 662 503
994 2 2 3 1 590 662 417
995 2 2 3 1 417 668 590
996 2 2 3 1 422 600 418
997 2 2 3 1 418 600 563
998 2 2 3 1 420 445 419
999 2 2 3 1 445 698 419
1000 2 2 3 1 419 698 502
1001 2 2 3 1 420 674 445
1002 2 2 3 1 478 479 420
1003 2 2 3 1 479 674 420
1004 2 2 3 1 523 598 421
1005 2 2 3 1 421 647 587
1006 2 2 3 1 598 647 421
1007 2 2 3 1 521 689 422
1008 2 2 3 1 422 689 600
1009 2 2 3 1 424 425 423
1010 2 2 3 1 425 681 423
1011 2 2 3 1 423 681 631
1012 2 2 3 1 424 495 425
1013 2 2 3 1 457 495 424
1014 2 2 3 1 424 638 457
1015 2 2 3 1 495 541 425
1016 2 2 3 1 541 690 425
1017 2 2 3 1 425 690 681
1018 2 2 3 1 630 652 426
1019 2 2 3 1 427 664 586
1020 2 2 3 1 595 629 427
1021 2 2 3 1 629 664 427
1022 2 2 3 1 428 626 589
1023 2 2 3 1 625 626 428
1024 2 2 3 1 428 643 625
1025 2 2 3 1 429 572 431
1026 2 2 3 1 439 653 429
1027 2 2 3 1 429 653 572
1028 2 2 3 1 437 438 430
1029 2 2 3 1 431 713 485
1030 2 2 3 1 572 632 431
1031 2 2 3 1 632 713 431
1032 2 2 3 1 433 695 432
1033 2 2 3 1 432 695 500
1034 2 2 3 1 504 506 433
1035 2 2 3 1 506 621 433
1036 2 2 3 1 621 695 433
1037 2 2 3 1 434 659 531
1038 2 2 3 1 434 619 544
1039 2 2 3 1 435 706 436
1040 2 2 3 1 447 613 435
1041 2 2 3 1 613 706 435
1042 2 2 3 1 556 658 436
1043 2 2 3 1 436 706 556
1044 2 2 3 1 436 658 585
1045 2 2 3 1 437 709 438
1046 2 2 3 1 602 709 437
1047 2 2 3 1 438 544 497
1048 2 2 3 1 539 705 439
1049 2 2 3 1 439 705 653
1050 2 2 3 1 440 691 602
1051 2 2 3 1 654 670 440
1052 2 2 3 1 670 691 440
1053 2 2 3 1 446 676 441
1054 2 2 3 1 441 641 448
1055 2 2 3 1 441 676 641
1056 2 2 3 1 442 591 547
1057 2 2 3 1 442 646 591
1058 2 2 3 1 444 707 443
1059 2 2 3 1 443 704 519
1060 2 2 3 1 443 707 704
1061 2 2 3 1 603 694 444
1062 2 2 3 1 694 710 444
1063 2 2 3 1 444 710 707
1064 2 2 3 1 446 577 533
1065 2 2 3 1 553 700 447
1066 2 2 3 1 448 661 559
1067 2 2 3 1 641 661 448
1068 2 2 3 1 449 538 450
1069 2 2 3 1 449 715 583
1070 2 2 3 1 450 455 451
1071 2 2 3 1 450 584 455
1072 2 2 3 1 538 584 450
1073 2 2 3 1 455 708 451
1074 2 2 3 1 451 692 614
1075 2 2 3 1 452 661 641
1076 2 2 3 1 485 713 454
1077 2 2 3 1 454 624 498
1078 2 2 3 1 633 652 456
1079 2 2 3 1 458 651 459
1080 2 2 3 1 565 651 458
1081 2 2 3 1 459 463 462
1082 2 2 3 1 459 471 463
1083 2 2 3 1 459 651 471
1084 2 2 3 1 460 628 461
1085 2 2 3 1 460 673 628
1086 2 2 3 1 461 648 552
1087 2 2 3 1 463 696 462
1088 2 2 3 1 463 635 464
1089 2 2 3 1 464 696 463
1090 2 2 3 1 471 635 463
1091 2 2 3 1 464 635 465
1092 2 2 3 1 465 467 466
1093 2 2 3 1 465 470 467
1094 2 2 3 1 465 635 470
1095 2 2 3 1 467 469 468
1096 2 2 3 1 467 470 469
1097 2 2 3 1 469 642 468
1098 2 2 3 1 468 473 472
1099 2 2 3 1 468 642 473
1100 2 2 3 1 470 650 469
1101 2 2 3 1 566 569 469
1102 2 2 3 1 469 650 566
1103 2 2 3 1 569 642 469
1104 2 2 3 1 470 635 568
1105 2 2 3 1 568 650 470
1106 2 2 3 1 567 568 471
1107 2 2 3 1 568 635 471
1108 2 2 3 1 473 539 472
1109 2 2 3 1 473 540 539
1110 2 2 3 1 473 666 540
1111 2 2 3 1 475 488 474
1112 2 2 3 1 476 477 475
1113 2 2 3 1 477 678 475
1114 2 2 3 1 475 678 488
1115 2 2 3 1 562 712 477
1116 2 2 3 1 477 712 678
1117 2 2 3 1 478 623 479
1118 2 2 3 1 554 607 479
1119 2 2 3 1 607 674 479
1120 2 2 3 1 480 697 481
1121 2 2 3 1 575 697 480
1122 2 2 3 1 481 484 482
1123 2 2 3 1 481 697 484
1124 2 2 3 1 482 484 483
1125 2 2 3 1 484 683 483
1126 2 2 3 1 483 671 647
1127 2 2 3 1 483 683 671
1128 2 2 3 1 488 678 489
1129 2 2 3 1 491 711 490
1130 2 2 3 1 490 711 616
1131 2 2 3 1 491 665 599
1132 2 2 3 1 599 711 491
1133 2 2 3 1 583 715 492
1134 2 2 3 1 492 701 644
1135 2 2 3 1 492 715 701
1136 2 2 3 1 493 548 524
1137 2 2 3 1 493 621 548
1138 2 2 3 1 496 541 495
1139 2 2 3 1 496 677 541
1140 2 2 3 1 655 677 496
1141 2 2 3 1 499 610 594
1142 2 2 3 1 502 698 501
1143 2 2 3 1 560 618 503
1144 2 2 3 1 505 506 504
1145 2 2 3 1 505 507 506
1146 2 2 3 1 505 508 507
1147 2 2 3 1 505 592 508
1148 2 2 3 1 507 548 506
1149 2 2 3 1 548 621 506
1150 2 2 3 1 508 509 507
1151 2 2 3 1 509 520 507
1152 2 2 3 1 520 548 507
1153 2 2 3 1 508 510 509
1154 2 2 3 1 508 542 510
1155 2 2 3 1 508 592 542
1156 2 2 3 1 510 511 509
1157 2 2 3 1 511 512 509
1158 2 2 3 1 512 520 509
1159 2 2 3 1 510 515 511
1160 2 2 3 1 510 516 515
1161 2 2 3 1 510 542 516
1162 2 2 3 1 511 513 512
1163 2 2 3 1 511 517 513
1164 2 2 3 1 515 517 511
1165 2 2 3 1 513 514 512
1166 2 2 3 1 514 684 512
1167 2 2 3 1 512 684 520
1168 2 2 3 1 513 551 514
1169 2 2 3 1 517 518 513
1170 2 2 3 1 518 551 513
1171 2 2 3 1 516 576 515
1172 2 2 3 1 542 574 516
1173 2 2 3 1 516 622 576
1174 2 2 3 1 517 601 518
1175 2 2 3 1 518 637 551
1176 2 2 3 1 519 703 663
1177 2 2 3 1 524 548 520
1178 2 2 3 1 520 684 524
1179 2 2 3 1 681 690 526
1180 2 2 3 1 527 541 528
1181 2 2 3 1 541 677 528
1182 2 2 3 1 528 677 648
1183 2 2 3 1 530 579 529
1184 2 2 3 1 530 640 579
1185 2 2 3 1 530 654 608
1186 2 2 3 1 608 688 530
1187 2 2 3 1 530 688 640
1188 2 2 3 1 533 577 532
1189 2 2 3 1 533 714 634
1190 2 2 3 1 570 660 534
1191 2 2 3 1 536 687 535
1192 2 2 3 1 553 682 536
1193 2 2 3 1 536 682 596
1194 2 2 3 1 540 705 539
1195 2 2 3 1 540 666 657
1196 2 2 3 1 657 705 540
1197 2 2 3 1 543 694 603
1198 2 2 3 1 549 557 550
1199 2 2 3 1 549 680 557
1200 2 2 3 1 550 557 556
1201 2 2 3 1 637 669 551
1202 2 2 3 1 611 682 553
1203 2 2 3 1 557 699 556
1204 2 2 3 1 556 699 658
1205 2 2 3 1 612 699 557
1206 2 2 3 1 558 662 590
1207 2 2 3 1 561 712 562
1208 2 2 3 1 671 683 582
1209 2 2 3 1 585 658 609
1210 2 2 3 1 586 664 608
1211 2 2 3 1 647 671 587
1212 2 2 3 1 664 688 608
1213 2 2 3 1 653 705 657
1214 2 2 2 2 56 3 730
1215 2 2 2 2 3 68 720
1216 2 2 2 2 3 720 730
1217 2 2 2 2 57 56 716
1218 2 2 2 2 716 56 730
1219 2 2 2 2 58 57 729
1220 2 2 2 2 57 716 729
1221 2 2 2 2 59 58 721
1222 2 2 2 2 721 58 729
1223 2 2 2 2 60 59 732
1224 2 2 2 2 59 721 732
1225 2 2 2 2 61 60 719
1226 2 2 2 2 719 60 732
1227 2 2 2 2 62 61 722
1228 2 2 2 2 61 719 722
1229 2 2 2 2 63 62 728
1230 2 2 2 2 62 722 728
1231 2 2 2 2 64 63 717
1232 2 2 2 2 717 63 728
1233 2 2 2 2 65 64 726
1234 2 2 2 2 64 717 726
1235 2 2 2 2 66 65 726
1236 2 2 2 2 67 66 718
1237 2 2 2 2 718 66 726
1238 2 2 2 2 68 67 731
1239 2 2 2 2 67 718 731
1240 2 2 2 2 720 68 731
1241 2 2 2 2 716 720 727
1242 2 2 2 2 720 716 730
1243 2 2 2 2 721 716 725
1244 2 2 2 2 716 721 729
1245 2 2 2 2 725 716 727
1246 2 2 2 2 717 723 724
1247 2 2 2 2 723 717 728
1248 2 2 2 2 717 724 726
1249 2 2 2 2 724 718 726
1250 2 2 2 2 718 724 727
1251 2 2 2 2 718 727 731
1252 2 2 2 2 719 721 725
1253 2 2 2 2 721 719 732
1254 2 2 2 2 722 719 723
1255 2 2 2 2 723 719 725
1256 2 2 2 2 727 720 731
1257 2 2 2 2 722 723 728
1258 2 2 2 2 724 723 725
1259 2 2 2 2 724 725 727
1260 2 2 3 3 7 759 1
1261 2 2 3 3 1 1232 78
1262 2 2 3 3 759 1232 1
1263 2 2 3 3 2 1510 37
1264 2 2 3 3 69 1497 2
1265 2 2 3 3 2 1497 93
1266 2 2 3 3 93 1510 2
1267 2 2 3 3 79 1237 4
1268 2 2 3 3 4 740 124
1269 2 2 3 3 4 1237 740
1270 2 2 3 3 5 1496 88
1271 2 2 3 3 89 1496 5
1272 2 2 3 3 5 1500 89
1273 2 2 3 3 94 1500 5
1274 2 2 3 3 8 1475 7
1275 2 2 3 3 7 1475 759
1276 2 2 3 3 9 738 8
1277 2 2 3 3 738 1475 8
1278 2 2 3 3 10 1289 9
1279 2 2 3 3 9 1289 738
1280 2 2 3 3 11 762 10
1281 2 2 3 3 762 1289 10
1282 2 2 3 3 12 1387 11
1283 2 2 3 3 11 1387 762
1284 2 2 3 3 13 1375 12
1285 2 2 3 3 1375 1387 12
1286 2 2 3 3 14 736 13
1287 2 2 3 3 736 1375 13
1288 2 2 3 3 15 1379 14
1289 2 2 3 3 14 1379 736
1290 2 2 3 3 16 765 15
1291 2 2 3 3 765 1379 15
1292 2 2 3 3 17 1421 16
1293 2 2 3 3 16 1421 765
1294 2 2 3 3 18 746 17
1295 2 2 3 3 746 1421 17
1296 2 2 3 3 19 1461 18
1297 2 2 3 3 18 1461 746
1298 2 2 3 3 20 764 19
1299 2 2 3 3 764 1461 19
1300 2 2 3 3 21 1304 20
1301 2 2 3 3 20 1304 764
1302 2 2 3 3 22 737 21
1303 2 2 3 3 737 1304 21
1304 2 2 3 3 23 1512 22
1305 2 2 3 3 22 1512 737
1306 2 2 3 3 24 1432 23
1307 2 2 3 3 1432 1512 23
1308 2 2 3 3 25 760 24
1309 2 2 3 3 760 1432 24
1310 2 2 3 3 26 1434 25
1311 2 2 3 3 25 1434 760
1312 2 2 3 3 27 739 26
1313 2 2 3 3 739 1434 26
1314 2 2 3 3 28 1456 27
1315 2 2 3 3 27 1456 739
1316 2 2 3 3 29 1271 28
1317 2 2 3 3 1271 1456 28
1318 2 2 3 3 30 744 29
1319 2 2 3 3 744 1271 29
1320 2 2 3 3 31 1223 30
1321 2 2 3 3 30 1223 744
1322 2 2 3 3 32 1221 31
1323 2 2 3 3 1221 1223 31
1324 2 2 3 3 33 748 32
1325 2 2 3 3 748 1221 32
1326 2 2 3 3 34 1219 33
1327 2 2 3 3 33 1219 748
1328 2 2 3 3 35 754 34
1329 2 2 3 3 754 1219 34
1330 2 2 3 3 36 771 35
1331 2 2 3 3 35 771 754
1332 2 2 3 3 37 769 36
1333 2 2 3 3 769 771 36
1334 2 2 3 3 37 1510 769
1335 2 2 3 3 70 770 69
1336 2 2 3 3 770 1497 69
1337 2 2 3 3 71 1205 70
1338 2 2 3 3 70 1205 770
1339 2 2 3 3 72 752 71
1340 2 2 3 3 752 1205 71
1341 2 2 3 3 73 1207 72
1342 2 2 3 3 72 1207 752
1343 2 2 3 3 74 1208 73
1344 2 2 3 3 73 1208 1207
1345 2 2 3 3 75 747 74
1346 2 2 3 3 747 1208 74
1347 2 2 3 3 76 1247 75
1348 2 2 3 3 75 1247 747
1349 2 2 3 3 77 1230 76
1350 2 2 3 3 1230 1247 76
1351 2 2 3 3 78 742 77
1352 2 2 3 3 742 1230 77
1353 2 2 3 3 78 1232 742
1354 2 2 3 3 80 756 79
1355 2 2 3 3 756 1237 79
1356 2 2 3 3 81 1256 80
1357 2 2 3 3 80 1256 756
1358 2 2 3 3 82 745 81
1359 2 2 3 3 745 1256 81
1360 2 2 3 3 83 1246 82
1361 2 2 3 3 82 1246 745
1362 2 2 3 3 84 1426 83
1363 2 2 3 3 83 1426 1246
1364 2 2 3 3 85 750 84
1365 2 2 3 3 750 1426 84
1366 2 2 3 3 86 1405 85
1367 2 2 3 3 85 1405 750
1368 2 2 3 3 87 768 86
1369 2 2 3 3 768 1405 86
1370 2 2 3 3 88 1210 87
1371 2 2 3 3 87 1210 768
1372 2 2 3 3 88 1496 1210
1373 2 2 3 3 89 1270 90
1374 2 2 3 3 90 1371 89
1375 2 2 3 3 89 1500 1270
1376 2 2 3 3 1371 1496 89
1377 2 2 3 3 90 753 91
1378 2 2 3 3 91 755 90
1379 2 2 3 3 90 1270 753
1380 2 2 3 3 755 1371 90
1381 2 2 3 3 92 1275 91
1382 2 2 3 3 91 1468 92
1383 2 2 3 3 753 1468 91
1384 2 2 3 3 91 1275 755
1385 2 2 3 3 93 1372 92
1386 2 2 3 3 92 1437 93
1387 2 2 3 3 1175 1437 92
1388 2 2 3 3 92 1468 1175
1389 2 2 3 3 92 1372 1275
1390 2 2 3 3 93 1497 1372
1391 2 2 3 3 1437 1510 93
1392 2 2 3 3 95 1203 94
1393 2 2 3 3 1203 1500 94
1394 2 2 3 3 96 767 95
1395 2 2 3 3 767 1203 95
1396 2 2 3 3 97 1204 96
1397 2 2 3 3 96 1204 767
1398 2 2 3 3 98 751 97
1399 2 2 3 3 751 1204 97
1400 2 2 3 3 99 1180 98
1401 2 2 3 3 98 1180 751
1402 2 2 3 3 100 1382 99
1403 2 2 3 3 99 1382 1180
1404 2 2 3 3 101 743 100
1405 2 2 3 3 743 1382 100
1406 2 2 3 3 102 1258 101
1407 2 2 3 3 101 1258 743
1408 2 2 3 3 103 758 102
1409 2 2 3 3 758 1258 102
1410 2 2 3 3 104 1235 103
1411 2 2 3 3 103 1235 758
1412 2 2 3 3 105 741 104
1413 2 2 3 3 741 1235 104
1414 2 2 3 3 106 1201 105
1415 2 2 3 3 105 1201 741
1416 2 2 3 3 107 761 106
1417 2 2 3 3 761 1201 106
1418 2 2 3 3 108 1269 107
1419 2 2 3 3 107 1269 761
1420 2 2 3 3 109 733 108
1421 2 2 3 3 733 1269 108
1422 2 2 3 3 110 1245 109
1423 2 2 3 3 109 1245 733
1424 2 2 3 3 111 1393 110
1425 2 2 3 3 110 1393 1245
1426 2 2 3 3 112 749 111
1427 2 2 3 3 749 1393 111
1428 2 2 3 3 113 1321 112
1429 2 2 3 3 112 1321 749
1430 2 2 3 3 114 766 113
1431 2 2 3 3 766 1321 113
1432 2 2 3 3 115 1322 114
1433 2 2 3 3 114 1322 766
1434 2 2 3 3 116 735 115
1435 2 2 3 3 735 1322 115
1436 2 2 3 3 117 1323 116
1437 2 2 3 3 116 1323 735
1438 2 2 3 3 118 1452 117
1439 2 2 3 3 117 1452 1323
1440 2 2 3 3 119 763 118
1441 2 2 3 3 763 1452 118
1442 2 2 3 3 120 1296 119
1443 2 2 3 3 119 1296 763
1444 2 2 3 3 121 734 120
1445 2 2 3 3 734 1296 120
1446 2 2 3 3 122 1507 121
1447 2 2 3 3 121 1507 734
1448 2 2 3 3 123 757 122
1449 2 2 3 3 757 1507 122
1450 2 2 3 3 124 1241 123
1451 2 2 3 3 123 1241 757
1452 2 2 3 3 740 1241 124
1453 2 2 3 3 733 1245 1178
1454 2 2 3 3 1178 1367 733
1455 2 2 3 3 733 1367 1269
1456 2 2 3 3 1154 1296 734
1457 2 2 3 3 734 1389 1154
1458 2 2 3 3 1243 1389 734
1459 2 2 3 3 734 1507 1243
1460 2 2 3 3 1130 1322 735
1461 2 2 3 3 735 1464 1130
1462 2 2 3 3 1323 1464 735
1463 2 2 3 3 1160 1369 736
1464 2 2 3 3 736 1379 1160
1465 2 2 3 3 1369 1375 736
1466 2 2 3 3 1165 1304 737
1467 2 2 3 3 737 1427 1165
1468 2 2 3 3 1183 1427 737
1469 2 2 3 3 737 1512 1183
1470 2 2 3 3 1289 1290 738
1471 2 2 3 3 1290 1455 738
1472 2 2 3 3 1455 1475 738
1473 2 2 3 3 1143 1192 739
1474 2 2 3 3 739 1456 1143
1475 2 2 3 3 1192 1193 739
1476 2 2 3 3 1193 1434 739
1477 2 2 3 3 1237 1518 740
1478 2 2 3 3 740 1457 1241
1479 2 2 3 3 740 1518 1457
1480 2 2 3 3 1195 1235 741
1481 2 2 3 3 741 1407 1195
1482 2 2 3 3 1201 1407 741
1483 2 2 3 3 1168 1231 742
1484 2 2 3 3 742 1232 1168
1485 2 2 3 3 742 1231 1230
1486 2 2 3 3 743 1263 1190
1487 2 2 3 3 1190 1382 743
1488 2 2 3 3 1258 1263 743
1489 2 2 3 3 1223 1516 744
1490 2 2 3 3 1234 1271 744
1491 2 2 3 3 744 1516 1234
1492 2 2 3 3 1246 1515 745
1493 2 2 3 3 745 1484 1256
1494 2 2 3 3 745 1515 1484
1495 2 2 3 3 1294 1440 746
1496 2 2 3 3 746 1461 1294
1497 2 2 3 3 746 1440 1421
1498 2 2 3 3 747 1400 1208
1499 2 2 3 3 1247 1399 747
1500 2 2 3 3 1399 1400 747
1501 2 2 3 3 748 1219 1179
1502 2 2 3 3 1179 1220 748
1503 2 2 3 3 1220 1221 748
1504 2 2 3 3 1321 1453 749
1505 2 2 3 3 749 1430 1393
1506 2 2 3 3 749 1453 1430
1507 2 2 3 3 750 1186 1185
1508 2 2 3 3 1185 1426 750
1509 2 2 3 3 750 1405 1186
1510 2 2 3 3 751 1157 1155
1511 2 2 3 3 1155 1489 751
1512 2 2 3 3 751 1180 1157
1513 2 2 3 3 751 1489 1204
1514 2 2 3 3 1148 1205 752
1515 2 2 3 3 752 1206 1148
1516 2 2 3 3 752 1207 1206
1517 2 2 3 3 753 1270 1177
1518 2 2 3 3 1177 1502 753
1519 2 2 3 3 753 1502 1468
1520 2 2 3 3 771 772 754
1521 2 2 3 3 772 773 754
1522 2 2 3 3 773 1219 754
1523 2 2 3 3 1275 1448 755
1524 2 2 3 3 755 1476 1371
1525 2 2 3 3 1448 1476 755
1526 2 2 3 3 1228 1237 756
1527 2 2 3 3 756 1424 1228
1528 2 2 3 3 1256 1424 756
1529 2 2 3 3 757 1241 1147
1530 2 2 3 3 1147 1242 757
1531 2 2 3 3 1242 1243 757
1532 2 2 3 3 1243 1507 757
1533 2 2 3 3 758 1235 1161
1534 2 2 3 3 1161 1262 758
1535 2 2 3 3 758 1262 1258
1536 2 2 3 3 759 1511 1232
1537 2 2 3 3 759 1475 1236
1538 2 2 3 3 1236 1511 759
1539 2 2 3 3 760 1291 1152
1540 2 2 3 3 1152 1432 760
1541 2 2 3 3 760 1477 1291
1542 2 2 3 3 1434 1477 760
1543 2 2 3 3 1159 1167 761
1544 2 2 3 3 761 1269 1159
1545 2 2 3 3 1167 1201 761
1546 2 2 3 3 762 1387 1169
1547 2 2 3 3 1169 1416 762
1548 2 2 3 3 762 1416 1289
1549 2 2 3 3 1296 1449 763
1550 2 2 3 3 1449 1519 763
1551 2 2 3 3 763 1519 1452
1552 2 2 3 3 1304 1506 764
1553 2 2 3 3 764 1491 1461
1554 2 2 3 3 764 1506 1491
1555 2 2 3 3 1171 1394 765
1556 2 2 3 3 765 1421 1171
1557 2 2 3 3 765 1394 1379
1558 2 2 3 3 766 1480 1321
1559 2 2 3 3 1322 1504 766
1560 2 2 3 3 766 1504 1480
1561 2 2 3 3 767 1493 1203
1562 2 2 3 3 1204 1411 767
1563 2 2 3 3 1411 1493 767
1564 2 2 3 3 768 1211 1184
1565 2 2 3 3 1184 1405 768
1566 2 2 3 3 1210 1211 768
1567 2 2 3 3 769 1173 771
1568 2 2 3 3 769 1175 1173
1569 2 2 3 3 769 1437 1175
1570 2 2 3 3 769 1510 1437
1571 2 2 3 3 1205 1463 770
1572 2 2 3 3 770 1462 1372
1573 2 2 3 3 1372 1497 770
1574 2 2 3 3 770 1463 1462
1575 2 2 3 3 771 1173 772
1576 2 2 3 3 772 774 773
1577 2 2 3 3 772 1011 774
1578 2 2 3 3 772 1173 1011
1579 2 2 3 3 774 775 773
1580 2 2 3 3 775 1179 773
1581 2 2 3 3 1179 1219 773
1582 2 2 3 3 774 776 775
1583 2 2 3 3 774 1196 776
1584 2 2 3 3 1011 1196 774
1585 2 2 3 3 776 777 775
1586 2 2 3 3 777 1225 775
1587 2 2 3 3 775 1225 1179
1588 2 2 3 3 776 778 777
1589 2 2 3 3 776 1023 778
1590 2 2 3 3 776 1196 1023
1591 2 2 3 3 778 779 777
1592 2 2 3 3 779 780 777
1593 2 2 3 3 780 1225 777
1594 2 2 3 3 778 1229 779
1595 2 2 3 3 1023 1024 778
1596 2 2 3 3 1024 1229 778
1597 2 2 3 3 779 781 780
1598 2 2 3 3 779 782 781
1599 2 2 3 3 779 1229 782
1600 2 2 3 3 781 1244 780
1601 2 2 3 3 780 1383 1225
1602 2 2 3 3 1244 1383 780
1603 2 2 3 3 782 783 781
1604 2 2 3 3 783 784 781
1605 2 2 3 3 784 1244 781
1606 2 2 3 3 782 900 783
1607 2 2 3 3 782 956 900
1608 2 2 3 3 782 1229 956
1609 2 2 3 3 783 785 784
1610 2 2 3 3 783 1252 785
1611 2 2 3 3 900 1252 783
1612 2 2 3 3 785 786 784
1613 2 2 3 3 786 898 784
1614 2 2 3 3 898 1244 784
1615 2 2 3 3 785 787 786
1616 2 2 3 3 785 788 787
1617 2 2 3 3 785 1252 788
1618 2 2 3 3 787 1251 786
1619 2 2 3 3 786 899 898
1620 2 2 3 3 786 1251 899
1621 2 2 3 3 788 789 787
1622 2 2 3 3 789 790 787
1623 2 2 3 3 790 1251 787
1624 2 2 3 3 788 909 789
1625 2 2 3 3 788 1233 909
1626 2 2 3 3 788 1252 1233
1627 2 2 3 3 789 791 790
1628 2 2 3 3 789 1264 791
1629 2 2 3 3 909 1264 789
1630 2 2 3 3 791 792 790
1631 2 2 3 3 792 1239 790
1632 2 2 3 3 1239 1251 790
1633 2 2 3 3 791 793 792
1634 2 2 3 3 791 794 793
1635 2 2 3 3 791 1264 794
1636 2 2 3 3 793 1433 792
1637 2 2 3 3 792 1240 1239
1638 2 2 3 3 792 1433 1240
1639 2 2 3 3 794 795 793
1640 2 2 3 3 795 796 793
1641 2 2 3 3 796 1433 793
1642 2 2 3 3 794 1266 795
1643 2 2 3 3 1264 1265 794
1644 2 2 3 3 1265 1266 794
1645 2 2 3 3 795 797 796
1646 2 2 3 3 795 798 797
1647 2 2 3 3 795 1266 798
1648 2 2 3 3 797 1172 796
1649 2 2 3 3 1172 1490 796
1650 2 2 3 3 796 1490 1433
1651 2 2 3 3 798 799 797
1652 2 2 3 3 799 800 797
1653 2 2 3 3 800 1172 797
1654 2 2 3 3 798 1283 799
1655 2 2 3 3 1266 1268 798
1656 2 2 3 3 1268 1283 798
1657 2 2 3 3 799 801 800
1658 2 2 3 3 799 802 801
1659 2 2 3 3 799 1283 802
1660 2 2 3 3 801 1345 800
1661 2 2 3 3 800 1374 1172
1662 2 2 3 3 1345 1374 800
1663 2 2 3 3 802 803 801
1664 2 2 3 3 803 804 801
1665 2 2 3 3 804 1345 801
1666 2 2 3 3 802 910 803
1667 2 2 3 3 802 911 910
1668 2 2 3 3 802 1283 911
1669 2 2 3 3 803 805 804
1670 2 2 3 3 803 1317 805
1671 2 2 3 3 910 1317 803
1672 2 2 3 3 805 806 804
1673 2 2 3 3 806 874 804
1674 2 2 3 3 874 1345 804
1675 2 2 3 3 805 807 806
1676 2 2 3 3 805 808 807
1677 2 2 3 3 805 1317 808
1678 2 2 3 3 807 1301 806
1679 2 2 3 3 806 950 874
1680 2 2 3 3 806 1301 950
1681 2 2 3 3 808 809 807
1682 2 2 3 3 809 810 807
1683 2 2 3 3 810 1301 807
1684 2 2 3 3 808 1404 809
1685 2 2 3 3 1317 1384 808
1686 2 2 3 3 1384 1404 808
1687 2 2 3 3 809 811 810
1688 2 2 3 3 809 812 811
1689 2 2 3 3 809 1404 812
1690 2 2 3 3 811 1340 810
1691 2 2 3 3 810 1388 1301
1692 2 2 3 3 1340 1388 810
1693 2 2 3 3 812 813 811
1694 2 2 3 3 813 814 811
1695 2 2 3 3 814 1340 811
1696 2 2 3 3 812 1339 813
1697 2 2 3 3 812 1428 1339
1698 2 2 3 3 1404 1428 812
1699 2 2 3 3 813 815 814
1700 2 2 3 3 813 816 815
1701 2 2 3 3 813 1339 816
1702 2 2 3 3 815 818 814
1703 2 2 3 3 818 945 814
1704 2 2 3 3 945 1340 814
1705 2 2 3 3 816 817 815
1706 2 2 3 3 817 1298 815
1707 2 2 3 3 815 1298 818
1708 2 2 3 3 816 819 817
1709 2 2 3 3 816 897 819
1710 2 2 3 3 816 1339 897
1711 2 2 3 3 819 820 817
1712 2 2 3 3 820 1376 817
1713 2 2 3 3 817 1376 1298
1714 2 2 3 3 818 965 945
1715 2 2 3 3 818 990 965
1716 2 2 3 3 818 1298 990
1717 2 2 3 3 819 821 820
1718 2 2 3 3 819 1341 821
1719 2 2 3 3 897 1341 819
1720 2 2 3 3 821 822 820
1721 2 2 3 3 822 1349 820
1722 2 2 3 3 1349 1376 820
1723 2 2 3 3 821 823 822
1724 2 2 3 3 821 824 823
1725 2 2 3 3 821 1341 824
1726 2 2 3 3 823 825 822
1727 2 2 3 3 825 826 822
1728 2 2 3 3 826 1349 822
1729 2 2 3 3 824 1495 823
1730 2 2 3 3 823 834 825
1731 2 2 3 3 823 1495 834
1732 2 2 3 3 824 1498 1316
1733 2 2 3 3 1316 1501 824
1734 2 2 3 3 1341 1498 824
1735 2 2 3 3 824 1501 1495
1736 2 2 3 3 825 827 826
1737 2 2 3 3 825 1300 827
1738 2 2 3 3 834 1300 825
1739 2 2 3 3 827 828 826
1740 2 2 3 3 828 901 826
1741 2 2 3 3 901 1349 826
1742 2 2 3 3 827 829 828
1743 2 2 3 3 827 1358 829
1744 2 2 3 3 1300 1358 827
1745 2 2 3 3 829 830 828
1746 2 2 3 3 830 1320 828
1747 2 2 3 3 828 1320 901
1748 2 2 3 3 829 831 830
1749 2 2 3 3 829 838 831
1750 2 2 3 3 829 1358 838
1751 2 2 3 3 831 832 830
1752 2 2 3 3 832 1319 830
1753 2 2 3 3 1319 1320 830
1754 2 2 3 3 831 833 832
1755 2 2 3 3 831 1281 833
1756 2 2 3 3 838 1281 831
1757 2 2 3 3 833 835 832
1758 2 2 3 3 835 836 832
1759 2 2 3 3 836 1319 832
1760 2 2 3 3 833 837 835
1761 2 2 3 3 833 878 837
1762 2 2 3 3 833 1281 878
1763 2 2 3 3 834 1199 1197
1764 2 2 3 3 1197 1466 834
1765 2 2 3 3 834 1495 1199
1766 2 2 3 3 834 1466 1300
1767 2 2 3 3 835 839 836
1768 2 2 3 3 837 1280 835
1769 2 2 3 3 835 1280 839
1770 2 2 3 3 839 840 836
1771 2 2 3 3 840 989 836
1772 2 2 3 3 989 1319 836
1773 2 2 3 3 878 879 837
1774 2 2 3 3 879 1054 837
1775 2 2 3 3 1054 1280 837
1776 2 2 3 3 838 1286 1281
1777 2 2 3 3 838 1459 1286
1778 2 2 3 3 1358 1459 838
1779 2 2 3 3 839 841 840
1780 2 2 3 3 839 1276 841
1781 2 2 3 3 839 1280 1276
1782 2 2 3 3 841 842 840
1783 2 2 3 3 842 1328 840
1784 2 2 3 3 840 1328 989
1785 2 2 3 3 841 843 842
1786 2 2 3 3 841 845 843
1787 2 2 3 3 841 1276 845
1788 2 2 3 3 843 844 842
1789 2 2 3 3 844 846 842
1790 2 2 3 3 846 1328 842
1791 2 2 3 3 843 1302 844
1792 2 2 3 3 845 864 843
1793 2 2 3 3 864 1302 843
1794 2 2 3 3 844 847 846
1795 2 2 3 3 844 1115 847
1796 2 2 3 3 844 1302 1115
1797 2 2 3 3 845 865 864
1798 2 2 3 3 845 1007 865
1799 2 2 3 3 845 1276 1007
1800 2 2 3 3 847 848 846
1801 2 2 3 3 848 1445 846
1802 2 2 3 3 846 1445 1328
1803 2 2 3 3 847 849 848
1804 2 2 3 3 847 1331 849
1805 2 2 3 3 1115 1331 847
1806 2 2 3 3 849 850 848
1807 2 2 3 3 850 877 848
1808 2 2 3 3 877 1445 848
1809 2 2 3 3 849 851 850
1810 2 2 3 3 849 861 851
1811 2 2 3 3 849 1331 861
1812 2 2 3 3 851 852 850
1813 2 2 3 3 852 1352 850
1814 2 2 3 3 850 1352 877
1815 2 2 3 3 851 853 852
1816 2 2 3 3 851 1360 853
1817 2 2 3 3 861 1360 851
1818 2 2 3 3 853 854 852
1819 2 2 3 3 854 1004 852
1820 2 2 3 3 1004 1352 852
1821 2 2 3 3 853 855 854
1822 2 2 3 3 853 866 855
1823 2 2 3 3 853 1360 866
1824 2 2 3 3 855 856 854
1825 2 2 3 3 856 1342 854
1826 2 2 3 3 854 1342 1004
1827 2 2 3 3 855 857 856
1828 2 2 3 3 855 1361 857
1829 2 2 3 3 866 1361 855
1830 2 2 3 3 857 858 856
1831 2 2 3 3 858 1013 856
1832 2 2 3 3 1013 1342 856
1833 2 2 3 3 857 859 858
1834 2 2 3 3 857 873 859
1835 2 2 3 3 857 1361 873
1836 2 2 3 3 859 860 858
1837 2 2 3 3 860 1355 858
1838 2 2 3 3 858 1355 1013
1839 2 2 3 3 859 862 860
1840 2 2 3 3 859 1438 862
1841 2 2 3 3 873 1438 859
1842 2 2 3 3 862 863 860
1843 2 2 3 3 863 867 860
1844 2 2 3 3 867 1355 860
1845 2 2 3 3 1331 1419 861
1846 2 2 3 3 861 1436 1360
1847 2 2 3 3 1419 1436 861
1848 2 2 3 3 862 1338 863
1849 2 2 3 3 862 1492 1338
1850 2 2 3 3 1438 1492 862
1851 2 2 3 3 863 868 867
1852 2 2 3 3 863 869 868
1853 2 2 3 3 863 1338 869
1854 2 2 3 3 865 902 864
1855 2 2 3 3 902 903 864
1856 2 2 3 3 903 1302 864
1857 2 2 3 3 865 904 902
1858 2 2 3 3 865 1253 904
1859 2 2 3 3 1007 1253 865
1860 2 2 3 3 1360 1458 866
1861 2 2 3 3 866 1482 1361
1862 2 2 3 3 1458 1482 866
1863 2 2 3 3 868 1396 867
1864 2 2 3 3 867 1356 1355
1865 2 2 3 3 867 1396 1356
1866 2 2 3 3 869 870 868
1867 2 2 3 3 870 996 868
1868 2 2 3 3 996 1396 868
1869 2 2 3 3 869 871 870
1870 2 2 3 3 869 908 871
1871 2 2 3 3 869 1338 908
1872 2 2 3 3 871 872 870
1873 2 2 3 3 872 1299 870
1874 2 2 3 3 870 1299 996
1875 2 2 3 3 871 875 872
1876 2 2 3 3 871 1469 875
1877 2 2 3 3 908 1469 871
1878 2 2 3 3 875 876 872
1879 2 2 3 3 876 943 872
1880 2 2 3 3 943 1299 872
1881 2 2 3 3 1361 1513 873
1882 2 2 3 3 873 1363 1362
1883 2 2 3 3 1362 1438 873
1884 2 2 3 3 873 1513 1363
1885 2 2 3 3 950 1012 874
1886 2 2 3 3 1012 1061 874
1887 2 2 3 3 1061 1345 874
1888 2 2 3 3 875 1292 876
1889 2 2 3 3 875 1469 1166
1890 2 2 3 3 1166 1474 875
1891 2 2 3 3 875 1474 1292
1892 2 2 3 3 876 944 943
1893 2 2 3 3 876 948 944
1894 2 2 3 3 876 1292 948
1895 2 2 3 3 877 1401 1170
1896 2 2 3 3 1170 1445 877
1897 2 2 3 3 1352 1401 877
1898 2 2 3 3 878 880 879
1899 2 2 3 3 878 1062 880
1900 2 2 3 3 878 1281 1062
1901 2 2 3 3 880 881 879
1902 2 2 3 3 881 1261 879
1903 2 2 3 3 879 1261 1054
1904 2 2 3 3 880 882 881
1905 2 2 3 3 880 1284 882
1906 2 2 3 3 1062 1284 880
1907 2 2 3 3 882 883 881
1908 2 2 3 3 883 884 881
1909 2 2 3 3 884 1261 881
1910 2 2 3 3 882 890 883
1911 2 2 3 3 882 891 890
1912 2 2 3 3 882 1284 891
1913 2 2 3 3 883 885 884
1914 2 2 3 3 883 1257 885
1915 2 2 3 3 890 1257 883
1916 2 2 3 3 885 886 884
1917 2 2 3 3 886 971 884
1918 2 2 3 3 971 1261 884
1919 2 2 3 3 885 887 886
1920 2 2 3 3 885 892 887
1921 2 2 3 3 885 1257 892
1922 2 2 3 3 887 888 886
1923 2 2 3 3 888 1250 886
1924 2 2 3 3 886 1250 971
1925 2 2 3 3 887 889 888
1926 2 2 3 3 887 1249 889
1927 2 2 3 3 892 1249 887
1928 2 2 3 3 889 893 888
1929 2 2 3 3 893 895 888
1930 2 2 3 3 895 1250 888
1931 2 2 3 3 889 894 893
1932 2 2 3 3 889 896 894
1933 2 2 3 3 889 1249 896
1934 2 2 3 3 891 905 890
1935 2 2 3 3 905 1218 890
1936 2 2 3 3 1218 1257 890
1937 2 2 3 3 891 906 905
1938 2 2 3 3 891 1377 906
1939 2 2 3 3 1284 1377 891
1940 2 2 3 3 1212 1249 892
1941 2 2 3 3 892 1357 1212
1942 2 2 3 3 1257 1357 892
1943 2 2 3 3 894 1238 893
1944 2 2 3 3 893 967 895
1945 2 2 3 3 893 1238 967
1946 2 2 3 3 896 907 894
1947 2 2 3 3 907 963 894
1948 2 2 3 3 963 1238 894
1949 2 2 3 3 967 968 895
1950 2 2 3 3 968 1008 895
1951 2 2 3 3 1008 1250 895
1952 2 2 3 3 896 983 907
1953 2 2 3 3 896 1047 983
1954 2 2 3 3 896 1249 1047
1955 2 2 3 3 1339 1444 897
1956 2 2 3 3 897 1471 1341
1957 2 2 3 3 1444 1471 897
1958 2 2 3 3 899 1005 898
1959 2 2 3 3 1005 1041 898
1960 2 2 3 3 1041 1244 898
1961 2 2 3 3 899 1006 1005
1962 2 2 3 3 899 1141 1006
1963 2 2 3 3 899 1251 1141
1964 2 2 3 3 956 957 900
1965 2 2 3 3 957 1040 900
1966 2 2 3 3 1040 1252 900
1967 2 2 3 3 1320 1423 901
1968 2 2 3 3 901 1406 1349
1969 2 2 3 3 901 1423 1406
1970 2 2 3 3 902 975 903
1971 2 2 3 3 904 1274 902
1972 2 2 3 3 902 1274 975
1973 2 2 3 3 975 976 903
1974 2 2 3 3 976 1303 903
1975 2 2 3 3 903 1303 1302
1976 2 2 3 3 1253 1255 904
1977 2 2 3 3 1255 1397 904
1978 2 2 3 3 904 1397 1274
1979 2 2 3 3 906 972 905
1980 2 2 3 3 972 982 905
1981 2 2 3 3 982 1218 905
1982 2 2 3 3 906 973 972
1983 2 2 3 3 906 974 973
1984 2 2 3 3 906 1377 974
1985 2 2 3 3 907 964 963
1986 2 2 3 3 907 1191 964
1987 2 2 3 3 983 1191 907
1988 2 2 3 3 1338 1354 908
1989 2 2 3 3 1354 1380 908
1990 2 2 3 3 1380 1469 908
1991 2 2 3 3 1233 1485 909
1992 2 2 3 3 909 1467 1264
1993 2 2 3 3 909 1485 1467
1994 2 2 3 3 911 912 910
1995 2 2 3 3 912 1318 910
1996 2 2 3 3 910 1318 1317
1997 2 2 3 3 911 913 912
1998 2 2 3 3 911 1395 913
1999 2 2 3 3 1283 1395 911
2000 2 2 3 3 913 914 912
2001 2 2 3 3 914 940 912
2002 2 2 3 3 940 1318 912
2003 2 2 3 3 913 915 914
2004 2 2 3 3 913 939 915
2005 2 2 3 3 913 1395 939
2006 2 2 3 3 915 916 914
2007 2 2 3 3 916 1305 914
2008 2 2 3 3 914 1305 940
2009 2 2 3 3 915 917 916
2010 2 2 3 3 915 1297 917
2011 2 2 3 3 939 1297 915
2012 2 2 3 3 917 918 916
2013 2 2 3 3 918 919 916
2014 2 2 3 3 919 1305 916
2015 2 2 3 3 917 923 918
2016 2 2 3 3 917 924 923
2017 2 2 3 3 917 1297 924
2018 2 2 3 3 918 920 919
2019 2 2 3 3 918 1366 920
2020 2 2 3 3 923 1366 918
2021 2 2 3 3 920 921 919
2022 2 2 3 3 921 1370 919
2023 2 2 3 3 919 1370 1305
2024 2 2 3 3 920 922 921
2025 2 2 3 3 920 1385 922
2026 2 2 3 3 1366 1385 920
2027 2 2 3 3 922 925 921
2028 2 2 3 3 925 942 921
2029 2 2 3 3 942 1370 921
2030 2 2 3 3 922 926 925
2031 2 2 3 3 922 934 926
2032 2 2 3 3 922 1385 934
2033 2 2 3 3 924 937 923
2034 2 2 3 3 937 1337 923
2035 2 2 3 3 1337 1366 923
2036 2 2 3 3 924 938 937
2037 2 2 3 3 924 1278 938
2038 2 2 3 3 924 1297 1278
2039 2 2 3 3 926 927 925
2040 2 2 3 3 927 1346 925
2041 2 2 3 3 925 1346 942
2042 2 2 3 3 926 928 927
2043 2 2 3 3 926 1443 928
2044 2 2 3 3 934 1443 926
2045 2 2 3 3 928 929 927
2046 2 2 3 3 929 969 927
2047 2 2 3 3 969 1346 927
2048 2 2 3 3 928 930 929
2049 2 2 3 3 928 1450 930
2050 2 2 3 3 1443 1450 928
2051 2 2 3 3 930 931 929
2052 2 2 3 3 931 1327 929
2053 2 2 3 3 929 1327 969
2054 2 2 3 3 930 932 931
2055 2 2 3 3 930 941 932
2056 2 2 3 3 930 1450 941
2057 2 2 3 3 932 933 931
2058 2 2 3 3 933 970 931
2059 2 2 3 3 970 1327 931
2060 2 2 3 3 932 935 933
2061 2 2 3 3 932 1347 935
2062 2 2 3 3 941 1347 932
2063 2 2 3 3 935 936 933
2064 2 2 3 3 936 1335 933
2065 2 2 3 3 933 1335 970
2066 2 2 3 3 1385 1408 934
2067 2 2 3 3 1408 1425 934
2068 2 2 3 3 1425 1443 934
2069 2 2 3 3 935 946 936
2070 2 2 3 3 935 981 946
2071 2 2 3 3 935 1347 981
2072 2 2 3 3 946 947 936
2073 2 2 3 3 947 951 936
2074 2 2 3 3 951 1335 936
2075 2 2 3 3 938 958 937
2076 2 2 3 3 958 959 937
2077 2 2 3 3 959 1337 937
2078 2 2 3 3 938 960 958
2079 2 2 3 3 938 961 960
2080 2 2 3 3 938 1278 961
2081 2 2 3 3 1279 1297 939
2082 2 2 3 3 939 1413 1279
2083 2 2 3 3 1395 1413 939
2084 2 2 3 3 1305 1306 940
2085 2 2 3 3 1306 1307 940
2086 2 2 3 3 1307 1318 940
2087 2 2 3 3 941 1381 1347
2088 2 2 3 3 941 1486 1381
2089 2 2 3 3 1450 1486 941
2090 2 2 3 3 1346 1418 942
2091 2 2 3 3 942 1390 1370
2092 2 2 3 3 942 1418 1390
2093 2 2 3 3 944 977 943
2094 2 2 3 3 977 1067 943
2095 2 2 3 3 1067 1299 943
2096 2 2 3 3 948 949 944
2097 2 2 3 3 949 1282 944
2098 2 2 3 3 944 1282 977
2099 2 2 3 3 965 966 945
2100 2 2 3 3 966 1122 945
2101 2 2 3 3 1122 1340 945
2102 2 2 3 3 946 1353 947
2103 2 2 3 3 981 997 946
2104 2 2 3 3 997 1353 946
2105 2 2 3 3 947 952 951
2106 2 2 3 3 947 953 952
2107 2 2 3 3 947 1353 953
2108 2 2 3 3 948 978 949
2109 2 2 3 3 948 980 978
2110 2 2 3 3 948 1292 980
2111 2 2 3 3 978 979 949
2112 2 2 3 3 979 984 949
2113 2 2 3 3 984 1282 949
2114 2 2 3 3 950 1022 1012
2115 2 2 3 3 950 1059 1022
2116 2 2 3 3 950 1301 1059
2117 2 2 3 3 952 1325 951
2118 2 2 3 3 1325 1336 951
2119 2 2 3 3 951 1336 1335
2120 2 2 3 3 953 954 952
2121 2 2 3 3 954 955 952
2122 2 2 3 3 955 1325 952
2123 2 2 3 3 953 988 954
2124 2 2 3 3 953 1473 988
2125 2 2 3 3 1353 1473 953
2126 2 2 3 3 954 1025 955
2127 2 2 3 3 988 1392 954
2128 2 2 3 3 954 1392 1025
2129 2 2 3 3 1025 1026 955
2130 2 2 3 3 1026 1027 955
2131 2 2 3 3 1027 1325 955
2132 2 2 3 3 956 1038 957
2133 2 2 3 3 956 1189 1038
2134 2 2 3 3 956 1229 1189
2135 2 2 3 3 1038 1209 957
2136 2 2 3 3 957 1182 1040
2137 2 2 3 3 957 1209 1182
2138 2 2 3 3 958 1001 959
2139 2 2 3 3 960 1326 958
2140 2 2 3 3 958 1326 1001
2141 2 2 3 3 1001 1002 959
2142 2 2 3 3 1002 1009 959
2143 2 2 3 3 1009 1337 959
2144 2 2 3 3 961 962 960
2145 2 2 3 3 962 1000 960
2146 2 2 3 3 1000 1326 960
2147 2 2 3 3 961 986 962
2148 2 2 3 3 961 1277 986
2149 2 2 3 3 961 1278 1277
2150 2 2 3 3 986 987 962
2151 2 2 3 3 987 1272 962
2152 2 2 3 3 962 1272 1000
2153 2 2 3 3 964 993 963
2154 2 2 3 3 993 999 963
2155 2 2 3 3 999 1238 963
2156 2 2 3 3 964 994 993
2157 2 2 3 3 964 1014 994
2158 2 2 3 3 964 1191 1014
2159 2 2 3 3 965 1422 966
2160 2 2 3 3 990 1045 965
2161 2 2 3 3 1045 1422 965
2162 2 2 3 3 966 1123 1122
2163 2 2 3 3 966 1129 1123
2164 2 2 3 3 966 1422 1129
2165 2 2 3 3 967 991 968
2166 2 2 3 3 967 1202 991
2167 2 2 3 3 967 1238 1202
2168 2 2 3 3 991 992 968
2169 2 2 3 3 992 1391 968
2170 2 2 3 3 968 1391 1008
2171 2 2 3 3 1327 1465 969
2172 2 2 3 3 969 1439 1346
2173 2 2 3 3 969 1465 1439
2174 2 2 3 3 970 1431 1327
2175 2 2 3 3 1335 1403 970
2176 2 2 3 3 1403 1431 970
2177 2 2 3 3 1250 1364 971
2178 2 2 3 3 971 1378 1261
2179 2 2 3 3 1364 1378 971
2180 2 2 3 3 973 998 972
2181 2 2 3 3 972 1226 982
2182 2 2 3 3 998 1226 972
2183 2 2 3 3 974 1288 973
2184 2 2 3 3 973 1003 998
2185 2 2 3 3 973 1288 1003
2186 2 2 3 3 974 1514 1288
2187 2 2 3 3 1377 1414 974
2188 2 2 3 3 1414 1514 974
2189 2 2 3 3 975 1016 976
2190 2 2 3 3 975 1018 1016
2191 2 2 3 3 975 1274 1018
2192 2 2 3 3 1016 1017 976
2193 2 2 3 3 1017 1019 976
2194 2 2 3 3 1019 1303 976
2195 2 2 3 3 977 1146 1067
2196 2 2 3 3 977 1373 1146
2197 2 2 3 3 1282 1373 977
2198 2 2 3 3 978 1293 979
2199 2 2 3 3 980 1033 978
2200 2 2 3 3 1033 1293 978
2201 2 2 3 3 979 985 984
2202 2 2 3 3 979 995 985
2203 2 2 3 3 979 1293 995
2204 2 2 3 3 980 1034 1033
2205 2 2 3 3 980 1056 1034
2206 2 2 3 3 980 1292 1056
2207 2 2 3 3 981 1021 997
2208 2 2 3 3 981 1065 1021
2209 2 2 3 3 981 1347 1065
2210 2 2 3 3 982 1217 1216
2211 2 2 3 3 1216 1218 982
2212 2 2 3 3 982 1226 1217
2213 2 2 3 3 1047 1048 983
2214 2 2 3 3 1048 1050 983
2215 2 2 3 3 1050 1191 983
2216 2 2 3 3 985 1043 984
2217 2 2 3 3 1043 1063 984
2218 2 2 3 3 1063 1282 984
2219 2 2 3 3 995 1478 985
2220 2 2 3 3 985 1044 1043
2221 2 2 3 3 985 1478 1044
2222 2 2 3 3 986 1029 987
2223 2 2 3 3 986 1030 1029
2224 2 2 3 3 986 1277 1030
2225 2 2 3 3 1029 1031 987
2226 2 2 3 3 1031 1032 987
2227 2 2 3 3 1032 1272 987
2228 2 2 3 3 988 1151 1149
2229 2 2 3 3 1149 1392 988
2230 2 2 3 3 988 1153 1151
2231 2 2 3 3 988 1473 1153
2232 2 2 3 3 989 1441 1319
2233 2 2 3 3 1328 1470 989
2234 2 2 3 3 989 1470 1441
2235 2 2 3 3 990 1046 1045
2236 2 2 3 3 990 1066 1046
2237 2 2 3 3 990 1298 1066
2238 2 2 3 3 991 1036 992
2239 2 2 3 3 991 1075 1036
2240 2 2 3 3 991 1202 1075
2241 2 2 3 3 1036 1037 992
2242 2 2 3 3 1037 1120 992
2243 2 2 3 3 1120 1391 992
2244 2 2 3 3 994 1417 993
2245 2 2 3 3 993 1039 999
2246 2 2 3 3 993 1417 1039
2247 2 2 3 3 1014 1015 994
2248 2 2 3 3 1015 1410 994
2249 2 2 3 3 1410 1417 994
2250 2 2 3 3 995 1293 1194
2251 2 2 3 3 1194 1460 995
2252 2 2 3 3 995 1460 1260
2253 2 2 3 3 1260 1478 995
2254 2 2 3 3 1299 1487 996
2255 2 2 3 3 1365 1396 996
2256 2 2 3 3 996 1487 1365
2257 2 2 3 3 1021 1055 997
2258 2 2 3 3 1055 1064 997
2259 2 2 3 3 1064 1353 997
2260 2 2 3 3 1003 1051 998
2261 2 2 3 3 1051 1106 998
2262 2 2 3 3 1106 1226 998
2263 2 2 3 3 1039 1188 999
2264 2 2 3 3 1188 1202 999
2265 2 2 3 3 1202 1238 999
2266 2 2 3 3 1272 1273 1000
2267 2 2 3 3 1273 1368 1000
2268 2 2 3 3 1000 1368 1326
2269 2 2 3 3 1001 1042 1002
2270 2 2 3 3 1001 1057 1042
2271 2 2 3 3 1001 1326 1057
2272 2 2 3 3 1002 1010 1009
2273 2 2 3 3 1002 1348 1010
2274 2 2 3 3 1042 1348 1002
2275 2 2 3 3 1003 1052 1051
2276 2 2 3 3 1003 1142 1052
2277 2 2 3 3 1003 1288 1142
2278 2 2 3 3 1342 1343 1004
2279 2 2 3 3 1343 1344 1004
2280 2 2 3 3 1344 1352 1004
2281 2 2 3 3 1006 1053 1005
2282 2 2 3 3 1005 1505 1041
2283 2 2 3 3 1053 1505 1005
2284 2 2 3 3 1006 1058 1053
2285 2 2 3 3 1006 1259 1058
2286 2 2 3 3 1141 1259 1006
2287 2 2 3 3 1007 1254 1253
2288 2 2 3 3 1007 1330 1254
2289 2 2 3 3 1276 1330 1007
2290 2 2 3 3 1008 1364 1250
2291 2 2 3 3 1008 1386 1364
2292 2 2 3 3 1008 1391 1386
2293 2 2 3 3 1010 1070 1009
2294 2 2 3 3 1070 1116 1009
2295 2 2 3 3 1116 1337 1009
2296 2 2 3 3 1010 1071 1070
2297 2 2 3 3 1010 1072 1071
2298 2 2 3 3 1010 1348 1072
2299 2 2 3 3 1173 1174 1011
2300 2 2 3 3 1174 1176 1011
2301 2 2 3 3 1176 1196 1011
2302 2 2 3 3 1022 1145 1012
2303 2 2 3 3 1012 1415 1061
2304 2 2 3 3 1145 1415 1012
2305 2 2 3 3 1013 1355 1158
2306 2 2 3 3 1158 1488 1013
2307 2 2 3 3 1013 1488 1342
2308 2 2 3 3 1014 1076 1015
2309 2 2 3 3 1014 1187 1076
2310 2 2 3 3 1014 1191 1187
2311 2 2 3 3 1076 1077 1015
2312 2 2 3 3 1077 1078 1015
2313 2 2 3 3 1078 1410 1015
2314 2 2 3 3 1016 1435 1017
2315 2 2 3 3 1018 1112 1016
2316 2 2 3 3 1112 1435 1016
2317 2 2 3 3 1017 1020 1019
2318 2 2 3 3 1017 1081 1020
2319 2 2 3 3 1017 1435 1081
2320 2 2 3 3 1018 1138 1112
2321 2 2 3 3 1018 1398 1138
2322 2 2 3 3 1274 1398 1018
2323 2 2 3 3 1020 1073 1019
2324 2 2 3 3 1073 1332 1019
2325 2 2 3 3 1019 1332 1303
2326 2 2 3 3 1020 1074 1073
2327 2 2 3 3 1020 1359 1074
2328 2 2 3 3 1081 1359 1020
2329 2 2 3 3 1021 1334 1055
2330 2 2 3 3 1065 1113 1021
2331 2 2 3 3 1113 1334 1021
2332 2 2 3 3 1059 1060 1022
2333 2 2 3 3 1060 1365 1022
2334 2 2 3 3 1022 1365 1145
2335 2 2 3 3 1023 1155 1024
2336 2 2 3 3 1023 1156 1155
2337 2 2 3 3 1023 1196 1156
2338 2 2 3 3 1155 1157 1024
2339 2 2 3 3 1157 1189 1024
2340 2 2 3 3 1189 1229 1024
2341 2 2 3 3 1025 1287 1026
2342 2 2 3 3 1025 1481 1287
2343 2 2 3 3 1392 1481 1025
2344 2 2 3 3 1026 1028 1027
2345 2 2 3 3 1026 1111 1028
2346 2 2 3 3 1026 1287 1111
2347 2 2 3 3 1028 1117 1027
2348 2 2 3 3 1117 1118 1027
2349 2 2 3 3 1118 1325 1027
2350 2 2 3 3 1111 1295 1028
2351 2 2 3 3 1028 1119 1117
2352 2 2 3 3 1028 1295 1119
2353 2 2 3 3 1030 1329 1029
2354 2 2 3 3 1029 1125 1031
2355 2 2 3 3 1029 1329 1125
2356 2 2 3 3 1277 1409 1030
2357 2 2 3 3 1030 1446 1329
2358 2 2 3 3 1409 1446 1030
2359 2 2 3 3 1031 1035 1032
2360 2 2 3 3 1031 1508 1035
2361 2 2 3 3 1125 1508 1031
2362 2 2 3 3 1035 1086 1032
2363 2 2 3 3 1086 1087 1032
2364 2 2 3 3 1087 1272 1032
2365 2 2 3 3 1034 1291 1033
2366 2 2 3 3 1291 1454 1033
2367 2 2 3 3 1033 1454 1293
2368 2 2 3 3 1056 1104 1034
2369 2 2 3 3 1104 1152 1034
2370 2 2 3 3 1152 1291 1034
2371 2 2 3 3 1035 1088 1086
2372 2 2 3 3 1035 1182 1088
2373 2 2 3 3 1035 1508 1182
2374 2 2 3 3 1036 1231 1037
2375 2 2 3 3 1075 1110 1036
2376 2 2 3 3 1110 1231 1036
2377 2 2 3 3 1037 1121 1120
2378 2 2 3 3 1037 1168 1121
2379 2 2 3 3 1037 1231 1168
2380 2 2 3 3 1038 1189 1181
2381 2 2 3 3 1181 1190 1038
2382 2 2 3 3 1190 1209 1038
2383 2 2 3 3 1039 1400 1188
2384 2 2 3 3 1039 1451 1400
2385 2 2 3 3 1417 1451 1039
2386 2 2 3 3 1182 1429 1040
2387 2 2 3 3 1233 1252 1040
2388 2 2 3 3 1040 1429 1233
2389 2 2 3 3 1222 1383 1041
2390 2 2 3 3 1041 1505 1222
2391 2 2 3 3 1041 1383 1244
2392 2 2 3 3 1057 1159 1042
2393 2 2 3 3 1159 1367 1042
2394 2 2 3 3 1042 1367 1348
2395 2 2 3 3 1044 1240 1043
2396 2 2 3 3 1043 1139 1063
2397 2 2 3 3 1043 1240 1139
2398 2 2 3 3 1044 1503 1240
2399 2 2 3 3 1044 1478 1259
2400 2 2 3 3 1259 1503 1044
2401 2 2 3 3 1046 1494 1045
2402 2 2 3 3 1344 1422 1045
2403 2 2 3 3 1045 1494 1344
2404 2 2 3 3 1066 1082 1046
2405 2 2 3 3 1082 1135 1046
2406 2 2 3 3 1135 1494 1046
2407 2 2 3 3 1047 1049 1048
2408 2 2 3 3 1047 1212 1049
2409 2 2 3 3 1047 1249 1212
2410 2 2 3 3 1049 1248 1048
2411 2 2 3 3 1048 1107 1050
2412 2 2 3 3 1048 1248 1107
2413 2 2 3 3 1212 1213 1049
2414 2 2 3 3 1213 1214 1049
2415 2 2 3 3 1214 1248 1049
2416 2 2 3 3 1107 1185 1050
2417 2 2 3 3 1185 1187 1050
2418 2 2 3 3 1187 1191 1050
2419 2 2 3 3 1052 1242 1051
2420 2 2 3 3 1051 1147 1106
2421 2 2 3 3 1051 1242 1147
2422 2 2 3 3 1142 1149 1052
2423 2 2 3 3 1149 1150 1052
2424 2 2 3 3 1150 1242 1052
2425 2 2 3 3 1058 1068 1053
2426 2 2 3 3 1068 1234 1053
2427 2 2 3 3 1053 1234 1224
2428 2 2 3 3 1224 1505 1053
2429 2 2 3 3 1261 1378 1054
2430 2 2 3 3 1054 1330 1280
2431 2 2 3 3 1054 1378 1330
2432 2 2 3 3 1055 1162 1064
2433 2 2 3 3 1055 1163 1162
2434 2 2 3 3 1055 1334 1163
2435 2 2 3 3 1056 1105 1104
2436 2 2 3 3 1056 1474 1105
2437 2 2 3 3 1292 1474 1056
2438 2 2 3 3 1057 1167 1159
2439 2 2 3 3 1057 1368 1167
2440 2 2 3 3 1326 1368 1057
2441 2 2 3 3 1058 1069 1068
2442 2 2 3 3 1058 1260 1069
2443 2 2 3 3 1259 1260 1058
2444 2 2 3 3 1059 1412 1060
2445 2 2 3 3 1301 1388 1059
2446 2 2 3 3 1388 1412 1059
2447 2 2 3 3 1060 1499 1365
2448 2 2 3 3 1412 1447 1060
2449 2 2 3 3 1447 1499 1060
2450 2 2 3 3 1061 1374 1345
2451 2 2 3 3 1061 1517 1374
2452 2 2 3 3 1415 1517 1061
2453 2 2 3 3 1281 1286 1062
2454 2 2 3 3 1062 1285 1284
2455 2 2 3 3 1062 1286 1285
2456 2 2 3 3 1139 1140 1063
2457 2 2 3 3 1140 1373 1063
2458 2 2 3 3 1063 1373 1282
2459 2 2 3 3 1153 1473 1064
2460 2 2 3 3 1064 1479 1153
2461 2 2 3 3 1162 1479 1064
2462 2 2 3 3 1064 1473 1353
2463 2 2 3 3 1065 1114 1113
2464 2 2 3 3 1065 1381 1114
2465 2 2 3 3 1347 1381 1065
2466 2 2 3 3 1066 1406 1082
2467 2 2 3 3 1298 1376 1066
2468 2 2 3 3 1376 1406 1066
2469 2 2 3 3 1146 1415 1067
2470 2 2 3 3 1067 1487 1299
2471 2 2 3 3 1415 1487 1067
2472 2 2 3 3 1069 1143 1068
2473 2 2 3 3 1143 1271 1068
2474 2 2 3 3 1068 1271 1234
2475 2 2 3 3 1069 1192 1143
2476 2 2 3 3 1069 1460 1192
2477 2 2 3 3 1260 1460 1069
2478 2 2 3 3 1071 1333 1070
2479 2 2 3 3 1070 1408 1116
2480 2 2 3 3 1333 1408 1070
2481 2 2 3 3 1072 1079 1071
2482 2 2 3 3 1079 1080 1071
2483 2 2 3 3 1080 1333 1071
2484 2 2 3 3 1072 1108 1079
2485 2 2 3 3 1072 1178 1108
2486 2 2 3 3 1072 1348 1178
2487 2 2 3 3 1074 1089 1073
2488 2 2 3 3 1089 1419 1073
2489 2 2 3 3 1073 1419 1332
2490 2 2 3 3 1074 1090 1089
2491 2 2 3 3 1074 1091 1090
2492 2 2 3 3 1074 1359 1091
2493 2 2 3 3 1075 1399 1110
2494 2 2 3 3 1075 1202 1188
2495 2 2 3 3 1188 1399 1075
2496 2 2 3 3 1076 1184 1077
2497 2 2 3 3 1076 1186 1184
2498 2 2 3 3 1076 1187 1186
2499 2 2 3 3 1077 1131 1078
2500 2 2 3 3 1077 1211 1131
2501 2 2 3 3 1184 1211 1077
2502 2 2 3 3 1131 1132 1078
2503 2 2 3 3 1132 1148 1078
2504 2 2 3 3 1148 1410 1078
2505 2 2 3 3 1079 1083 1080
2506 2 2 3 3 1079 1430 1083
2507 2 2 3 3 1108 1430 1079
2508 2 2 3 3 1083 1084 1080
2509 2 2 3 3 1084 1085 1080
2510 2 2 3 3 1085 1333 1080
2511 2 2 3 3 1290 1416 1081
2512 2 2 3 3 1081 1435 1290
2513 2 2 3 3 1081 1416 1359
2514 2 2 3 3 1082 1137 1135
2515 2 2 3 3 1082 1423 1137
2516 2 2 3 3 1406 1423 1082
2517 2 2 3 3 1083 1124 1084
2518 2 2 3 3 1083 1453 1124
2519 2 2 3 3 1430 1453 1083
2520 2 2 3 3 1084 1126 1085
2521 2 2 3 3 1124 1324 1084
2522 2 2 3 3 1084 1324 1126
2523 2 2 3 3 1126 1144 1085
2524 2 2 3 3 1144 1425 1085
2525 2 2 3 3 1085 1425 1333
2526 2 2 3 3 1086 1161 1087
2527 2 2 3 3 1088 1262 1086
2528 2 2 3 3 1086 1262 1161
2529 2 2 3 3 1161 1195 1087
2530 2 2 3 3 1195 1273 1087
2531 2 2 3 3 1087 1273 1272
2532 2 2 3 3 1182 1209 1088
2533 2 2 3 3 1209 1263 1088
2534 2 2 3 3 1088 1263 1262
2535 2 2 3 3 1090 1350 1089
2536 2 2 3 3 1350 1436 1089
2537 2 2 3 3 1089 1436 1419
2538 2 2 3 3 1091 1092 1090
2539 2 2 3 3 1092 1093 1090
2540 2 2 3 3 1093 1350 1090
2541 2 2 3 3 1091 1109 1092
2542 2 2 3 3 1091 1169 1109
2543 2 2 3 3 1091 1359 1169
2544 2 2 3 3 1092 1094 1093
2545 2 2 3 3 1092 1369 1094
2546 2 2 3 3 1109 1369 1092
2547 2 2 3 3 1094 1095 1093
2548 2 2 3 3 1095 1351 1093
2549 2 2 3 3 1093 1351 1350
2550 2 2 3 3 1094 1096 1095
2551 2 2 3 3 1094 1160 1096
2552 2 2 3 3 1094 1369 1160
2553 2 2 3 3 1096 1097 1095
2554 2 2 3 3 1097 1134 1095
2555 2 2 3 3 1134 1351 1095
2556 2 2 3 3 1096 1098 1097
2557 2 2 3 3 1096 1394 1098
2558 2 2 3 3 1160 1394 1096
2559 2 2 3 3 1098 1099 1097
2560 2 2 3 3 1099 1363 1097
2561 2 2 3 3 1097 1363 1134
2562 2 2 3 3 1098 1100 1099
2563 2 2 3 3 1098 1171 1100
2564 2 2 3 3 1098 1394 1171
2565 2 2 3 3 1100 1101 1099
2566 2 2 3 3 1101 1362 1099
2567 2 2 3 3 1362 1363 1099
2568 2 2 3 3 1100 1102 1101
2569 2 2 3 3 1100 1440 1102
2570 2 2 3 3 1171 1440 1100
2571 2 2 3 3 1102 1103 1101
2572 2 2 3 3 1103 1136 1101
2573 2 2 3 3 1136 1362 1101
2574 2 2 3 3 1102 1127 1103
2575 2 2 3 3 1102 1294 1127
2576 2 2 3 3 1102 1440 1294
2577 2 2 3 3 1127 1128 1103
2578 2 2 3 3 1128 1354 1103
2579 2 2 3 3 1103 1354 1136
2580 2 2 3 3 1105 1427 1104
2581 2 2 3 3 1104 1183 1152
2582 2 2 3 3 1104 1427 1183
2583 2 2 3 3 1164 1165 1105
2584 2 2 3 3 1105 1166 1164
2585 2 2 3 3 1165 1427 1105
2586 2 2 3 3 1105 1474 1166
2587 2 2 3 3 1147 1457 1106
2588 2 2 3 3 1106 1227 1226
2589 2 2 3 3 1106 1457 1227
2590 2 2 3 3 1107 1426 1185
2591 2 2 3 3 1246 1426 1107
2592 2 2 3 3 1107 1515 1246
2593 2 2 3 3 1248 1515 1107
2594 2 2 3 3 1178 1245 1108
2595 2 2 3 3 1245 1393 1108
2596 2 2 3 3 1393 1430 1108
2597 2 2 3 3 1169 1387 1109
2598 2 2 3 3 1109 1375 1369
2599 2 2 3 3 1109 1387 1375
2600 2 2 3 3 1230 1231 1110
2601 2 2 3 3 1110 1247 1230
2602 2 2 3 3 1110 1399 1247
2603 2 2 3 3 1287 1514 1111
2604 2 2 3 3 1111 1483 1295
2605 2 2 3 3 1414 1483 1111
2606 2 2 3 3 1111 1514 1414
2607 2 2 3 3 1138 1236 1112
2608 2 2 3 3 1236 1455 1112
2609 2 2 3 3 1112 1455 1435
2610 2 2 3 3 1114 1130 1113
2611 2 2 3 3 1130 1464 1113
2612 2 2 3 3 1113 1464 1334
2613 2 2 3 3 1114 1402 1130
2614 2 2 3 3 1324 1402 1114
2615 2 2 3 3 1114 1509 1324
2616 2 2 3 3 1381 1509 1114
2617 2 2 3 3 1302 1303 1115
2618 2 2 3 3 1303 1332 1115
2619 2 2 3 3 1115 1332 1331
2620 2 2 3 3 1116 1366 1337
2621 2 2 3 3 1116 1385 1366
2622 2 2 3 3 1116 1408 1385
2623 2 2 3 3 1117 1197 1118
2624 2 2 3 3 1119 1466 1117
2625 2 2 3 3 1117 1466 1197
2626 2 2 3 3 1197 1198 1118
2627 2 2 3 3 1198 1336 1118
2628 2 2 3 3 1118 1336 1325
2629 2 2 3 3 1295 1459 1119
2630 2 2 3 3 1119 1358 1300
2631 2 2 3 3 1300 1466 1119
2632 2 2 3 3 1119 1459 1358
2633 2 2 3 3 1121 1397 1120
2634 2 2 3 3 1255 1391 1120
2635 2 2 3 3 1120 1397 1255
2636 2 2 3 3 1168 1420 1121
2637 2 2 3 3 1121 1398 1397
2638 2 2 3 3 1121 1420 1398
2639 2 2 3 3 1123 1412 1122
2640 2 2 3 3 1122 1388 1340
2641 2 2 3 3 1122 1412 1388
2642 2 2 3 3 1129 1158 1123
2643 2 2 3 3 1158 1447 1123
2644 2 2 3 3 1123 1447 1412
2645 2 2 3 3 1124 1402 1324
2646 2 2 3 3 1124 1480 1402
2647 2 2 3 3 1453 1480 1124
2648 2 2 3 3 1233 1429 1125
2649 2 2 3 3 1125 1485 1233
2650 2 2 3 3 1329 1485 1125
2651 2 2 3 3 1429 1508 1125
2652 2 2 3 3 1126 1486 1144
2653 2 2 3 3 1324 1509 1126
2654 2 2 3 3 1126 1509 1486
2655 2 2 3 3 1127 1133 1128
2656 2 2 3 3 1127 1491 1133
2657 2 2 3 3 1294 1491 1127
2658 2 2 3 3 1133 1164 1128
2659 2 2 3 3 1164 1380 1128
2660 2 2 3 3 1128 1380 1354
2661 2 2 3 3 1129 1488 1158
2662 2 2 3 3 1129 1422 1343
2663 2 2 3 3 1343 1488 1129
2664 2 2 3 3 1130 1504 1322
2665 2 2 3 3 1402 1504 1130
2666 2 2 3 3 1131 1448 1132
2667 2 2 3 3 1211 1476 1131
2668 2 2 3 3 1131 1476 1448
2669 2 2 3 3 1132 1463 1148
2670 2 2 3 3 1448 1462 1132
2671 2 2 3 3 1462 1463 1132
2672 2 2 3 3 1133 1165 1164
2673 2 2 3 3 1133 1506 1165
2674 2 2 3 3 1491 1506 1133
2675 2 2 3 3 1134 1482 1351
2676 2 2 3 3 1363 1513 1134
2677 2 2 3 3 1134 1513 1482
2678 2 2 3 3 1137 1170 1135
2679 2 2 3 3 1170 1401 1135
2680 2 2 3 3 1401 1494 1135
2681 2 2 3 3 1354 1492 1136
2682 2 2 3 3 1136 1438 1362
2683 2 2 3 3 1136 1492 1438
2684 2 2 3 3 1137 1470 1170
2685 2 2 3 3 1423 1441 1137
2686 2 2 3 3 1441 1470 1137
2687 2 2 3 3 1138 1511 1236
2688 2 2 3 3 1398 1420 1138
2689 2 2 3 3 1420 1511 1138
2690 2 2 3 3 1139 1490 1140
2691 2 2 3 3 1240 1433 1139
2692 2 2 3 3 1433 1490 1139
2693 2 2 3 3 1172 1442 1140
2694 2 2 3 3 1140 1490 1172
2695 2 2 3 3 1140 1442 1373
2696 2 2 3 3 1141 1251 1239
2697 2 2 3 3 1239 1503 1141
2698 2 2 3 3 1141 1503 1259
2699 2 2 3 3 1142 1392 1149
2700 2 2 3 3 1288 1481 1142
2701 2 2 3 3 1142 1481 1392
2702 2 2 3 3 1143 1456 1271
2703 2 2 3 3 1144 1443 1425
2704 2 2 3 3 1144 1450 1443
2705 2 2 3 3 1144 1486 1450
2706 2 2 3 3 1365 1487 1145
2707 2 2 3 3 1145 1487 1415
2708 2 2 3 3 1373 1442 1146
2709 2 2 3 3 1146 1517 1415
2710 2 2 3 3 1442 1517 1146
2711 2 2 3 3 1241 1457 1147
2712 2 2 3 3 1148 1463 1205
2713 2 2 3 3 1206 1410 1148
2714 2 2 3 3 1149 1151 1150
2715 2 2 3 3 1151 1389 1150
2716 2 2 3 3 1150 1243 1242
2717 2 2 3 3 1150 1389 1243
2718 2 2 3 3 1153 1154 1151
2719 2 2 3 3 1154 1389 1151
2720 2 2 3 3 1183 1432 1152
2721 2 2 3 3 1153 1479 1154
2722 2 2 3 3 1154 1449 1296
2723 2 2 3 3 1154 1479 1449
2724 2 2 3 3 1156 1489 1155
2725 2 2 3 3 1156 1196 1176
2726 2 2 3 3 1176 1411 1156
2727 2 2 3 3 1411 1489 1156
2728 2 2 3 3 1180 1181 1157
2729 2 2 3 3 1181 1189 1157
2730 2 2 3 3 1355 1356 1158
2731 2 2 3 3 1356 1447 1158
2732 2 2 3 3 1269 1367 1159
2733 2 2 3 3 1379 1394 1160
2734 2 2 3 3 1161 1235 1195
2735 2 2 3 3 1163 1519 1162
2736 2 2 3 3 1449 1479 1162
2737 2 2 3 3 1162 1519 1449
2738 2 2 3 3 1163 1334 1323
2739 2 2 3 3 1323 1452 1163
2740 2 2 3 3 1452 1519 1163
2741 2 2 3 3 1166 1380 1164
2742 2 2 3 3 1165 1506 1304
2743 2 2 3 3 1166 1469 1380
2744 2 2 3 3 1167 1407 1201
2745 2 2 3 3 1368 1407 1167
2746 2 2 3 3 1232 1420 1168
2747 2 2 3 3 1359 1416 1169
2748 2 2 3 3 1170 1470 1445
2749 2 2 3 3 1421 1440 1171
2750 2 2 3 3 1374 1442 1172
2751 2 2 3 3 1173 1175 1174
2752 2 2 3 3 1175 1502 1174
2753 2 2 3 3 1174 1177 1176
2754 2 2 3 3 1174 1502 1177
2755 2 2 3 3 1468 1502 1175
2756 2 2 3 3 1177 1411 1176
2757 2 2 3 3 1270 1493 1177
2758 2 2 3 3 1177 1493 1411
2759 2 2 3 3 1348 1367 1178
2760 2 2 3 3 1179 1225 1220
2761 2 2 3 3 1180 1382 1181
2762 2 2 3 3 1181 1382 1190
2763 2 2 3 3 1182 1508 1429
2764 2 2 3 3 1183 1512 1432
2765 2 2 3 3 1186 1405 1184
2766 2 2 3 3 1186 1187 1185
2767 2 2 3 3 1188 1400 1399
2768 2 2 3 3 1190 1263 1209
2769 2 2 3 3 1192 1194 1193
2770 2 2 3 3 1192 1460 1194
2771 2 2 3 3 1194 1454 1193
2772 2 2 3 3 1193 1477 1434
2773 2 2 3 3 1454 1477 1193
2774 2 2 3 3 1293 1454 1194
2775 2 2 3 3 1195 1407 1273
2776 2 2 3 3 1197 1199 1198
2777 2 2 3 3 1199 1200 1198
2778 2 2 3 3 1200 1403 1198
2779 2 2 3 3 1198 1403 1336
2780 2 2 3 3 1199 1501 1200
2781 2 2 3 3 1495 1501 1199
2782 2 2 3 3 1200 1431 1403
2783 2 2 3 3 1200 1472 1431
2784 2 2 3 3 1200 1501 1472
2785 2 2 3 3 1203 1493 1270
2786 2 2 3 3 1270 1500 1203
2787 2 2 3 3 1204 1489 1411
2788 2 2 3 3 1207 1451 1206
2789 2 2 3 3 1206 1417 1410
2790 2 2 3 3 1206 1451 1417
2791 2 2 3 3 1208 1451 1207
2792 2 2 3 3 1400 1451 1208
2793 2 2 3 3 1210 1476 1211
2794 2 2 3 3 1371 1476 1210
2795 2 2 3 3 1210 1496 1371
2796 2 2 3 3 1212 1357 1213
2797 2 2 3 3 1213 1215 1214
2798 2 2 3 3 1213 1216 1215
2799 2 2 3 3 1213 1357 1216
2800 2 2 3 3 1215 1424 1214
2801 2 2 3 3 1214 1484 1248
2802 2 2 3 3 1424 1484 1214
2803 2 2 3 3 1216 1217 1215
2804 2 2 3 3 1217 1228 1215
2805 2 2 3 3 1228 1424 1215
2806 2 2 3 3 1216 1357 1218
2807 2 2 3 3 1226 1227 1217
2808 2 2 3 3 1227 1228 1217
2809 2 2 3 3 1218 1357 1257
2810 2 2 3 3 1220 1222 1221
2811 2 2 3 3 1220 1383 1222
2812 2 2 3 3 1225 1383 1220
2813 2 2 3 3 1222 1223 1221
2814 2 2 3 3 1222 1224 1223
2815 2 2 3 3 1222 1505 1224
2816 2 2 3 3 1224 1516 1223
2817 2 2 3 3 1234 1516 1224
2818 2 2 3 3 1227 1518 1228
2819 2 2 3 3 1457 1518 1227
2820 2 2 3 3 1228 1518 1237
2821 2 2 3 3 1232 1511 1420
2822 2 2 3 3 1236 1475 1455
2823 2 2 3 3 1240 1503 1239
2824 2 2 3 3 1484 1515 1248
2825 2 2 3 3 1254 1386 1253
2826 2 2 3 3 1253 1386 1255
2827 2 2 3 3 1330 1378 1254
2828 2 2 3 3 1254 1378 1364
2829 2 2 3 3 1364 1386 1254
2830 2 2 3 3 1386 1391 1255
2831 2 2 3 3 1256 1484 1424
2832 2 2 3 3 1262 1263 1258
2833 2 2 3 3 1259 1478 1260
2834 2 2 3 3 1264 1467 1265
2835 2 2 3 3 1265 1267 1266
2836 2 2 3 3 1265 1446 1267
2837 2 2 3 3 1265 1467 1446
2838 2 2 3 3 1267 1268 1266
2839 2 2 3 3 1267 1413 1268
2840 2 2 3 3 1409 1413 1267
2841 2 2 3 3 1267 1446 1409
2842 2 2 3 3 1268 1395 1283
2843 2 2 3 3 1268 1413 1395
2844 2 2 3 3 1273 1407 1368
2845 2 2 3 3 1397 1398 1274
2846 2 2 3 3 1372 1462 1275
2847 2 2 3 3 1275 1462 1448
2848 2 2 3 3 1280 1330 1276
2849 2 2 3 3 1278 1279 1277
2850 2 2 3 3 1279 1409 1277
2851 2 2 3 3 1278 1297 1279
2852 2 2 3 3 1279 1413 1409
2853 2 2 3 3 1285 1377 1284
2854 2 2 3 3 1286 1483 1285
2855 2 2 3 3 1285 1414 1377
2856 2 2 3 3 1285 1483 1414
2857 2 2 3 3 1286 1459 1295
2858 2 2 3 3 1295 1483 1286
2859 2 2 3 3 1287 1481 1288
2860 2 2 3 3 1288 1514 1287
2861 2 2 3 3 1289 1416 1290
2862 2 2 3 3 1435 1455 1290
2863 2 2 3 3 1291 1477 1454
2864 2 2 3 3 1461 1491 1294
2865 2 2 3 3 1305 1370 1306
2866 2 2 3 3 1306 1308 1307
2867 2 2 3 3 1306 1390 1308
2868 2 2 3 3 1370 1390 1306
2869 2 2 3 3 1308 1309 1307
2870 2 2 3 3 1309 1384 1307
2871 2 2 3 3 1307 1384 1318
2872 2 2 3 3 1308 1310 1309
2873 2 2 3 3 1308 1311 1310
2874 2 2 3 3 1308 1390 1311
2875 2 2 3 3 1310 1428 1309
2876 2 2 3 3 1309 1404 1384
2877 2 2 3 3 1309 1428 1404
2878 2 2 3 3 1311 1312 1310
2879 2 2 3 3 1312 1444 1310
2880 2 2 3 3 1310 1444 1428
2881 2 2 3 3 1311 1313 1312
2882 2 2 3 3 1311 1418 1313
2883 2 2 3 3 1390 1418 1311
2884 2 2 3 3 1313 1314 1312
2885 2 2 3 3 1314 1471 1312
2886 2 2 3 3 1312 1471 1444
2887 2 2 3 3 1313 1315 1314
2888 2 2 3 3 1313 1439 1315
2889 2 2 3 3 1418 1439 1313
2890 2 2 3 3 1315 1316 1314
2891 2 2 3 3 1316 1498 1314
2892 2 2 3 3 1314 1498 1471
2893 2 2 3 3 1315 1472 1316
2894 2 2 3 3 1439 1465 1315
2895 2 2 3 3 1465 1472 1315
2896 2 2 3 3 1472 1501 1316
2897 2 2 3 3 1318 1384 1317
2898 2 2 3 3 1319 1441 1320
2899 2 2 3 3 1320 1441 1423
2900 2 2 3 3 1321 1480 1453
2901 2 2 3 3 1334 1464 1323
2902 2 2 3 3 1431 1465 1327
2903 2 2 3 3 1445 1470 1328
2904 2 2 3 3 1446 1467 1329
2905 2 2 3 3 1467 1485 1329
2906 2 2 3 3 1332 1419 1331
2907 2 2 3 3 1333 1425 1408
2908 2 2 3 3 1336 1403 1335
2909 2 2 3 3 1338 1492 1354
2910 2 2 3 3 1428 1444 1339
2911 2 2 3 3 1471 1498 1341
2912 2 2 3 3 1342 1488 1343
2913 2 2 3 3 1343 1422 1344
2914 2 2 3 3 1344 1401 1352
2915 2 2 3 3 1344 1494 1401
2916 2 2 3 3 1346 1439 1418
2917 2 2 3 3 1349 1406 1376
2918 2 2 3 3 1351 1458 1350
2919 2 2 3 3 1350 1458 1436
2920 2 2 3 3 1351 1482 1458
2921 2 2 3 3 1396 1499 1356
2922 2 2 3 3 1356 1499 1447
2923 2 2 3 3 1436 1458 1360
2924 2 2 3 3 1482 1513 1361
2925 2 2 3 3 1365 1499 1396
2926 2 2 3 3 1374 1517 1442
2927 2 2 3 3 1486 1509 1381
2928 2 2 3 3 1480 1504 1402
2929 2 2 3 3 1431 1472 1465
2930 2 2 3 4 4 2053 79
2931 2 2 3 4 124 2051 4
2932 2 2 3 4 4 2051 125
2933 2 2 3 4 125 2053 4
2934 2 2 3 4 88 1545 5
2935 2 2 3 4 5 1926 94
2936 2 2 3 4 1545 1926 5
2937 2 2 3 4 142 2030 6
2938 2 2 3 4 6 2035 142
2939 2 2 3 4 143 2035 6
2940 2 2 3 4 6 2030 155
2941 2 2 3 4 79 1554 80
2942 2 2 3 4 79 2053 1554
2943 2 2 3 4 80 1923 81
2944 2 2 3 4 1554 1923 80
2945 2 2 3 4 81 1550 82
2946 2 2 3 4 81 1923 1550
2947 2 2 3 4 82 1925 83
2948 2 2 3 4 1550 1925 82
2949 2 2 3 4 83 1536 84
2950 2 2 3 4 83 1925 1536
2951 2 2 3 4 84 1990 85
2952 2 2 3 4 1536 1990 84
2953 2 2 3 4 85 1931 86
2954 2 2 3 4 85 1990 1931
2955 2 2 3 4 86 1530 87
2956 2 2 3 4 86 1931 1530
2957 2 2 3 4 87 2001 88
2958 2 2 3 4 1530 2001 87
2959 2 2 3 4 88 2001 1545
2960 2 2 3 4 94 1525 95
2961 2 2 3 4 94 1926 1525
2962 2 2 3 4 95 1927 96
2963 2 2 3 4 1525 1927 95
2964 2 2 3 4 96 1547 97
2965 2 2 3 4 96 1927 1547
2966 2 2 3 4 97 2050 98
2967 2 2 3 4 1547 2050 97
2968 2 2 3 4 98 2018 99
2969 2 2 3 4 1834 2018 98
2970 2 2 3 4 98 2050 1834
2971 2 2 3 4 99 1523 100
2972 2 2 3 4 99 2018 1523
2973 2 2 3 4 100 1929 101
2974 2 2 3 4 1523 1929 100
2975 2 2 3 4 101 1933 102
2976 2 2 3 4 1929 1933 101
2977 2 2 3 4 102 1535 103
2978 2 2 3 4 102 1933 1535
2979 2 2 3 4 103 1932 104
2980 2 2 3 4 1535 1932 103
2981 2 2 3 4 104 1983 105
2982 2 2 3 4 1932 1983 104
2983 2 2 3 4 105 1522 106
2984 2 2 3 4 105 1983 1522
2985 2 2 3 4 106 1985 107
2986 2 2 3 4 1522 1985 106
2987 2 2 3 4 107 2038 108
2988 2 2 3 4 1985 2038 107
2989 2 2 3 4 108 1548 109
2990 2 2 3 4 108 2038 1548
2991 2 2 3 4 109 1980 110
2992 2 2 3 4 1548 1980 109
2993 2 2 3 4 110 1524 111
2994 2 2 3 4 110 1980 1524
2995 2 2 3 4 111 1928 112
2996 2 2 3 4 1524 1928 111
2997 2 2 3 4 112 1549 113
2998 2 2 3 4 112 1928 1549
2999 2 2 3 4 113 1924 114
3000 2 2 3 4 1549 1924 113
3001 2 2 3 4 114 1529 115
3002 2 2 3 4 114 1924 1529
3003 2 2 3 4 115 2060 116
3004 2 2 3 4 1529 2060 115
3005 2 2 3 4 116 1546 117
3006 2 2 3 4 116 2060 1546
3007 2 2 3 4 117 2031 118
3008 2 2 3 4 1546 2031 117
3009 2 2 3 4 118 1531 119
3010 2 2 3 4 118 2031 1531
3011 2 2 3 4 119 2078 120
3012 2 2 3 4 1531 2078 119
3013 2 2 3 4 120 1963 121
3014 2 2 3 4 120 2078 1963
3015 2 2 3 4 121 1540 122
3016 2 2 3 4 121 1963 1540
3017 2 2 3 4 122 1922 123
3018 2 2 3 4 1540 1922 122
3019 2 2 3 4 123 1556 124
3020 2 2 3 4 123 1922 1556
3021 2 2 3 4 1556 2051 124
3022 2 2 3 4 126 1973 125
3023 2 2 3 4 125 1975 126
3024 2 2 3 4 1973 2053 125
3025 2 2 3 4 125 2051 1975
3026 2 2 3 4 127 1544 126
3027 2 2 3 4 126 1552 127
3028 2 2 3 4 1544 1973 126
3029 2 2 3 4 126 1975 1552
3030 2 2 3 4 128 1866 127
3031 2 2 3 4 127 1897 128
3032 2 2 3 4 127 1866 1544
3033 2 2 3 4 1552 1897 127
3034 2 2 3 4 129 1534 128
3035 2 2 3 4 128 1537 129
3036 2 2 3 4 1534 1866 128
3037 2 2 3 4 128 1897 1537
3038 2 2 3 4 129 1892 130
3039 2 2 3 4 130 2025 129
3040 2 2 3 4 129 2025 1534
3041 2 2 3 4 1537 1892 129
3042 2 2 3 4 130 1557 131
3043 2 2 3 4 131 2077 130
3044 2 2 3 4 130 1892 1557
3045 2 2 3 4 130 2077 2025
3046 2 2 3 4 131 1527 132
3047 2 2 3 4 132 1528 131
3048 2 2 3 4 131 1557 1527
3049 2 2 3 4 1528 2077 131
3050 2 2 3 4 133 1890 132
3051 2 2 3 4 132 1912 133
3052 2 2 3 4 1527 1912 132
3053 2 2 3 4 132 1890 1528
3054 2 2 3 4 133 1541 134
3055 2 2 3 4 134 1542 133
3056 2 2 3 4 133 1912 1541
3057 2 2 3 4 1542 1890 133
3058 2 2 3 4 135 1891 134
3059 2 2 3 4 134 1995 135
3060 2 2 3 4 1541 1995 134
3061 2 2 3 4 134 1891 1542
3062 2 2 3 4 136 1520 135
3063 2 2 3 4 135 1521 136
3064 2 2 3 4 1520 1891 135
3065 2 2 3 4 135 1995 1521
3066 2 2 3 4 137 2043 136
3067 2 2 3 4 136 2073 137
3068 2 2 3 4 136 2043 1520
3069 2 2 3 4 1521 2073 136
3070 2 2 3 4 137 1862 138
3071 2 2 3 4 138 1984 137
3072 2 2 3 4 137 1984 1789
3073 2 2 3 4 1789 2043 137
3074 2 2 3 4 137 2073 1862
3075 2 2 3 4 138 1532 139
3076 2 2 3 4 139 1533 138
3077 2 2 3 4 138 1862 1532
3078 2 2 3 4 1533 1984 138
3079 2 2 3 4 140 1904 139
3080 2 2 3 4 139 1917 140
3081 2 2 3 4 1532 1917 139
3082 2 2 3 4 139 1904 1533
3083 2 2 3 4 140 1543 141
3084 2 2 3 4 141 1551 140
3085 2 2 3 4 140 1917 1543
3086 2 2 3 4 1551 1904 140
3087 2 2 3 4 142 1906 141
3088 2 2 3 4 141 1907 142
3089 2 2 3 4 1543 1907 141
3090 2 2 3 4 141 1906 1551
3091 2 2 3 4 142 2035 1906
3092 2 2 3 4 1907 2030 142
3093 2 2 3 4 144 1555 143
3094 2 2 3 4 1555 2035 143
3095 2 2 3 4 145 1952 144
3096 2 2 3 4 144 1952 1555
3097 2 2 3 4 146 1539 145
3098 2 2 3 4 1539 1952 145
3099 2 2 3 4 147 2011 146
3100 2 2 3 4 146 2011 1539
3101 2 2 3 4 148 2004 147
3102 2 2 3 4 147 2004 1784
3103 2 2 3 4 1784 2011 147
3104 2 2 3 4 149 1526 148
3105 2 2 3 4 1526 2004 148
3106 2 2 3 4 150 1886 149
3107 2 2 3 4 149 1886 1526
3108 2 2 3 4 151 1885 150
3109 2 2 3 4 1885 1886 150
3110 2 2 3 4 152 1538 151
3111 2 2 3 4 1538 1885 151
3112 2 2 3 4 153 1898 152
3113 2 2 3 4 152 1898 1538
3114 2 2 3 4 154 1553 153
3115 2 2 3 4 1553 1898 153
3116 2 2 3 4 155 1901 154
3117 2 2 3 4 154 1901 1553
3118 2 2 3 4 155 2030 1901
3119 2 2 3 4 1871 1891 1520
3120 2 2 3 4 1520 1993 1871
3121 2 2 3 4 1520 2043 1993
3122 2 2 3 4 1521 2019 1875
3123 2 2 3 4 1875 2073 1521
3124 2 2 3 4 1995 2019 1521
3125 2 2 3 4 1794 1985 1522
3126 2 2 3 4 1522 2055 1794
3127 2 2 3 4 1983 2055 1522
3128 2 2 3 4 1833 2005 1523
3129 2 2 3 4 1523 2018 1833
3130 2 2 3 4 1523 2005 1929
3131 2 2 3 4 1524 2080 1928
3132 2 2 3 4 1980 2007 1524
3133 2 2 3 4 2007 2080 1524
3134 2 2 3 4 1525 1926 1825
3135 2 2 3 4 1825 2023 1525
3136 2 2 3 4 1525 2023 1927
3137 2 2 3 4 1836 1946 1526
3138 2 2 3 4 1526 2042 1836
3139 2 2 3 4 1886 2042 1526
3140 2 2 3 4 1946 2004 1526
3141 2 2 3 4 1557 1558 1527
3142 2 2 3 4 1558 1559 1527
3143 2 2 3 4 1559 1912 1527
3144 2 2 3 4 1528 1860 1801
3145 2 2 3 4 1801 2077 1528
3146 2 2 3 4 1528 2071 1860
3147 2 2 3 4 1890 2071 1528
3148 2 2 3 4 1529 1944 1919
3149 2 2 3 4 1919 2060 1529
3150 2 2 3 4 1924 1944 1529
3151 2 2 3 4 1845 1856 1530
3152 2 2 3 4 1530 2049 1845
3153 2 2 3 4 1856 2001 1530
3154 2 2 3 4 1931 2049 1530
3155 2 2 3 4 1531 1988 1868
3156 2 2 3 4 1868 2078 1531
3157 2 2 3 4 1920 1988 1531
3158 2 2 3 4 1531 2031 1920
3159 2 2 3 4 1862 1872 1532
3160 2 2 3 4 1872 1873 1532
3161 2 2 3 4 1873 1917 1532
3162 2 2 3 4 1904 1957 1533
3163 2 2 3 4 1957 2024 1533
3164 2 2 3 4 1533 2024 1984
3165 2 2 3 4 1534 2025 1800
3166 2 2 3 4 1800 2074 1534
3167 2 2 3 4 1534 1972 1866
3168 2 2 3 4 1534 2074 1972
3169 2 2 3 4 1770 1932 1535
3170 2 2 3 4 1535 1961 1770
3171 2 2 3 4 1933 1961 1535
3172 2 2 3 4 1536 1850 1849
3173 2 2 3 4 1849 1990 1536
3174 2 2 3 4 1536 2048 1850
3175 2 2 3 4 1925 2048 1536
3176 2 2 3 4 1788 1892 1537
3177 2 2 3 4 1537 1893 1788
3178 2 2 3 4 1537 1897 1893
3179 2 2 3 4 1538 2041 1885
3180 2 2 3 4 1898 1903 1538
3181 2 2 3 4 1903 2041 1538
3182 2 2 3 4 1539 2072 1952
3183 2 2 3 4 2011 2045 1539
3184 2 2 3 4 2045 2072 1539
3185 2 2 3 4 1540 1963 1867
3186 2 2 3 4 1867 2039 1540
3187 2 2 3 4 1540 2039 1922
3188 2 2 3 4 1779 1995 1541
3189 2 2 3 4 1541 2037 1779
3190 2 2 3 4 1912 1913 1541
3191 2 2 3 4 1913 2037 1541
3192 2 2 3 4 1542 1966 1890
3193 2 2 3 4 1891 2017 1542
3194 2 2 3 4 1542 2017 1966
3195 2 2 3 4 1543 1999 1907
3196 2 2 3 4 1917 1964 1543
3197 2 2 3 4 1964 1999 1543
3198 2 2 3 4 1544 1866 1864
3199 2 2 3 4 1864 2044 1544
3200 2 2 3 4 1544 2044 1973
3201 2 2 3 4 1545 2001 1856
3202 2 2 3 4 1856 2064 1545
3203 2 2 3 4 1545 2064 1926
3204 2 2 3 4 1546 1919 1918
3205 2 2 3 4 1918 1920 1546
3206 2 2 3 4 1546 2060 1919
3207 2 2 3 4 1920 2031 1546
3208 2 2 3 4 1927 2067 1547
3209 2 2 3 4 1976 2050 1547
3210 2 2 3 4 1547 2067 1976
3211 2 2 3 4 1797 1914 1548
3212 2 2 3 4 1548 2038 1797
3213 2 2 3 4 1914 1915 1548
3214 2 2 3 4 1915 1980 1548
3215 2 2 3 4 1549 2057 1924
3216 2 2 3 4 1928 1970 1549
3217 2 2 3 4 1970 2057 1549
3218 2 2 3 4 1923 1994 1550
3219 2 2 3 4 1550 1994 1925
3220 2 2 3 4 1551 1905 1904
3221 2 2 3 4 1551 1921 1905
3222 2 2 3 4 1906 1921 1551
3223 2 2 3 4 1552 2054 1897
3224 2 2 3 4 1975 2026 1552
3225 2 2 3 4 2026 2054 1552
3226 2 2 3 4 1553 1899 1898
3227 2 2 3 4 1553 1900 1899
3228 2 2 3 4 1553 1901 1900
3229 2 2 3 4 1865 1923 1554
3230 2 2 3 4 1554 2044 1865
3231 2 2 3 4 1973 2044 1554
3232 2 2 3 4 1554 2053 1973
3233 2 2 3 4 1792 1921 1555
3234 2 2 3 4 1555 1952 1792
3235 2 2 3 4 1555 1921 1906
3236 2 2 3 4 1906 2035 1555
3237 2 2 3 4 1922 2026 1556
3238 2 2 3 4 1556 2026 1975
3239 2 2 3 4 1975 2051 1556
3240 2 2 3 4 1557 1877 1558
3241 2 2 3 4 1557 1892 1877
3242 2 2 3 4 1558 1560 1559
3243 2 2 3 4 1558 1561 1560
3244 2 2 3 4 1558 1877 1561
3245 2 2 3 4 1560 1949 1559
3246 2 2 3 4 1559 1913 1912
3247 2 2 3 4 1559 1949 1913
3248 2 2 3 4 1561 1562 1560
3249 2 2 3 4 1562 1563 1560
3250 2 2 3 4 1563 1949 1560
3251 2 2 3 4 1561 1643 1562
3252 2 2 3 4 1561 1713 1643
3253 2 2 3 4 1561 1877 1713
3254 2 2 3 4 1562 1564 1563
3255 2 2 3 4 1562 1878 1564
3256 2 2 3 4 1643 1878 1562
3257 2 2 3 4 1564 1565 1563
3258 2 2 3 4 1565 1974 1563
3259 2 2 3 4 1563 1974 1949
3260 2 2 3 4 1564 1566 1565
3261 2 2 3 4 1564 1600 1566
3262 2 2 3 4 1564 1878 1600
3263 2 2 3 4 1566 1567 1565
3264 2 2 3 4 1567 1641 1565
3265 2 2 3 4 1641 1974 1565
3266 2 2 3 4 1566 1568 1567
3267 2 2 3 4 1566 1942 1568
3268 2 2 3 4 1600 1942 1566
3269 2 2 3 4 1568 1569 1567
3270 2 2 3 4 1569 1955 1567
3271 2 2 3 4 1567 1955 1641
3272 2 2 3 4 1568 1570 1569
3273 2 2 3 4 1568 1982 1570
3274 2 2 3 4 1942 1982 1568
3275 2 2 3 4 1570 1571 1569
3276 2 2 3 4 1571 1954 1569
3277 2 2 3 4 1954 1955 1569
3278 2 2 3 4 1570 1572 1571
3279 2 2 3 4 1570 1591 1572
3280 2 2 3 4 1570 1982 1591
3281 2 2 3 4 1572 1573 1571
3282 2 2 3 4 1573 1595 1571
3283 2 2 3 4 1595 1954 1571
3284 2 2 3 4 1572 1574 1573
3285 2 2 3 4 1572 1842 1574
3286 2 2 3 4 1591 1842 1572
3287 2 2 3 4 1574 1575 1573
3288 2 2 3 4 1575 1939 1573
3289 2 2 3 4 1573 1939 1595
3290 2 2 3 4 1574 1576 1575
3291 2 2 3 4 1574 1840 1576
3292 2 2 3 4 1574 1842 1840
3293 2 2 3 4 1576 1577 1575
3294 2 2 3 4 1577 1997 1575
3295 2 2 3 4 1575 1997 1939
3296 2 2 3 4 1576 1578 1577
3297 2 2 3 4 1576 1580 1578
3298 2 2 3 4 1576 1840 1580
3299 2 2 3 4 1578 1579 1577
3300 2 2 3 4 1579 1584 1577
3301 2 2 3 4 1584 1997 1577
3302 2 2 3 4 1578 1911 1579
3303 2 2 3 4 1580 1581 1578
3304 2 2 3 4 1581 1911 1578
3305 2 2 3 4 1579 1590 1584
3306 2 2 3 4 1579 1742 1590
3307 2 2 3 4 1579 1911 1742
3308 2 2 3 4 1580 1582 1581
3309 2 2 3 4 1580 1839 1582
3310 2 2 3 4 1580 1840 1839
3311 2 2 3 4 1582 1583 1581
3312 2 2 3 4 1583 1960 1581
3313 2 2 3 4 1581 1960 1911
3314 2 2 3 4 1582 1585 1583
3315 2 2 3 4 1582 1592 1585
3316 2 2 3 4 1582 1839 1592
3317 2 2 3 4 1585 1586 1583
3318 2 2 3 4 1586 1587 1583
3319 2 2 3 4 1587 1960 1583
3320 2 2 3 4 1590 1598 1584
3321 2 2 3 4 1598 2068 1584
3322 2 2 3 4 1884 1997 1584
3323 2 2 3 4 1584 2068 1884
3324 2 2 3 4 1585 1837 1586
3325 2 2 3 4 1592 1659 1585
3326 2 2 3 4 1659 1837 1585
3327 2 2 3 4 1586 1588 1587
3328 2 2 3 4 1586 1593 1588
3329 2 2 3 4 1586 1837 1593
3330 2 2 3 4 1588 1589 1587
3331 2 2 3 4 1589 1687 1587
3332 2 2 3 4 1687 1960 1587
3333 2 2 3 4 1588 1910 1589
3334 2 2 3 4 1593 1594 1588
3335 2 2 3 4 1594 1910 1588
3336 2 2 3 4 1589 1723 1687
3337 2 2 3 4 1589 1785 1723
3338 2 2 3 4 1589 1910 1785
3339 2 2 3 4 1590 1599 1598
3340 2 2 3 4 1590 1930 1599
3341 2 2 3 4 1742 1930 1590
3342 2 2 3 4 1591 1982 1763
3343 2 2 3 4 1763 2002 1591
3344 2 2 3 4 1591 1843 1842
3345 2 2 3 4 1591 2002 1843
3346 2 2 3 4 1592 1660 1659
3347 2 2 3 4 1592 1941 1660
3348 2 2 3 4 1839 1941 1592
3349 2 2 3 4 1593 1596 1594
3350 2 2 3 4 1593 1838 1596
3351 2 2 3 4 1837 1838 1593
3352 2 2 3 4 1596 1597 1594
3353 2 2 3 4 1597 1959 1594
3354 2 2 3 4 1594 1959 1910
3355 2 2 3 4 1595 1882 1793
3356 2 2 3 4 1793 1954 1595
3357 2 2 3 4 1595 1939 1882
3358 2 2 3 4 1596 1601 1597
3359 2 2 3 4 1596 1614 1601
3360 2 2 3 4 1596 1838 1614
3361 2 2 3 4 1601 1602 1597
3362 2 2 3 4 1602 1603 1597
3363 2 2 3 4 1603 1959 1597
3364 2 2 3 4 1599 1627 1598
3365 2 2 3 4 1627 1628 1598
3366 2 2 3 4 1628 2068 1598
3367 2 2 3 4 1599 1629 1627
3368 2 2 3 4 1599 1630 1629
3369 2 2 3 4 1599 1930 1630
3370 2 2 3 4 1878 1879 1600
3371 2 2 3 4 1879 1958 1600
3372 2 2 3 4 1600 1958 1942
3373 2 2 3 4 1601 1616 1602
3374 2 2 3 4 1614 1857 1601
3375 2 2 3 4 1601 1857 1616
3376 2 2 3 4 1602 1604 1603
3377 2 2 3 4 1602 1889 1604
3378 2 2 3 4 1616 2075 1602
3379 2 2 3 4 1602 2075 1889
3380 2 2 3 4 1604 1605 1603
3381 2 2 3 4 1605 1686 1603
3382 2 2 3 4 1686 1959 1603
3383 2 2 3 4 1604 1606 1605
3384 2 2 3 4 1604 1948 1606
3385 2 2 3 4 1889 1948 1604
3386 2 2 3 4 1606 1607 1605
3387 2 2 3 4 1607 1965 1605
3388 2 2 3 4 1605 1965 1686
3389 2 2 3 4 1606 1608 1607
3390 2 2 3 4 1606 1609 1608
3391 2 2 3 4 1606 1948 1609
3392 2 2 3 4 1608 1610 1607
3393 2 2 3 4 1610 1617 1607
3394 2 2 3 4 1617 1965 1607
3395 2 2 3 4 1609 1611 1608
3396 2 2 3 4 1608 2062 1610
3397 2 2 3 4 1611 2062 1608
3398 2 2 3 4 1609 1612 1611
3399 2 2 3 4 1609 1615 1612
3400 2 2 3 4 1609 1948 1615
3401 2 2 3 4 1610 1618 1617
3402 2 2 3 4 1610 1896 1618
3403 2 2 3 4 1610 2062 1896
3404 2 2 3 4 1612 1613 1611
3405 2 2 3 4 1613 2065 1611
3406 2 2 3 4 1908 2062 1611
3407 2 2 3 4 1611 2065 1908
3408 2 2 3 4 1612 1622 1613
3409 2 2 3 4 1615 1804 1612
3410 2 2 3 4 1612 1804 1622
3411 2 2 3 4 1622 1623 1613
3412 2 2 3 4 1623 1624 1613
3413 2 2 3 4 1624 2065 1613
3414 2 2 3 4 1838 2058 1614
3415 2 2 3 4 1614 1858 1857
3416 2 2 3 4 1614 2058 1858
3417 2 2 3 4 1615 1805 1804
3418 2 2 3 4 1615 1806 1805
3419 2 2 3 4 1615 1948 1806
3420 2 2 3 4 1857 2032 1616
3421 2 2 3 4 2032 2075 1616
3422 2 2 3 4 1618 1619 1617
3423 2 2 3 4 1619 1909 1617
3424 2 2 3 4 1909 1965 1617
3425 2 2 3 4 1618 1620 1619
3426 2 2 3 4 1618 1625 1620
3427 2 2 3 4 1618 1896 1625
3428 2 2 3 4 1620 1621 1619
3429 2 2 3 4 1621 1646 1619
3430 2 2 3 4 1646 1909 1619
3431 2 2 3 4 1620 1962 1621
3432 2 2 3 4 1625 1626 1620
3433 2 2 3 4 1626 1962 1620
3434 2 2 3 4 1621 1647 1646
3435 2 2 3 4 1621 1651 1647
3436 2 2 3 4 1621 1962 1651
3437 2 2 3 4 1622 1631 1623
3438 2 2 3 4 1622 1633 1631
3439 2 2 3 4 1622 1804 1633
3440 2 2 3 4 1623 1956 1624
3441 2 2 3 4 1631 1632 1623
3442 2 2 3 4 1632 1956 1623
3443 2 2 3 4 1624 2022 1786
3444 2 2 3 4 1786 2029 1624
3445 2 2 3 4 1956 2022 1624
3446 2 2 3 4 2029 2065 1624
3447 2 2 3 4 1625 1644 1626
3448 2 2 3 4 1625 1895 1644
3449 2 2 3 4 1625 1896 1895
3450 2 2 3 4 1644 1645 1626
3451 2 2 3 4 1645 1986 1626
3452 2 2 3 4 1626 1986 1962
3453 2 2 3 4 1627 1634 1628
3454 2 2 3 4 1629 1968 1627
3455 2 2 3 4 1627 1968 1634
3456 2 2 3 4 1634 1635 1628
3457 2 2 3 4 1635 1883 1628
3458 2 2 3 4 1883 2068 1628
3459 2 2 3 4 1630 1636 1629
3460 2 2 3 4 1636 1953 1629
3461 2 2 3 4 1953 1968 1629
3462 2 2 3 4 1630 1637 1636
3463 2 2 3 4 1630 1675 1637
3464 2 2 3 4 1630 1930 1675
3465 2 2 3 4 1631 1638 1632
3466 2 2 3 4 1633 2020 1631
3467 2 2 3 4 1631 2020 1638
3468 2 2 3 4 1638 1639 1632
3469 2 2 3 4 1639 1640 1632
3470 2 2 3 4 1640 1956 1632
3471 2 2 3 4 1804 1835 1633
3472 2 2 3 4 1835 1987 1633
3473 2 2 3 4 1987 1992 1633
3474 2 2 3 4 1992 2020 1633
3475 2 2 3 4 1634 1642 1635
3476 2 2 3 4 1634 1704 1642
3477 2 2 3 4 1634 1968 1704
3478 2 2 3 4 1642 1671 1635
3479 2 2 3 4 1671 1672 1635
3480 2 2 3 4 1672 1883 1635
3481 2 2 3 4 1637 1657 1636
3482 2 2 3 4 1657 1658 1636
3483 2 2 3 4 1658 1953 1636
3484 2 2 3 4 1637 1943 1657
3485 2 2 3 4 1675 1706 1637
3486 2 2 3 4 1706 1943 1637
3487 2 2 3 4 1638 1989 1639
3488 2 2 3 4 1638 1996 1989
3489 2 2 3 4 1638 2020 1996
3490 2 2 3 4 1639 1649 1640
3491 2 2 3 4 1639 1650 1649
3492 2 2 3 4 1639 1989 1650
3493 2 2 3 4 1649 1673 1640
3494 2 2 3 4 1673 1746 1640
3495 2 2 3 4 1746 1956 1640
3496 2 2 3 4 1641 1955 1776
3497 2 2 3 4 1776 2052 1641
3498 2 2 3 4 1641 2052 1974
3499 2 2 3 4 1642 1678 1671
3500 2 2 3 4 1642 2027 1678
3501 2 2 3 4 1704 2027 1642
3502 2 2 3 4 1713 1714 1643
3503 2 2 3 4 1714 1724 1643
3504 2 2 3 4 1724 1878 1643
3505 2 2 3 4 1644 1692 1645
3506 2 2 3 4 1644 1693 1692
3507 2 2 3 4 1644 1895 1693
3508 2 2 3 4 1692 1694 1645
3509 2 2 3 4 1694 1753 1645
3510 2 2 3 4 1753 1986 1645
3511 2 2 3 4 1647 1648 1646
3512 2 2 3 4 1648 1739 1646
3513 2 2 3 4 1739 1909 1646
3514 2 2 3 4 1647 1978 1648
3515 2 2 3 4 1651 1652 1647
3516 2 2 3 4 1652 1978 1647
3517 2 2 3 4 1648 1791 1739
3518 2 2 3 4 1648 1978 1782
3519 2 2 3 4 1782 2069 1648
3520 2 2 3 4 1648 2069 1791
3521 2 2 3 4 1650 1859 1649
3522 2 2 3 4 1649 1688 1673
3523 2 2 3 4 1649 1859 1688
3524 2 2 3 4 1650 1977 1859
3525 2 2 3 4 1650 1981 1977
3526 2 2 3 4 1650 1989 1981
3527 2 2 3 4 1651 1653 1652
3528 2 2 3 4 1651 1916 1653
3529 2 2 3 4 1651 1962 1916
3530 2 2 3 4 1653 1654 1652
3531 2 2 3 4 1654 2008 1652
3532 2 2 3 4 1652 2008 1978
3533 2 2 3 4 1653 1655 1654
3534 2 2 3 4 1653 1676 1655
3535 2 2 3 4 1653 1916 1676
3536 2 2 3 4 1655 1656 1654
3537 2 2 3 4 1656 1733 1654
3538 2 2 3 4 1733 2008 1654
3539 2 2 3 4 1655 1969 1656
3540 2 2 3 4 1676 1677 1655
3541 2 2 3 4 1677 1969 1655
3542 2 2 3 4 1656 1734 1733
3543 2 2 3 4 1656 1751 1734
3544 2 2 3 4 1656 1969 1751
3545 2 2 3 4 1657 1721 1658
3546 2 2 3 4 1657 2070 1721
3547 2 2 3 4 1943 2070 1657
3548 2 2 3 4 1721 1722 1658
3549 2 2 3 4 1722 1747 1658
3550 2 2 3 4 1747 1953 1658
3551 2 2 3 4 1660 1661 1659
3552 2 2 3 4 1661 1934 1659
3553 2 2 3 4 1659 1934 1837
3554 2 2 3 4 1660 1662 1661
3555 2 2 3 4 1660 1664 1662
3556 2 2 3 4 1660 1941 1664
3557 2 2 3 4 1662 1663 1661
3558 2 2 3 4 1663 1699 1661
3559 2 2 3 4 1699 1934 1661
3560 2 2 3 4 1662 1799 1663
3561 2 2 3 4 1664 1665 1662
3562 2 2 3 4 1665 1799 1662
3563 2 2 3 4 1663 1700 1699
3564 2 2 3 4 1663 1940 1700
3565 2 2 3 4 1799 1940 1663
3566 2 2 3 4 1664 1666 1665
3567 2 2 3 4 1664 1679 1666
3568 2 2 3 4 1664 1941 1679
3569 2 2 3 4 1666 1667 1665
3570 2 2 3 4 1667 1674 1665
3571 2 2 3 4 1674 1799 1665
3572 2 2 3 4 1666 1668 1667
3573 2 2 3 4 1666 1861 1668
3574 2 2 3 4 1679 1861 1666
3575 2 2 3 4 1668 1669 1667
3576 2 2 3 4 1669 1863 1667
3577 2 2 3 4 1667 1863 1674
3578 2 2 3 4 1668 1670 1669
3579 2 2 3 4 1668 1971 1670
3580 2 2 3 4 1861 1971 1668
3581 2 2 3 4 1670 1680 1669
3582 2 2 3 4 1680 1710 1669
3583 2 2 3 4 1710 1863 1669
3584 2 2 3 4 1670 1681 1680
3585 2 2 3 4 1670 1682 1681
3586 2 2 3 4 1670 1971 1682
3587 2 2 3 4 1671 1689 1672
3588 2 2 3 4 1678 1950 1671
3589 2 2 3 4 1671 1950 1689
3590 2 2 3 4 1689 1690 1672
3591 2 2 3 4 1690 1881 1672
3592 2 2 3 4 1881 1883 1672
3593 2 2 3 4 1688 1729 1673
3594 2 2 3 4 1729 2010 1673
3595 2 2 3 4 1673 2010 1746
3596 2 2 3 4 1674 2006 1798
3597 2 2 3 4 1798 2079 1674
3598 2 2 3 4 1674 2079 1799
3599 2 2 3 4 1863 2006 1674
3600 2 2 3 4 1675 1760 1706
3601 2 2 3 4 1675 2016 1760
3602 2 2 3 4 1930 2016 1675
3603 2 2 3 4 1676 1697 1677
3604 2 2 3 4 1676 2009 1697
3605 2 2 3 4 1916 2009 1676
3606 2 2 3 4 1697 1698 1677
3607 2 2 3 4 1698 1709 1677
3608 2 2 3 4 1709 1969 1677
3609 2 2 3 4 1678 2027 1938
3610 2 2 3 4 1938 2076 1678
3611 2 2 3 4 1678 2076 1950
3612 2 2 3 4 1841 1843 1679
3613 2 2 3 4 1679 1941 1841
3614 2 2 3 4 1843 1861 1679
3615 2 2 3 4 1681 1802 1680
3616 2 2 3 4 1680 1744 1710
3617 2 2 3 4 1680 1802 1744
3618 2 2 3 4 1682 1683 1681
3619 2 2 3 4 1683 1684 1681
3620 2 2 3 4 1684 1802 1681
3621 2 2 3 4 1682 1691 1683
3622 2 2 3 4 1682 1745 1691
3623 2 2 3 4 1682 1971 1745
3624 2 2 3 4 1683 1685 1684
3625 2 2 3 4 1683 1947 1685
3626 2 2 3 4 1691 1947 1683
3627 2 2 3 4 1685 1695 1684
3628 2 2 3 4 1695 1738 1684
3629 2 2 3 4 1738 1802 1684
3630 2 2 3 4 1685 1696 1695
3631 2 2 3 4 1685 1737 1696
3632 2 2 3 4 1685 1947 1737
3633 2 2 3 4 1686 1965 1945
3634 2 2 3 4 1945 2066 1686
3635 2 2 3 4 1686 2066 1959
3636 2 2 3 4 1723 1766 1687
3637 2 2 3 4 1766 1998 1687
3638 2 2 3 4 1687 1998 1960
3639 2 2 3 4 1688 1732 1729
3640 2 2 3 4 1688 1743 1732
3641 2 2 3 4 1688 1859 1743
3642 2 2 3 4 1689 1711 1690
3643 2 2 3 4 1689 1725 1711
3644 2 2 3 4 1689 1950 1725
3645 2 2 3 4 1711 1712 1690
3646 2 2 3 4 1712 1730 1690
3647 2 2 3 4 1730 1881 1690
3648 2 2 3 4 1745 1763 1691
3649 2 2 3 4 1763 1764 1691
3650 2 2 3 4 1764 1947 1691
3651 2 2 3 4 1693 1707 1692
3652 2 2 3 4 1692 1894 1694
3653 2 2 3 4 1707 1894 1692
3654 2 2 3 4 1693 1708 1707
3655 2 2 3 4 1693 1727 1708
3656 2 2 3 4 1693 1895 1727
3657 2 2 3 4 1694 1754 1753
3658 2 2 3 4 1694 1755 1754
3659 2 2 3 4 1694 1894 1755
3660 2 2 3 4 1696 1735 1695
3661 2 2 3 4 1735 1844 1695
3662 2 2 3 4 1695 1844 1738
3663 2 2 3 4 1696 1991 1735
3664 2 2 3 4 1737 2036 1696
3665 2 2 3 4 1696 2036 1991
3666 2 2 3 4 1697 1750 1698
3667 2 2 3 4 1697 2063 1750
3668 2 2 3 4 2009 2063 1697
3669 2 2 3 4 1698 1726 1709
3670 2 2 3 4 1698 2015 1726
3671 2 2 3 4 1750 2015 1698
3672 2 2 3 4 1700 1701 1699
3673 2 2 3 4 1701 1759 1699
3674 2 2 3 4 1759 1934 1699
3675 2 2 3 4 1700 1702 1701
3676 2 2 3 4 1700 1705 1702
3677 2 2 3 4 1700 1940 1705
3678 2 2 3 4 1702 1703 1701
3679 2 2 3 4 1703 2028 1701
3680 2 2 3 4 1701 2028 1759
3681 2 2 3 4 1702 1887 1703
3682 2 2 3 4 1705 1720 1702
3683 2 2 3 4 1720 1887 1702
3684 2 2 3 4 1887 1937 1703
3685 2 2 3 4 1937 2047 1703
3686 2 2 3 4 1703 2047 2028
3687 2 2 3 4 1704 2013 1967
3688 2 2 3 4 1967 2027 1704
3689 2 2 3 4 1968 2013 1704
3690 2 2 3 4 1705 1767 1720
3691 2 2 3 4 1705 1768 1767
3692 2 2 3 4 1705 1940 1768
3693 2 2 3 4 1760 1782 1706
3694 2 2 3 4 1782 1790 1706
3695 2 2 3 4 1790 1943 1706
3696 2 2 3 4 1708 1870 1707
3697 2 2 3 4 1870 1871 1707
3698 2 2 3 4 1871 1894 1707
3699 2 2 3 4 1727 1728 1708
3700 2 2 3 4 1728 1741 1708
3701 2 2 3 4 1741 1870 1708
3702 2 2 3 4 1726 1775 1709
3703 2 2 3 4 1775 2000 1709
3704 2 2 3 4 1709 2000 1969
3705 2 2 3 4 1744 1772 1710
3706 2 2 3 4 1772 1773 1710
3707 2 2 3 4 1773 1863 1710
3708 2 2 3 4 1711 1736 1712
3709 2 2 3 4 1725 1872 1711
3710 2 2 3 4 1711 1872 1736
3711 2 2 3 4 1712 1731 1730
3712 2 2 3 4 1712 1876 1731
3713 2 2 3 4 1736 1876 1712
3714 2 2 3 4 1713 1715 1714
3715 2 2 3 4 1713 1788 1715
3716 2 2 3 4 1713 1877 1788
3717 2 2 3 4 1715 1716 1714
3718 2 2 3 4 1716 1935 1714
3719 2 2 3 4 1714 1935 1724
3720 2 2 3 4 1715 1717 1716
3721 2 2 3 4 1715 1893 1717
3722 2 2 3 4 1788 1893 1715
3723 2 2 3 4 1717 1718 1716
3724 2 2 3 4 1718 1719 1716
3725 2 2 3 4 1719 1935 1716
3726 2 2 3 4 1717 1761 1718
3727 2 2 3 4 1717 1765 1761
3728 2 2 3 4 1717 1893 1765
3729 2 2 3 4 1718 1756 1719
3730 2 2 3 4 1718 1867 1756
3731 2 2 3 4 1761 1867 1718
3732 2 2 3 4 1756 1757 1719
3733 2 2 3 4 1757 1758 1719
3734 2 2 3 4 1758 1935 1719
3735 2 2 3 4 1767 1769 1720
3736 2 2 3 4 1769 1770 1720
3737 2 2 3 4 1770 1887 1720
3738 2 2 3 4 1721 1836 1722
3739 2 2 3 4 1721 1869 1836
3740 2 2 3 4 1721 2070 1869
3741 2 2 3 4 1722 1748 1747
3742 2 2 3 4 1722 2042 1748
3743 2 2 3 4 1836 2042 1722
3744 2 2 3 4 1723 2034 1766
3745 2 2 3 4 1785 1791 1723
3746 2 2 3 4 1791 2034 1723
3747 2 2 3 4 1724 1879 1878
3748 2 2 3 4 1724 1880 1879
3749 2 2 3 4 1724 1935 1880
3750 2 2 3 4 1725 1873 1872
3751 2 2 3 4 1725 1874 1873
3752 2 2 3 4 1725 1950 1874
3753 2 2 3 4 1726 1792 1775
3754 2 2 3 4 1726 2081 1792
3755 2 2 3 4 2015 2081 1726
3756 2 2 3 4 1727 1786 1728
3757 2 2 3 4 1727 1787 1786
3758 2 2 3 4 1727 1895 1787
3759 2 2 3 4 1728 1780 1741
3760 2 2 3 4 1728 2014 1780
3761 2 2 3 4 1786 2014 1728
3762 2 2 3 4 1732 1860 1729
3763 2 2 3 4 1860 2046 1729
3764 2 2 3 4 1729 2046 2010
3765 2 2 3 4 1731 1740 1730
3766 2 2 3 4 1740 1793 1730
3767 2 2 3 4 1793 1881 1730
3768 2 2 3 4 1731 1776 1740
3769 2 2 3 4 1731 1777 1776
3770 2 2 3 4 1731 1876 1777
3771 2 2 3 4 1743 1800 1732
3772 2 2 3 4 1800 1801 1732
3773 2 2 3 4 1801 1860 1732
3774 2 2 3 4 1734 1774 1733
3775 2 2 3 4 1774 2061 1733
3776 2 2 3 4 1733 2061 2008
3777 2 2 3 4 1751 1752 1734
3778 2 2 3 4 1752 1869 1734
3779 2 2 3 4 1734 1869 1774
3780 2 2 3 4 1735 1918 1844
3781 2 2 3 4 1735 1979 1918
3782 2 2 3 4 1735 1991 1979
3783 2 2 3 4 1736 1872 1862
3784 2 2 3 4 1862 1875 1736
3785 2 2 3 4 1875 1876 1736
3786 2 2 3 4 1879 1880 1737
3787 2 2 3 4 1737 1958 1879
3788 2 2 3 4 1880 2036 1737
3789 2 2 3 4 1947 1958 1737
3790 2 2 3 4 1738 1803 1802
3791 2 2 3 4 1738 1944 1803
3792 2 2 3 4 1844 1944 1738
3793 2 2 3 4 1739 1791 1785
3794 2 2 3 4 1785 1945 1739
3795 2 2 3 4 1739 1945 1909
3796 2 2 3 4 1776 1955 1740
3797 2 2 3 4 1740 1954 1793
3798 2 2 3 4 1740 1955 1954
3799 2 2 3 4 1780 1781 1741
3800 2 2 3 4 1781 1966 1741
3801 2 2 3 4 1741 1966 1870
3802 2 2 3 4 1911 1998 1742
3803 2 2 3 4 1742 2016 1930
3804 2 2 3 4 1998 2016 1742
3805 2 2 3 4 1743 2074 1800
3806 2 2 3 4 1859 2003 1743
3807 2 2 3 4 2003 2056 1743
3808 2 2 3 4 2056 2074 1743
3809 2 2 3 4 1744 1970 1772
3810 2 2 3 4 1802 1803 1744
3811 2 2 3 4 1803 1970 1744
3812 2 2 3 4 1745 2002 1763
3813 2 2 3 4 1971 2059 1745
3814 2 2 3 4 1745 2059 2002
3815 2 2 3 4 1746 2022 1956
3816 2 2 3 4 2010 2014 1746
3817 2 2 3 4 2014 2022 1746
3818 2 2 3 4 1748 1749 1747
3819 2 2 3 4 1749 2013 1747
3820 2 2 3 4 1747 2013 1953
3821 2 2 3 4 1748 2041 1749
3822 2 2 3 4 1748 1886 1885
3823 2 2 3 4 1885 2041 1748
3824 2 2 3 4 1748 2042 1886
3825 2 2 3 4 1903 1967 1749
3826 2 2 3 4 1749 2041 1903
3827 2 2 3 4 1967 2013 1749
3828 2 2 3 4 1957 2015 1750
3829 2 2 3 4 1750 2024 1957
3830 2 2 3 4 2012 2024 1750
3831 2 2 3 4 1750 2063 2012
3832 2 2 3 4 1751 1783 1752
3833 2 2 3 4 1751 2000 1783
3834 2 2 3 4 1969 2000 1751
3835 2 2 3 4 1783 1784 1752
3836 2 2 3 4 1784 1946 1752
3837 2 2 3 4 1752 1946 1869
3838 2 2 3 4 1754 2063 1753
3839 2 2 3 4 1753 2009 1986
3840 2 2 3 4 1753 2063 2009
3841 2 2 3 4 1755 1762 1754
3842 2 2 3 4 1762 2012 1754
3843 2 2 3 4 2012 2063 1754
3844 2 2 3 4 1755 1789 1762
3845 2 2 3 4 1755 1993 1789
3846 2 2 3 4 1894 1993 1755
3847 2 2 3 4 1756 1988 1757
3848 2 2 3 4 1867 1868 1756
3849 2 2 3 4 1868 1988 1756
3850 2 2 3 4 1757 1991 1758
3851 2 2 3 4 1757 1988 1979
3852 2 2 3 4 1979 1991 1757
3853 2 2 3 4 1880 1935 1758
3854 2 2 3 4 1758 2036 1880
3855 2 2 3 4 1991 2036 1758
3856 2 2 3 4 1838 1934 1759
3857 2 2 3 4 1759 2058 1838
3858 2 2 3 4 2028 2058 1759
3859 2 2 3 4 1760 2016 1766
3860 2 2 3 4 1766 2034 1760
3861 2 2 3 4 1760 2069 1782
3862 2 2 3 4 2034 2069 1760
3863 2 2 3 4 1765 1771 1761
3864 2 2 3 4 1771 2039 1761
3865 2 2 3 4 1761 2039 1867
3866 2 2 3 4 1789 1984 1762
3867 2 2 3 4 1984 2024 1762
3868 2 2 3 4 1762 2024 2012
3869 2 2 3 4 1763 1982 1764
3870 2 2 3 4 1942 1958 1764
3871 2 2 3 4 1764 1982 1942
3872 2 2 3 4 1764 1958 1947
3873 2 2 3 4 1765 2054 1771
3874 2 2 3 4 1893 2054 1765
3875 2 2 3 4 1766 2016 1998
3876 2 2 3 4 1768 1794 1767
3877 2 2 3 4 1767 2055 1769
3878 2 2 3 4 1794 2055 1767
3879 2 2 3 4 1768 1795 1794
3880 2 2 3 4 1768 1796 1795
3881 2 2 3 4 1768 1940 1796
3882 2 2 3 4 1769 1932 1770
3883 2 2 3 4 1769 1983 1932
3884 2 2 3 4 1769 2055 1983
3885 2 2 3 4 1831 1887 1770
3886 2 2 3 4 1770 1961 1831
3887 2 2 3 4 1771 2026 1922
3888 2 2 3 4 1922 2039 1771
3889 2 2 3 4 1771 2054 2026
3890 2 2 3 4 1772 2007 1773
3891 2 2 3 4 1970 2080 1772
3892 2 2 3 4 1772 2080 2007
3893 2 2 3 4 1773 2006 1863
3894 2 2 3 4 1915 2006 1773
3895 2 2 3 4 1773 2007 1915
3896 2 2 3 4 1869 2070 1774
3897 2 2 3 4 1943 2061 1774
3898 2 2 3 4 1774 2070 1943
3899 2 2 3 4 1792 2072 1775
3900 2 2 3 4 1775 2045 2000
3901 2 2 3 4 1775 2072 2045
3902 2 2 3 4 1777 1778 1776
3903 2 2 3 4 1778 2052 1776
3904 2 2 3 4 1777 1779 1778
3905 2 2 3 4 1777 2019 1779
3906 2 2 3 4 1876 2019 1777
3907 2 2 3 4 1779 2037 1778
3908 2 2 3 4 1778 2037 2021
3909 2 2 3 4 2021 2052 1778
3910 2 2 3 4 1779 2019 1995
3911 2 2 3 4 1780 2046 1781
3912 2 2 3 4 1780 2014 2010
3913 2 2 3 4 2010 2046 1780
3914 2 2 3 4 1890 1966 1781
3915 2 2 3 4 1781 2071 1890
3916 2 2 3 4 2046 2071 1781
3917 2 2 3 4 1782 1978 1790
3918 2 2 3 4 1783 2011 1784
3919 2 2 3 4 2000 2045 1783
3920 2 2 3 4 1783 2045 2011
3921 2 2 3 4 1784 2004 1946
3922 2 2 3 4 1910 2066 1785
3923 2 2 3 4 1785 2066 1945
3924 2 2 3 4 1787 2029 1786
3925 2 2 3 4 1786 2022 2014
3926 2 2 3 4 1895 1896 1787
3927 2 2 3 4 1896 1908 1787
3928 2 2 3 4 1908 2029 1787
3929 2 2 3 4 1877 1892 1788
3930 2 2 3 4 1993 2043 1789
3931 2 2 3 4 1790 2061 1943
3932 2 2 3 4 1978 2008 1790
3933 2 2 3 4 2008 2061 1790
3934 2 2 3 4 1791 2069 2034
3935 2 2 3 4 1792 2081 1921
3936 2 2 3 4 1952 2072 1792
3937 2 2 3 4 1793 1882 1881
3938 2 2 3 4 1795 1797 1794
3939 2 2 3 4 1797 1985 1794
3940 2 2 3 4 1796 1798 1795
3941 2 2 3 4 1795 1914 1797
3942 2 2 3 4 1798 1914 1795
3943 2 2 3 4 1796 2079 1798
3944 2 2 3 4 1796 1940 1799
3945 2 2 3 4 1799 2079 1796
3946 2 2 3 4 1797 2038 1985
3947 2 2 3 4 1798 2006 1914
3948 2 2 3 4 1800 2025 1801
3949 2 2 3 4 2025 2077 1801
3950 2 2 3 4 1944 2057 1803
3951 2 2 3 4 1803 2057 1970
3952 2 2 3 4 1805 1835 1804
3953 2 2 3 4 1806 1807 1805
3954 2 2 3 4 1807 1808 1805
3955 2 2 3 4 1808 1835 1805
3956 2 2 3 4 1806 1888 1807
3957 2 2 3 4 1806 1889 1888
3958 2 2 3 4 1806 1948 1889
3959 2 2 3 4 1807 1809 1808
3960 2 2 3 4 1807 1810 1809
3961 2 2 3 4 1807 1888 1810
3962 2 2 3 4 1809 1813 1808
3963 2 2 3 4 1813 1814 1808
3964 2 2 3 4 1814 1835 1808
3965 2 2 3 4 1810 1811 1809
3966 2 2 3 4 1811 1832 1809
3967 2 2 3 4 1809 1832 1813
3968 2 2 3 4 1810 1812 1811
3969 2 2 3 4 1810 1951 1812
3970 2 2 3 4 1888 1951 1810
3971 2 2 3 4 1812 1815 1811
3972 2 2 3 4 1815 1817 1811
3973 2 2 3 4 1817 1832 1811
3974 2 2 3 4 1812 1816 1815
3975 2 2 3 4 1812 1818 1816
3976 2 2 3 4 1812 1951 1818
3977 2 2 3 4 1813 1822 1814
3978 2 2 3 4 1813 1824 1822
3979 2 2 3 4 1813 1832 1824
3980 2 2 3 4 1822 1823 1814
3981 2 2 3 4 1823 1987 1814
3982 2 2 3 4 1814 1987 1835
3983 2 2 3 4 1816 1819 1815
3984 2 2 3 4 1815 1833 1817
3985 2 2 3 4 1819 1833 1815
3986 2 2 3 4 1818 1936 1816
3987 2 2 3 4 1816 1820 1819
3988 2 2 3 4 1816 1936 1820
3989 2 2 3 4 1817 1976 1832
3990 2 2 3 4 1833 1834 1817
3991 2 2 3 4 1834 1976 1817
3992 2 2 3 4 1818 2040 1936
3993 2 2 3 4 1951 2032 1818
3994 2 2 3 4 2032 2040 1818
3995 2 2 3 4 1820 1821 1819
3996 2 2 3 4 1821 2005 1819
3997 2 2 3 4 1819 2005 1833
3998 2 2 3 4 1820 1831 1821
3999 2 2 3 4 1820 1937 1831
4000 2 2 3 4 1936 1937 1820
4001 2 2 3 4 1831 1961 1821
4002 2 2 3 4 1821 1933 1929
4003 2 2 3 4 1929 2005 1821
4004 2 2 3 4 1821 1961 1933
4005 2 2 3 4 1822 1825 1823
4006 2 2 3 4 1824 2023 1822
4007 2 2 3 4 1822 2023 1825
4008 2 2 3 4 1825 1826 1823
4009 2 2 3 4 1826 1827 1823
4010 2 2 3 4 1827 1987 1823
4011 2 2 3 4 1832 1976 1824
4012 2 2 3 4 1976 2067 1824
4013 2 2 3 4 1824 2067 2023
4014 2 2 3 4 1825 2064 1826
4015 2 2 3 4 1926 2064 1825
4016 2 2 3 4 1826 1828 1827
4017 2 2 3 4 1826 1856 1828
4018 2 2 3 4 1826 2064 1856
4019 2 2 3 4 1828 1829 1827
4020 2 2 3 4 1829 1992 1827
4021 2 2 3 4 1827 1992 1987
4022 2 2 3 4 1828 1830 1829
4023 2 2 3 4 1828 1845 1830
4024 2 2 3 4 1828 1856 1845
4025 2 2 3 4 1830 1996 1829
4026 2 2 3 4 1829 2020 1992
4027 2 2 3 4 1996 2020 1829
4028 2 2 3 4 1845 1846 1830
4029 2 2 3 4 1846 1847 1830
4030 2 2 3 4 1847 1996 1830
4031 2 2 3 4 1831 1937 1887
4032 2 2 3 4 1833 2018 1834
4033 2 2 3 4 1834 2050 1976
4034 2 2 3 4 1869 1946 1836
4035 2 2 3 4 1837 1934 1838
4036 2 2 3 4 1840 1841 1839
4037 2 2 3 4 1841 1941 1839
4038 2 2 3 4 1840 1842 1841
4039 2 2 3 4 1842 1843 1841
4040 2 2 3 4 1843 2059 1861
4041 2 2 3 4 2002 2059 1843
4042 2 2 3 4 1918 1919 1844
4043 2 2 3 4 1919 1944 1844
4044 2 2 3 4 1845 2049 1846
4045 2 2 3 4 1846 1848 1847
4046 2 2 3 4 1846 1849 1848
4047 2 2 3 4 1846 2049 1849
4048 2 2 3 4 1848 1981 1847
4049 2 2 3 4 1981 1989 1847
4050 2 2 3 4 1989 1996 1847
4051 2 2 3 4 1849 1850 1848
4052 2 2 3 4 1850 1851 1848
4053 2 2 3 4 1851 1981 1848
4054 2 2 3 4 1931 1990 1849
4055 2 2 3 4 1849 2049 1931
4056 2 2 3 4 1850 1852 1851
4057 2 2 3 4 1850 2048 1852
4058 2 2 3 4 1852 1853 1851
4059 2 2 3 4 1853 1977 1851
4060 2 2 3 4 1977 1981 1851
4061 2 2 3 4 1852 1854 1853
4062 2 2 3 4 1852 1994 1854
4063 2 2 3 4 1852 2048 1994
4064 2 2 3 4 1854 1855 1853
4065 2 2 3 4 1855 2003 1853
4066 2 2 3 4 1853 2003 1977
4067 2 2 3 4 1854 1864 1855
4068 2 2 3 4 1854 1865 1864
4069 2 2 3 4 1854 1994 1865
4070 2 2 3 4 1864 1972 1855
4071 2 2 3 4 1972 2056 1855
4072 2 2 3 4 1855 2056 2003
4073 2 2 3 4 1858 2040 1857
4074 2 2 3 4 1857 2040 2032
4075 2 2 3 4 2028 2047 1858
4076 2 2 3 4 1858 2058 2028
4077 2 2 3 4 1858 2047 2040
4078 2 2 3 4 1977 2003 1859
4079 2 2 3 4 1860 2071 2046
4080 2 2 3 4 1861 2059 1971
4081 2 2 3 4 1862 2073 1875
4082 2 2 3 4 1865 2044 1864
4083 2 2 3 4 1866 1972 1864
4084 2 2 3 4 1865 1994 1923
4085 2 2 3 4 1867 1963 1868
4086 2 2 3 4 1963 2078 1868
4087 2 2 3 4 1870 2017 1871
4088 2 2 3 4 1966 2017 1870
4089 2 2 3 4 1871 2017 1891
4090 2 2 3 4 1871 1993 1894
4091 2 2 3 4 1874 1964 1873
4092 2 2 3 4 1873 1964 1917
4093 2 2 3 4 1902 2033 1874
4094 2 2 3 4 1874 2076 1902
4095 2 2 3 4 1950 2076 1874
4096 2 2 3 4 1874 2033 1964
4097 2 2 3 4 1875 2019 1876
4098 2 2 3 4 1882 1883 1881
4099 2 2 3 4 1882 1884 1883
4100 2 2 3 4 1882 1939 1884
4101 2 2 3 4 1884 2068 1883
4102 2 2 3 4 1939 1997 1884
4103 2 2 3 4 1889 2075 1888
4104 2 2 3 4 1888 2075 1951
4105 2 2 3 4 1897 2054 1893
4106 2 2 3 4 1896 2062 1908
4107 2 2 3 4 1899 1903 1898
4108 2 2 3 4 1900 1902 1899
4109 2 2 3 4 1902 1938 1899
4110 2 2 3 4 1899 1938 1903
4111 2 2 3 4 1901 1999 1900
4112 2 2 3 4 1900 2033 1902
4113 2 2 3 4 1999 2033 1900
4114 2 2 3 4 1907 1999 1901
4115 2 2 3 4 1901 2030 1907
4116 2 2 3 4 1902 2076 1938
4117 2 2 3 4 1938 1967 1903
4118 2 2 3 4 1905 1957 1904
4119 2 2 3 4 1921 2081 1905
4120 2 2 3 4 1905 2015 1957
4121 2 2 3 4 1905 2081 2015
4122 2 2 3 4 1908 2065 2029
4123 2 2 3 4 1945 1965 1909
4124 2 2 3 4 1959 2066 1910
4125 2 2 3 4 1960 1998 1911
4126 2 2 3 4 1949 2021 1913
4127 2 2 3 4 2021 2037 1913
4128 2 2 3 4 1914 2006 1915
4129 2 2 3 4 1915 2007 1980
4130 2 2 3 4 1962 1986 1916
4131 2 2 3 4 1986 2009 1916
4132 2 2 3 4 1918 1979 1920
4133 2 2 3 4 1979 1988 1920
4134 2 2 3 4 1924 2057 1944
4135 2 2 3 4 1994 2048 1925
4136 2 2 3 4 2023 2067 1927
4137 2 2 3 4 1928 2080 1970
4138 2 2 3 4 1936 2047 1937
4139 2 2 3 4 2040 2047 1936
4140 2 2 3 4 1938 2027 1967
4141 2 2 3 4 1974 2021 1949
4142 2 2 3 4 1951 2075 2032
4143 2 2 3 4 1953 2013 1968
4144 2 2 3 4 1964 2033 1999
4145 2 2 3 4 1972 2074 2056
4146 2 2 3 4 1974 2052 2021
4147 2 2 1 5 143 6 2087
4148 2 2 1 5 6 155 2088
4149 2 2 1 5 2087 6 2088
4150 2 2 1 5 144 143 2095
4151 2 2 1 5 143 2087 2095
4152 2 2 1 5 145 144 2083
4153 2 2 1 5 2083 144 2095
4154 2 2 1 5 146 145 2093
4155 2 2 1 5 145 2083 2093
4156 2 2 1 5 147 146 2093
4157 2 2 1 5 148 147 2084
4158 2 2 1 5 2084 147 2093
4159 2 2 1 5 149 148 2097
4160 2 2 1 5 148 2084 2097
4161 2 2 1 5 150 149 2086
4162 2 2 1 5 2086 149 2097
4163 2 2 1 5 151 150 2096
4164 2 2 1 5 150 2086 2096
4165 2 2 1 5 152 151 2082
4166 2 2 1 5 2082 151 2096
4167 2 2 1 5 153 152 2094
4168 2 2 1 5 152 2082 2094
4169 2 2 1 5 154 153 2098
4170 2 2 1 5 153 2094 2098
4171 2 2 1 5 155 154 2085
4172 2 2 1 5 2085 154 2098
4173 2 2 1 5 155 2085 2088
4174 2 2 1 5 2082 2086 2092
4175 2 2 1 5 2086 2082 2096
4176 2 2 1 5 2091 2082 2092
4177 2 2 1 5 2082 2091 2094
4178 2 2 1 5 2083 2087 2089
4179 2 2 1 5 2087 2083 2095
4180 2 2 1 5 2083 2089 2090
4181 2 2 1 5 2083 2090 2093
4182 2 2 1 5 2086 2084 2092
4183 2 2 1 5 2084 2086 2097
4184 2 2 1 5 2084 2090 2092
4185 2 2 1 5 2090 2084 2093
4186 2 2 1 5 2085 2087 2088
4187 2 2 1 5 2087 2085 2089
4188 2 2 1 5 2089 2085 2091
4189 2 2 1 5 2091 2085 2098
4190 2 2 1 5 2090 2089 2092
4191 2 2 1 5 2089 2091 2092
4192 2 2 1 5 2094 2091 2098
4193 4 2 100 1 483 2424 2967 3849
4194 4 2 100 1 2292 2492 3731 3860
4195 4 2 100 1 2363 2544 2210 2856
4196 4 2 100 1 2177 3202 3147 2653
4197 4 2 100 1 2947 44 43 3262
4198 4 2 100 1 4040 3648 937 3307
4199 4 2 100 1 87 2606 2513 3303
4200 4 2 100 1 3342 2720 3651 2351
4201 4 2 100 1 2693 3121 2792 2561
4202 4 2 100 1 3985 3339 2640 3520
4203 4 2 100 1 349 2728 2650 2417
4204 4 2 100 1 2753 4138 3847 2086
4205 4 2 100 1 2607 1981 2760 3374
4206 4 2 100 1 1469 2410 4064 2755
4207 4 2 100 1 1798 2784 2374 3259
4208 4 2 100 1 3997 3849 2674 2967
4209 4 2 100 1 243 2401 663 2874
4210 4 2 100 1 554 479 607 4067
4211 4 2 100 1 710 283 297 2934
4212 4 2 100 1 2471 849 3157 3205
4213 4 2 100 1 2138 2590 2686 2278
4214 4 2 100 1 1676 2340 1697 3322
4215 4 2 100 1 1798 2784 3259 1795
4216 4 2 100 1 2150 2782 3031 3362
4217 4 2 100 1 710 2517 2592 2934
4218 4 2 100 1 2736 3440 2913 3463
4219 4 2 100 1 2127 2872 2595 3829
4220 4 2 100 1 2808 3324 2318 3405
4221 4 2 100 1 849 850 2471 2932
4222 4 2 100 1 2947 44 3262 2468
4223 4 2 100 1 732 4135 4121 60
4224 4 2 100 1 2437 2713 2307 2806
4225 4 2 100 1 2106 3054 2530 3143
4226 4 2 100 1 852 2756 2471 3734
4227 4 2 100 1 2345 2539 2205 2983
4228 4 2 100 1 1299 2361 2745 2999
4229 4 2 100 1 939 2740 2469 3021
4230 4 2 100 1 303 2895 339 3321
4231 4 2 100 1 2227 2764 2556 3145
4232 4 2 100 1 2323 2738 2429 3348
4233 4 2 100 1 2150 3004 2782 3362
4234 4 2 100 1 1469 2410 2755 875
4235 4 2 100 1 2174 2416 2713 3168
4236 4 2 100 1 2203 2329 2636 3410
4237 4 2 100 1 2314 2601 2880 3926
4238 4 2 100 1 2382 2500 2269 3548
4239 4 2 100 1 1857 2746 2377 2892
4240 4 2 100 1 2297 2955 2950 3573
4241 4 2 100 1 1999 2965 2876 3788
4242 4 2 100 1 2578 2927 2759 3909
4243 4 2 100 1 1625 2894 2426 2961
4244 4 2 100 1 4005 2800 2889 2390
4245 4 2 100 1 3923 3825 2906 3100
4246 4 2 100 1 3101 2390 2190 3097
4247 4 2 100 1 2527 2582 2262 2788
4248 4 2 100 1 2153 2511 2377 3459
4249 4 2 100 1 1395 939 2469 3021
4250 4 2 100 1 61 60 4135 719
4251 4 2 100 1 303 2387 2895 3321
4252 4 2 100 1 3210 3339 3985 3520
4253 4 2 100 1 2957 3390 3480 1662
4254 4 2 100 1 2138 2955 2590 2278
4255 4 2 100 1 3210 3985 3339 2136
4256 4 2 100 1 2705 3543 2477 3352
4257 4 2 100 1 2422 2528 2165 3571
4258 4 2 100 1 2578 3084 2927 3909
4259 4 2 100 1 2164 2661 2470 3508
4260 4 2 100 1 4040 3648 3307 2342
4261 4 2 100 1 3310 3086 2822 2369
4262 4 2 100 1 2099 3287 3084 3359
4263 4 2 100 1 850 2471 2932 3734
4264 4 2 100 1 1435 2810 2602 3283
4265 4 2 100 1 2099 2609 3084 3287
4266 4 2 100 1 2370 2618 2297 2818
4267 4 2 100 1 2276 2883 2574 2917
4268 4 2 100 1 844 2720 2448 3157
4269 4 2 100 1 3112 3390 1661 2655
4270 4 2 100 1 2164 3558 2470 3642
4271 4 2 100 1 2808 2318 3324 3701
4272 4 2 100 1 511 510 509 3707
4273 4 2 100 1 2099 3184 2609 3287
4274 4 2 100 1 2099 3184 3287 3359
4275 4 2 100 1 2574 2883 2276 3092
4276 4 2 100 1 1317 3066 2404 3285
4277 4 2 100 1 2607 1981 3374 1650
4278 4 2 100 1 2253 3097 2390 3101
4279 4 2 100 1 2144 2913 3440 3463
4280 4 2 100 1 3342 2720 2351 3217
4281 4 2 100 1 2595 2258 2127 3829
4282 4 2 100 1 1431 2442 2917 3474
4283 4 2 100 1 3427 2786 2175 3414
4284 4 2 100 1 70 2478 3525 69
4285 4 2 100 1 2447 2654 2225 2757
4286 4 2 100 1 2503 2215 2862 3807
4287 4 2 100 1 2398 2203 3048 3314
4288 4 2 100 1 2210 2544 2363 3026
4289 4 2 100 1 3454 3178 3438 2442
4290 4 2 100 1 2734 2881 2110 3574
4291 4 2 100 1 2548 2401 3753 2249
4292 4 2 100 1 2426 2894 1625 4038
4293 4 2 100 1 769 2658 2579 3613
4294 4 2 100 1 1811 1817 1815 2364
4295 4 2 100 1 1532 2965 2385 3534
4296 4 2 100 1 3178 3438 2382 2160
4297 4 2 100 1 1431 2442 3474 1200
4298 4 2 100 1 2574 2883 2142 3370
4299 4 2 100 1 2744 3036 2189 2408
4300 4 2 100 1 2451 2745 869 2755
4301 4 2 100 1 2203 3014 2989 3314
4302 4 2 100 1 732 4135 60 719
4303 4 2 100 1 3077 3436 603 3762
4304 4 2 100 1 2212 2319 2805 3864
4305 4 2 100 1 2793 2862 2215 3807
4306 4 2 100 1 2352 3013 2723 4096
4307 4 2 100 1 2759 2927 2578 3315
4308 4 2 100 1 2618 2818 2370 3208
4309 4 2 100 1 1464 3357 2820 3533
4310 4 2 100 1 1395 3021 2469 3940
4311 4 2 100 1 2264 2912 2591 3822
4312 4 2 100 1 2398 3014 2203 3314
4313 4 2 100 1 2600 2941 2194 2341
4314 4 2 100 1 2385 4020 2536 2647
4315 4 2 100 1 4118 726 4136 64
4316 4 2 100 1 4136 65 64 726
4317 4 2 100 1 3242 3601 2137 3439
4318 4 2 100 1 4118 726 3805 4136
4319 4 2 100 1 4136 2749 726 3805
4320 4 2 100 1 2578 2880 2152 3359
4321 4 2 100 1 2571 3236 2638 3391
4322 4 2 100 1 2260 2769 2346 3232
4323 4 2 100 1 2212 2805 2319 3195
4324 4 2 100 1 2508 2805 2212 2871
4325 4 2 100 1 2369 2422 3086 3209
4326 4 2 100 1 1239 2398 2850 3014
4327 4 2 100 1 2153 3133 2614 3618
4328 4 2 100 1 2938 3005 2532 2539
4329 4 2 100 1 3416 2574 2432 2739
4330 4 2 100 1 3004 3109 2782 3362
4331 4 2 100 1 917 2526 1297 2740
4332 4 2 100 1 2252 2426 2961 3125
4333 4 2 100 1 2203 2989 3048 3314
4334 4 2 100 1 2730 3411 2817 2257
4335 4 2 100 1 410 3093 3669 2418
4336 4 2 100 1 869 2451 863 2745
4337 4 2 100 1 4138 2086 149 2097
4338 4 2 100 1 2220 2430 2945 3660
4339 4 2 100 1 2429 3348 2738 3864
4340 4 2 100 1 2208 2421 2880 3084
4341 4 2 100 1 148 149 2097 4138
4342 4 2 100 1 2862 3183 2215 3923
4343 4 2 100 1 2986 3709 2960 2356
4344 4 2 100 1 2234 2663 3585 4044
4345 4 2 100 1 2293 2881 2734 3574
4346 4 2 100 1 2935 2679 2395 3581
4347 4 2 100 1 261 2572 3376 3330
4348 4 2 100 1 2333 3427 3414 2786
4349 4 2 100 1 2921 3394 2124 3490
4350 4 2 100 1 14 2436 13 3949
4351 4 2 100 1 2212 2871 2805 3195
4352 4 2 100 1 2320 3210 2758 3481
4353 4 2 100 1 2100 3061 2435 2278
4354 4 2 100 1 503 2392 2797 3093
4355 4 2 100 1 1743 2521 3374 3397
4356 4 2 100 1 2320 3339 3210 3520
4357 4 2 100 1 2158 2345 2671 2983
4358 4 2 100 1 70 2478 3872 3525
4359 4 2 100 1 3723 2574 2739 2481
4360 4 2 100 1 2947 44 2468 3817
4361 4 2 100 1 2345 3005 2938 2539
4362 4 2 100 1 2164 2470 2661 3642
4363 4 2 100 1 2181 3143 2998 3958
4364 4 2 100 1 2729 2991 2394 4001
4365 4 2 100 1 1299 2745 2361 3477
4366 4 2 100 1 261 2542 3330 3376
4367 4 2 100 1 2913 3528 2638 3391
4368 4 2 100 1 2232 2497 2457 3051
4369 4 2 100 1 2377 2153 2614 3618
4370 4 2 100 1 1314 2826 2554 3842
4371 4 2 100 1 2994 3147 2653 3297
4372 4 2 100 1 2429 776 2738 3471
4373 4 2 100 1 1460 3037 2477 3704
4374 4 2 100 1 4079 2106 3581 3054
4375 4 2 100 1 2164 2268 2474 3508
4376 4 2 100 1 1679 2405 3760 3480
4377 4 2 100 1 2169 2913 3391 3528
4378 4 2 100 1 2401 2874 243 3244
4379 4 2 100 1 2454 2762 2287 2937
4380 4 2 100 1 2909 2497 2838 2232
4381 4 2 100 1 2271 2604 2855 3482
4382 4 2 100 1 2421 2152 2880 3359
4383 4 2 100 1 2203 2329 3410 3658
4384 4 2 100 1 3847 4138 148 2097
4385 4 2 100 1 498 2396 2882 3743
4386 4 2 100 1 74 560 172 3268
4387 4 2 100 1 1210 87 2513 3303
4388 4 2 100 1 2503 2862 2215 3923
4389 4 2 100 1 2114 2505 2414 3462
4390 4 2 100 1 1436 3104 3205 3545
4391 4 2 100 1 931 3227 2574 3688
4392 4 2 100 1 2251 2701 2926 3046
4393 4 2 100 1 1403 2917 2442 3103
4394 4 2 100 1 2113 2638 2571 3236
4395 4 2 100 1 2400 2754 2279 2853
4396 4 2 100 1 2909 2497 2232 3051
4397 4 2 100 1 3147 3202 2345 2653
4398 4 2 100 1 2628 3085 2519 3155
4399 4 2 100 1 2526 2552 2312 3319
4400 4 2 100 1 2492 3630 2292 3731
4401 4 2 100 1 2308 2747 2929 2408
4402 4 2 100 1 2032 2377 1857 2746
4403 4 2 100 1 2220 2653 2430 3660
4404 4 2 100 1 2711 1266 3313 3631
4405 4 2 100 1 2099 2578 2927 3315
4406 4 2 100 1 3310 3086 2369 2422
4407 4 2 100 1 2738 3348 2173 3864
4408 4 2 100 1 2314 3455 2601 3465
4409 4 2 100 1 2318 3188 2823 3836
4410 4 2 100 1 2165 2685 2672 3309
4411 4 2 100 1 1194 995 1460 3884
4412 4 2 100 1 3342 2720 3217 2180
4413 4 2 100 1 2099 2927 2578 3084
4414 4 2 100 1 2526 2740 917 2896
4415 4 2 100 1 397 2492 3630 2849
4416 4 2 100 1 2239 2796 2331 2927
4417 4 2 100 1 931 2574 3227 2917
4418 4 2 100 1 424 2819 2610 3105
4419 4 2 100 1 3342 2720 2180 3651
4420 4 2 100 1 382 380 2948 3489
4421 4 2 100 1 1395 913 939 3021
4422 4 2 100 1 3323 3731 2492 3860
4423 4 2 100 1 965 2541 2776 3350
4424 4 2 100 1 393 2401 3077 2874
4425 4 2 100 1 2419 2758 1430 4006
4426 4 2 100 1 2228 3109 2631 3286
4427 4 2 100 1 4138 2086 2097 3847
4428 4 2 100 1 3580 2867 1311 2815
4429 4 2 100 1 1367 1348 3091 3215
4430 4 2 100 1 2153 2377 2540 3459
4431 4 2 100 1 2331 2852 2239 2927
4432 4 2 100 1 1315 2826 1316 3474
4433 4 2 100 1 2252 2494 2426 3125
4434 4 2 100 1 2374 1863 2581 3810
4435 4 2 100 1 2520 2409 4048 3141
4436 4 2 100 1 2595 2872 2407 3829
4437 4 2 100 1 2705 2477 2203 2684
4438 4 2 100 1 2435 3085 2628 3689
4439 4 2 100 1 2965 1532 139 3534
4440 4 2 100 1 2382 2269 3090 3548
4441 4 2 100 1 2269 2500 2382 3857
4442 4 2 100 1 2288 2423 2935 2767
4443 4 2 100 1 1720 2576 2841 3442
4444 4 2 100 1 2235 3116 2659 3495
4445 4 2 100 1 2198 3032 2537 3636
4446 4 2 100 1 1390 3248 2867 3580
4447 4 2 100 1 4123 2088 4133 155
4448 4 2 100 1 2275 2552 3768 2526
4449 4 2 100 1 2409 2520 2155 2868
4450 4 2 100 1 2189 2929 2747 2408
4451 4 2 100 1 2088 155 6 4133
4452 4 2 100 1 2601 2314 3129 3926
4453 4 2 100 1 283 296 297 2934
4454 4 2 100 1 2139 2563 2594 3429
4455 4 2 100 1 2411 3022 2613 3075
4456 4 2 100 1 2727 3439 2489 3721
4457 4 2 100 1 4123 2088 3443 4133
4458 4 2 100 1 2957 3390 1662 3112
4459 4 2 100 1 1436 3545 3205 3799
4460 4 2 100 1 2358 3952 4104 3065
4461 4 2 100 1 1240 1239 2398 3432
4462 4 2 100 1 1469 2410 875 1166
4463 4 2 100 1 2235 2456 3116 3495
4464 4 2 100 1 2816 2890 2367 3306
4465 4 2 100 1 3528 2571 2638 3391
4466 4 2 100 1 2429 2738 776 3288
4467 4 2 100 1 849 2471 850 851
4468 4 2 100 1 580 2650 2417 349
4469 4 2 100 1 769 2579 2658 3146
4470 4 2 100 1 3444 4134 4120 2083
4471 4 2 100 1 1876 3263 3120 3680
4472 4 2 100 1 2253 2914 3936 4077
4473 4 2 100 1 3427 2175 2786 2581
4474 4 2 100 1 2249 2401 2962 3620
4475 4 2 100 1 3255 2807 2577 2927
4476 4 2 100 1 2113 2571 2638 2799
4477 4 2 100 1 91 1275 2928 3111
4478 4 2 100 1 2563 3464 2594 3581
4479 4 2 100 1 2816 2890 3289 2367
4480 4 2 100 1 2913 3440 2736 2183
4481 4 2 100 1 1474 1166 875 2410
4482 4 2 100 1 2177 2653 3147 3297
4483 4 2 100 1 1825 2723 3013 4096
4484 4 2 100 1 3411 2305 2730 2817
4485 4 2 100 1 4047 3397 3265 2607
4486 4 2 100 1 2341 2194 3891 3106
4487 4 2 100 1 2544 2210 2856 3282
4488 4 2 100 1 3774 2278 2435 2955
4489 4 2 100 1 2253 3097 2914 4077
4490 4 2 100 1 1338 2451 869 2755
4491 4 2 100 1 1936 1818 3044 3618
4492 4 2 100 1 2598 3156 709 3756
4493 4 2 100 1 2072 4134 3444 2642
4494 4 2 100 1 2164 2734 3642 2661
4495 4 2 100 1 337 2498 3204 3336
4496 4 2 100 1 2455 2854 2532 2191
4497 4 2 100 1 2158 2526 2740 3768
4498 4 2 100 1 1258 3070 2861 3792
4499 4 2 100 1 2913 2638 3528 2464
4500 4 2 100 1 1215 3100 2906 3825
4501 4 2 100 1 3612 3082 3191 2341
4502 4 2 100 1 3397 3265 3201 4047
4503 4 2 100 1 2109 2684 2464 2736
4504 4 2 100 1 261 2806 2542 3376
4505 4 2 100 1 2594 2935 2563 3581
4506 4 2 100 1 2090 4134 2642 3444
4507 4 2 100 1 1999 2965 3788 1964
4508 4 2 100 1 259 2542 261 2806
4509 4 2 100 1 844 2448 2720 3835
4510 4 2 100 1 3411 2730 2305 2534
4511 4 2 100 1 2108 3698 3266 2580
4512 4 2 100 1 2377 2511 2153 3618
4513 4 2 100 1 2186 2697 2403 3256
4514 4 2 100 1 1747 1722 1658 3060
4515 4 2 100 1 2299 2343 2890 2421
4516 4 2 100 1 849 2471 851 3205
4517 4 2 100 1 3 4128 720 4127
4518 4 2 100 1 2310 2608 2140 4090
4519 4 2 100 1 2596 2477 3543 3704
4520 4 2 100 1 720 4128 3159 4127
4521 4 2 100 1 2568 2985 832 2986
4522 4 2 100 1 3528 2638 2571 2799
4523 4 2 100 1 3612 3082 2341 3106
4524 4 2 100 1 498 2396 3743 624
4525 4 2 100 1 2198 2499 3189 3956
4526 4 2 100 1 4124 731 4139 67
4527 4 2 100 1 2454 2287 2762 3714
4528 4 2 100 1 67 4139 68 731
4529 4 2 100 1 1815 2364 1817 4005
4530 4 2 100 1 2264 2562 2912 3822
4531 4 2 100 1 2132 2339 3224 2457
4532 4 2 100 1 2796 2927 2233 3255
4533 4 2 100 1 353 2498 337 3336
4534 4 2 100 1 1958 2360 2751 3556
4535 4 2 100 1 2334 3271 3623 3781
4536 4 2 100 1 2369 2422 3209 2625
4537 4 2 100 1 803 3066 1317 3285
4538 4 2 100 1 1338 1492 862 4086
4539 4 2 100 1 2861 3070 2388 3792
4540 4 2 100 1 1474 2844 2410 3473
4541 4 2 100 1 299 241 4073 4076
4542 4 2 100 1 2299 2343 2421 2827
4543 4 2 100 1 1240 2398 1239 1503
4544 4 2 100 1 1676 2340 3322 2529
4545 4 2 100 1 4139 4127 68 731
4546 4 2 100 1 2177 3297 3147 4113
4547 4 2 100 1 2796 3255 2233 3793
4548 4 2 100 1 2758 3481 3210 3838
4549 4 2 100 1 4139 4127 731 3159
4550 4 2 100 1 3002 2837 934 2865
4551 4 2 100 1 2215 2793 2349 3074
4552 4 2 100 1 4124 731 67 718
4553 4 2 100 1 2986 3709 2356 3686
4554 4 2 100 1 3882 3572 3107 2541
4555 4 2 100 1 76 3226 1230 3271
4556 4 2 100 1 2488 3109 3004 3362
4557 4 2 100 1 2198 3189 3032 3636
4558 4 2 100 1 1367 3215 3091 3614
4559 4 2 100 1 2577 2927 2807 3315
4560 4 2 100 1 2096 4138 4117 4099
4561 4 2 100 1 3686 3604 2515 2668
4562 4 2 100 1 1811 1817 2364 3252
4563 4 2 100 1 2457 2497 2232 3224
4564 4 2 100 1 2096 4138 4099 2086
4565 4 2 100 1 2616 3022 2411 3075
4566 4 2 100 1 2123 2890 2816 3652
4567 4 2 100 1 2822 3086 3309 2356
4568 4 2 100 1 353 385 2498 2963
4569 4 2 100 1 3686 3604 2668 1054
4570 4 2 100 1 2385 4020 2647 2340
4571 4 2 100 1 2219 3789 3024 3687
4572 4 2 100 1 2227 2556 2425 3076
4573 4 2 100 1 2495 2551 2103 3385
4574 4 2 100 1 2419 1430 3049 4006
4575 4 2 100 1 2822 3309 3086 2165
4576 4 2 100 1 1138 2413 2810 3349
4577 4 2 100 1 2582 2788 2527 3137
4578 4 2 100 1 3320 2884 3327 2795
4579 4 2 100 1 2435 3689 2628 3774
4580 4 2 100 1 2253 2390 2950 3101
4581 4 2 100 1 1018 2810 2413 3172
4582 4 2 100 1 2319 2670 2212 2928
4583 4 2 100 1 2260 2346 2769 3215
4584 4 2 100 1 87 2606 3303 3895
4585 4 2 100 1 2661 2734 2110 3574
4586 4 2 100 1 1398 2413 3349 4091
4587 4 2 100 1 3266 3698 2108 3115
4588 4 2 100 1 1166 2410 1474 2844
4589 4 2 100 1 3210 3481 2452 3838
4590 4 2 100 1 1447 1412 2980 3350
4591 4 2 100 1 2550 3220 3585 3728
4592 4 2 100 1 2346 2260 2473 3215
4593 4 2 100 1 710 297 2517 2934
4594 4 2 100 1 2957 3390 3112 2301
4595 4 2 100 1 2197 2701 2926 3819
4596 4 2 100 1 2910 1213 3029 2458
4597 4 2 100 1 35 3146 2990 4082
4598 4 2 100 1 2865 927 928 3227
4599 4 2 100 1 2947 44 3817 43
4600 4 2 100 1 3901 2647 2385 3534
4601 4 2 100 1 683 2424 483 2895
4602 4 2 100 1 459 405 462 3345
4603 4 2 100 1 3882 3725 2325 3371
4604 4 2 100 1 2215 3074 2349 3428
4605 4 2 100 1 2693 2792 2287 2561
4606 4 2 100 1 2587 2285 3056 3542
4607 4 2 100 1 3139 3342 2456 3651
4608 4 2 100 1 1510 3146 2658 3280
4609 4 2 100 1 2212 2670 2319 3864
4610 4 2 100 1 3580 1311 2867 1390
4611 4 2 100 1 489 3383 2485 3606
4612 4 2 100 1 3847 4138 2753 1526
4613 4 2 100 1 852 2471 2756 3399
4614 4 2 100 1 2181 3143 2530 2998
4615 4 2 100 1 2986 3709 3686 878
4616 4 2 100 1 2174 2713 2416 3387
4617 4 2 100 1 2410 3440 2913 2183
4618 4 2 100 1 4138 150 149 2086
4619 4 2 100 1 2086 2753 4138 4099
4620 4 2 100 1 2601 3129 2314 3465
4621 4 2 100 1 2177 2938 2554 3147
4622 4 2 100 1 2456 2180 2717 2878
4623 4 2 100 1 3811 3095 1572 3609
4624 4 2 100 1 3901 2385 2647 2340
4625 4 2 100 1 2228 3286 2631 3526
4626 4 2 100 1 2169 3351 3802 2699
4627 4 2 100 1 2422 2165 2528 3310
4628 4 2 100 1 2454 3714 2142 3388
4629 4 2 100 1 2531 2588 2286 3056
4630 4 2 100 1 2259 3698 2974 2580
4631 4 2 100 1 2248 2402 3236 3649
4632 4 2 100 1 2239 2331 2796 2997
4633 4 2 100 1 2133 2818 2618 3208
4634 4 2 100 1 844 3365 2448 3835
4635 4 2 100 1 2105 2811 2843 3837
4636 4 2 100 1 2820 3357 2256 3533
4637 4 2 100 1 732 4137 4121 3516
4638 4 2 100 1 2876 2735 1999 3788
4639 4 2 100 1 512 509 3275 3707
4640 4 2 100 1 1743 3296 2521 3397
4641 4 2 100 1 2865 927 3227 2703
4642 4 2 100 1 2172 3022 2616 3075
4643 4 2 100 1 2184 2935 3696 2767
4644 4 2 100 1 732 4137 3516 721
4645 4 2 100 1 729 4137 4119 58
4646 4 2 100 1 2248 3236 2835 3649
4647 4 2 100 1 3774 2278 2955 2138
4648 4 2 100 1 1315 2554 2826 3474
4649 4 2 100 1 25 2936 2396 3743
4650 4 2 100 1 3723 2574 2481 2142
4651 4 2 100 1 2665 3192 2788 3578
4652 4 2 100 1 2150 2827 2782 3004
4653 4 2 100 1 2253 2914 3097 3101
4654 4 2 100 1 1140 2472 2707 3354
4655 4 2 100 1 2808 3275 684 3701
4656 4 2 100 1 1412 3052 2980 3350
4657 4 2 100 1 729 4137 58 721
4658 4 2 100 1 1298 2651 3113 3682
4659 4 2 100 1 611 2517 2948 375
4660 4 2 100 1 2604 2762 2287 3714
4661 4 2 100 1 3760 2405 1861 3228
4662 4 2 100 1 393 2401 2874 663
4663 4 2 100 1 2172 2613 3022 3075
4664 4 2 100 1 2251 2576 3619 3683
4665 4 2 100 1 261 2572 499 3376
4666 4 2 100 1 2174 2713 2610 3168
4667 4 2 100 1 2762 3092 2142 3714
4668 4 2 100 1 2430 2617 2177 3202
4669 4 2 100 1 2257 2534 2730 3411
4670 4 2 100 1 2705 2477 3543 2596
4671 4 2 100 1 2314 2880 2601 3455
4672 4 2 100 1 288 2555 278 3204
4673 4 2 100 1 2253 2390 3097 4077
4674 4 2 100 1 2164 2734 3558 3642
4675 4 2 100 1 721 58 59 4137
4676 4 2 100 1 2463 2881 2734 2173
4677 4 2 100 1 382 2948 2483 3489
4678 4 2 100 1 1316 3474 2826 3584
4679 4 2 100 1 1720 1767 3442 3809
4680 4 2 100 1 2574 2917 2883 3370
4681 4 2 100 1 2372 2679 3581 2395
4682 4 2 100 1 397 2849 3630 3713
4683 4 2 100 1 2212 2805 2508 3864
4684 4 2 100 1 624 3180 2396 3941
4685 4 2 100 1 3317 3339 3985 2136
4686 4 2 100 1 1435 1455 2810 3283
4687 4 2 100 1 2250 3260 2957 2301
4688 4 2 100 1 503 2797 2392 3538
4689 4 2 100 1 2511 3133 2153 3618
4690 4 2 100 1 2407 2258 2595 3829
4691 4 2 100 1 2450 3118 1730 3120
4692 4 2 100 1 2571 2150 2782 3031
4693 4 2 100 1 1326 2473 2904 3892
4694 4 2 100 1 2142 3714 2454 2762
4695 4 2 100 1 1892 2547 2958 3341
4696 4 2 100 1 2677 3071 2223 2417
4697 4 2 100 1 1178 1367 1348 3091
4698 4 2 100 1 2954 3891 3377 2375
4699 4 2 100 1 1741 1966 1781 3759
4700 4 2 100 1 2667 2965 139 3534
4701 4 2 100 1 2508 2816 2367 2877
4702 4 2 100 1 2400 2853 2279 3515
4703 4 2 100 1 4012 2269 2952 3279
4704 4 2 100 1 2139 2594 2563 3464
4705 4 2 100 1 2665 2788 2262 3578
4706 4 2 100 1 1798 2374 1914 2006
4707 4 2 100 1 3959 3493 2615 3628
4708 4 2 100 1 2458 2625 2240 4112
4709 4 2 100 1 2224 3140 3061 3702
4710 4 2 100 1 405 2417 462 3345
4711 4 2 100 1 2162 2991 2729 4001
4712 4 2 100 1 2212 2319 2928 3195
4713 4 2 100 1 3090 1495 3584 2382
4714 4 2 100 1 2691 2978 2943 2357
4715 4 2 100 1 2921 3394 3490 2364
4716 4 2 100 1 1326 2473 1368 2904
4717 4 2 100 1 2514 2924 1594 3798
4718 4 2 100 1 4137 721 2864 3516
4719 4 2 100 1 303 339 309 3321
4720 4 2 100 1 4124 726 4136 2749
4721 4 2 100 1 2116 3195 2805 3676
4722 4 2 100 1 2100 2748 3061 2278
4723 4 2 100 1 4005 2800 2390 98
4724 4 2 100 1 1893 2433 3065 2903
4725 4 2 100 1 2540 2176 2153 3664
4726 4 2 100 1 2294 2554 2938 3147
4727 4 2 100 1 2986 3709 878 2960
4728 4 2 100 1 4113 2554 2815 3147
4729 4 2 100 1 3946 2644 2160 3128
4730 4 2 100 1 2204 3012 2871 3315
4731 4 2 100 1 2425 2556 2227 3624
4732 4 2 100 1 289 2555 3204 2785
4733 4 2 100 1 2783 3698 2259 2580
4734 4 2 100 1 3317 2136 4001 3339
4735 4 2 100 1 2375 2600 2182 2954
4736 4 2 100 1 2331 2927 2796 3255
4737 4 2 100 1 2142 2366 2682 2883
4738 4 2 100 1 2783 3245 2327 2580
4739 4 2 100 1 1230 77 76 3271
4740 4 2 100 1 2260 2346 2686 3232
4741 4 2 100 1 2103 2495 2652 2551
4742 4 2 100 1 4124 726 66 4136
4743 4 2 100 1 3492 3542 2645 3000
4744 4 2 100 1 1469 2410 1166 4064
4745 4 2 100 1 289 2498 581 2785
4746 4 2 100 1 1297 2740 2526 3655
4747 4 2 100 1 2218 3254 2951 3529
4748 4 2 100 1 2414 2505 2204 3462
4749 4 2 100 1 1051 2731 2349 2879
4750 4 2 100 1 1981 1650 1977 3374
4751 4 2 100 1 1289 2630 3500 3283
4752 4 2 100 1 863 2745 2451 3087
4753 4 2 100 1 867 3485 3087 3666
4754 4 2 100 1 2193 2937 2792 3266
4755 4 2 100 1 2132 2497 2457 3224
4756 4 2 100 1 2231 2772 2645 2899
4757 4 2 100 1 2312 3008 2526 3319
4758 4 2 100 1 2228 3109 3286 3744
4759 4 2 100 1 457 2819 424 3105
4760 4 2 100 1 2705 2477 2684 3352
4761 4 2 100 1 2921 3394 2364 2689
4762 4 2 100 1 1217 2879 3100 2503
4763 4 2 100 1 1896 2961 2426 3125
4764 4 2 100 1 3757 2150 2827 2782
4765 4 2 100 1 2526 3008 2275 3319
4766 4 2 100 1 1509 2739 1381 2953
4767 4 2 100 1 2845 72 2423 3872
4768 4 2 100 1 66 65 4136 726
4769 4 2 100 1 3087 3485 868 2745
4770 4 2 100 1 2573 2168 3771 3878
4771 4 2 100 1 2677 2417 405 3345
4772 4 2 100 1 2672 2685 2165 3976
4773 4 2 100 1 2539 2867 1306 3248
4774 4 2 100 1 3024 3789 2666 3687
4775 4 2 100 1 1877 1892 2958 3341
4776 4 2 100 1 2552 2781 2312 3319
4777 4 2 100 1 3087 868 3485 867
4778 4 2 100 1 989 2985 2412 3142
4779 4 2 100 1 2259 3245 2783 2580
4780 4 2 100 1 2448 2932 846 3157
4781 4 2 100 1 2166 2627 2258 3338
4782 4 2 100 1 722 4135 4125 2774
4783 4 2 100 1 2654 3466 2757 2447
4784 4 2 100 1 722 4135 2774 719
4785 4 2 100 1 1241 2900 740 124
4786 4 2 100 1 2376 3630 2492 3731
4787 4 2 100 1 2301 3390 3112 2655
4788 4 2 100 1 1267 2711 1266 3313
4789 4 2 100 1 1509 2953 1126 3575
4790 4 2 100 1 2563 2935 2594 3429
4791 4 2 100 1 3446 3561 2944 3914
4792 4 2 100 1 2575 2955 2138 3774
4793 4 2 100 1 2114 2414 2759 3462
4794 4 2 100 1 2104 2445 2582 2919
4795 4 2 100 1 2331 3255 2796 3793
4796 4 2 100 1 3199 2249 2962 3340
4797 4 2 100 1 421 343 3849 2467
4798 4 2 100 1 3515 3381 3343 2505
4799 4 2 100 1 1265 2711 3149 3631
4800 4 2 100 1 2938 3005 2345 3202
4801 4 2 100 1 2705 2477 2596 2203
4802 4 2 100 1 2408 2326 2744 3036
4803 4 2 100 1 2714 3158 2347 3010
4804 4 2 100 1 1018 2413 1274 3172
4805 4 2 100 1 3416 2574 2142 3370
4806 4 2 100 1 3373 507 505 3275
4807 4 2 100 1 2537 3032 2321 3636
4808 4 2 100 1 1376 1298 2651 3113
4809 4 2 100 1 4135 2774 719 3516
4810 4 2 100 1 2218 2803 3254 3529
4811 4 2 100 1 3101 2190 2390 2950
4812 4 2 100 1 2912 3095 2591 3822
4813 4 2 100 1 2104 2878 2445 3206
4814 4 2 100 1 1200 1403 2442 3103
4815 4 2 100 1 3923 3825 3100 2503
4816 4 2 100 1 2396 3189 2499 3956
4817 4 2 100 1 1952 4134 4120 3444
4818 4 2 100 1 848 846 2932 3157
4819 4 2 100 1 2578 3084 2880 3359
4820 4 2 100 1 2414 2204 2626 3763
4821 4 2 100 1 2760 1989 2607 3300
4822 4 2 100 1 2350 2264 3211 3123
4823 4 2 100 1 2404 3066 1317 3588
4824 4 2 100 1 2180 2720 3449 3651
4825 4 2 100 1 2388 3792 3070 3875
4826 4 2 100 1 1305 2539 1306 3248
4827 4 2 100 1 2338 2386 2688 3499
4828 4 2 100 1 4040 3648 2342 3098
4829 4 2 100 1 716 56 57 4128
4830 4 2 100 1 2871 3012 2204 3080
4831 4 2 100 1 2292 3630 2849 3713
4832 4 2 100 1 4045 2862 3183 2215
4833 4 2 100 1 2234 3930 2663 4044
4834 4 2 100 1 2142 2762 2454 2366
4835 4 2 100 1 2340 1697 3322 3901
4836 4 2 100 1 2377 2746 2032 2869
4837 4 2 100 1 4119 716 57 4128
4838 4 2 100 1 2777 3437 786 3470
4839 4 2 100 1 3092 3388 2142 3714
4840 4 2 100 1 3959 2615 3493 2357
4841 4 2 100 1 2197 2346 2769 3232
4842 4 2 100 1 2286 3071 3163 3308
4843 4 2 100 1 1951 2032 2869 3044
4844 4 2 100 1 1241 2900 124 2440
4845 4 2 100 1 2105 3005 2938 3202
4846 4 2 100 1 94 2649 3013 4026
4847 4 2 100 1 2166 2258 3852 3338
4848 4 2 100 1 2783 3266 3115 3698
4849 4 2 100 1 2104 2878 3206 3455
4850 4 2 100 1 2105 2811 2646 2843
4851 4 2 100 1 2099 2577 2927 3255
4852 4 2 100 1 1600 2360 2866 3559
4853 4 2 100 1 2177 2617 2430 3438
4854 4 2 100 1 2792 3266 2937 3629
4855 4 2 100 1 710 2592 283 2934
4856 4 2 100 1 2451 3440 3821 2755
4857 4 2 100 1 2713 2806 2437 3105
4858 4 2 100 1 2239 2852 2331 2997
4859 4 2 100 1 3625 3213 3025 2373
4860 4 2 100 1 2172 2540 2616 3223
4861 4 2 100 1 3764 4005 2889 2364
4862 4 2 100 1 2421 2208 2880 3627
4863 4 2 100 1 2294 2815 2554 3147
4864 4 2 100 1 3199 2249 3340 2692
4865 4 2 100 1 4119 716 4128 2864
4866 4 2 100 1 2758 3210 2320 3339
4867 4 2 100 1 2297 2955 2435 3061
4868 4 2 100 1 4120 4134 145 2083
4869 4 2 100 1 2782 3004 2228 3109
4870 4 2 100 1 2476 3776 2245 3239
4871 4 2 100 1 4122 2093 146 4134
4872 4 2 100 1 2471 3157 849 2932
4873 4 2 100 1 4122 2093 4134 2642
4874 4 2 100 1 2950 2955 2575 3573
4875 4 2 100 1 2189 3036 2744 3220
4876 4 2 100 1 3098 3329 3151 3380
4877 4 2 100 1 2312 2781 2552 3329
4878 4 2 100 1 2456 2675 2180 2878
4879 4 2 100 1 3612 3082 3106 2389
4880 4 2 100 1 1920 3479 2694 3564
4881 4 2 100 1 1600 2866 2360 3556
4882 4 2 100 1 3728 2550 3220 2416
4883 4 2 100 1 1214 2910 2906 1213
4884 4 2 100 1 2262 2788 2665 3181
4885 4 2 100 1 2471 2868 2196 2932
4886 4 2 100 1 37 1510 2 3280
4887 4 2 100 1 3678 4045 3873 2348
4888 4 2 100 1 3909 2852 3084 2927
4889 4 2 100 1 2120 2622 2334 3122
4890 4 2 100 1 3226 3271 3623 2334
4891 4 2 100 1 844 846 2448 3365
4892 4 2 100 1 1291 2566 2773 2936
4893 4 2 100 1 2663 4044 3220 3585
4894 4 2 100 1 2435 2955 2297 3573
4895 4 2 100 1 2350 2264 3123 2979
4896 4 2 100 1 2953 3481 1126 3575
4897 4 2 100 1 2573 3771 2866 3878
4898 4 2 100 1 2211 2547 2676 3952
4899 4 2 100 1 2114 2414 2505 3057
4900 4 2 100 1 2196 2471 2932 3157
4901 4 2 100 1 512 3275 2808 3707
4902 4 2 100 1 2910 3029 1213 1212
4903 4 2 100 1 1705 2576 1720 3442
4904 4 2 100 1 3642 2634 3017 2585
4905 4 2 100 1 2109 2464 2684 3326
4906 4 2 100 1 2184 2395 3015 2935
4907 4 2 100 1 2164 2474 2268 2678
4908 4 2 100 1 2093 145 146 4134
4909 4 2 100 1 1241 2900 2440 3816
4910 4 2 100 1 2218 2481 2951 3254
4911 4 2 100 1 2160 3178 2687 2382
4912 4 2 100 1 2937 2987 2348 3266
4913 4 2 100 1 3642 2634 2585 2110
4914 4 2 100 1 1123 966 1122 3350
4915 4 2 100 1 295 2819 2765 3641
4916 4 2 100 1 619 3156 2885 3159
4917 4 2 100 1 989 836 2985 3142
4918 4 2 100 1 1241 2440 2731 3816
4919 4 2 100 1 2172 2616 2540 3075
4920 4 2 100 1 2372 3425 3366 3752
4921 4 2 100 1 3515 3343 3381 2279
4922 4 2 100 1 2104 2445 2878 3137
4923 4 2 100 1 3242 3601 3439 4089
4924 4 2 100 1 2699 3351 2398 3386
4925 4 2 100 1 774 2429 776 3288
4926 4 2 100 1 3859 2284 3068 2722
4927 4 2 100 1 2909 2497 3051 2183
4928 4 2 100 1 2227 2556 3076 3145
4929 4 2 100 1 2880 3084 2421 3359
4930 4 2 100 1 2708 3735 2598 2504
4931 4 2 100 1 452 2802 2761 3334
4932 4 2 100 1 2140 3735 2310 4090
4933 4 2 100 1 2093 145 4134 2083
4934 4 2 100 1 2857 3111 2400 2928
4935 4 2 100 1 3438 3454 2209 2617
4936 4 2 100 1 2181 2998 2621 3958
4937 4 2 100 1 2556 3145 2764 3738
4938 4 2 100 1 2816 2996 2329 3854
4939 4 2 100 1 259 2542 2806 3708
4940 4 2 100 1 1740 1730 3118 3120
4941 4 2 100 1 1367 3091 1178 3614
4942 4 2 100 1 2598 3735 2708 2140
4943 4 2 100 1 1811 2364 1815 3832
4944 4 2 100 1 2376 2492 3323 3731
4945 4 2 100 1 1213 2458 2910 2906
4946 4 2 100 1 2795 3042 2242 2127
4947 4 2 100 1 14 3059 2436 3949
4948 4 2 100 1 3877 2677 2417 3071
4949 4 2 100 1 243 663 442 2874
4950 4 2 100 1 2846 3024 2669 2375
4951 4 2 100 1 2131 3139 2456 3651
4952 4 2 100 1 3612 3082 2389 3191
4953 4 2 100 1 998 2349 3428 2879
4954 4 2 100 1 169 2708 3867 2598
4955 4 2 100 1 2783 2580 3266 3698
4956 4 2 100 1 2426 2284 2567 3068
4957 4 2 100 1 2197 2346 2701 2769
4958 4 2 100 1 4110 2775 2371 3009
4959 4 2 100 1 2299 2343 2695 2890
4960 4 2 100 1 2363 3205 3104 3545
4961 4 2 100 1 913 3021 1395 3940
4962 4 2 100 1 2615 3493 3830 2849
4963 4 2 100 1 3032 3189 2321 3636
4964 4 2 100 1 2119 2535 2997 3150
4965 4 2 100 1 805 1317 3066 3588
4966 4 2 100 1 2789 3958 3306 2496
4967 4 2 100 1 786 3437 2777 3747
4968 4 2 100 1 3808 3786 2449 2715
4969 4 2 100 1 139 2667 140 2965
4970 4 2 100 1 2275 2740 2526 3768
4971 4 2 100 1 2253 2950 3490 3409
4972 4 2 100 1 2144 2451 2995 3440
4973 4 2 100 1 2520 4048 2409 2155
4974 4 2 100 1 1697 1676 1677 2340
4975 4 2 100 1 2657 3619 2153 3683
4976 4 2 100 1 2162 2729 2593 4001
4977 4 2 100 1 1493 1203 2649 2914
4978 4 2 100 1 3306 3943 2496 3958
4979 4 2 100 1 2219 2954 3024 3789
4980 4 2 100 1 2540 3264 2462 2102
4981 4 2 100 1 2472 4051 3386 3964
4982 4 2 100 1 2486 2683 2346 2138
4983 4 2 100 1 2909 2497 2183 2838
4984 4 2 100 1 1258 3070 3792 3875
4985 4 2 100 1 1348 2905 3091 3215
4986 4 2 100 1 2345 2205 2994 2983
4987 4 2 100 1 1010 2452 3602 1071
4988 4 2 100 1 3396 3045 3718 1148
4989 4 2 100 1 1297 917 924 2526
4990 4 2 100 1 2090 4134 3444 2083
4991 4 2 100 1 2377 2869 2032 3044
4992 4 2 100 1 3500 3850 2336 4067
4993 4 2 100 1 2210 2870 2589 3384
4994 4 2 100 1 1915 3450 2374 3819
4995 4 2 100 1 2247 3352 2477 3543
4996 4 2 100 1 2153 2540 2377 2176
4997 4 2 100 1 3192 3181 3551 2665
4998 4 2 100 1 3443 4126 4133 2087
4999 4 2 100 1 337 2498 317 3204
5000 4 2 100 1 2413 2971 1274 3172
5001 4 2 100 1 2736 3440 2619 2183
5002 4 2 100 1 510 3275 509 3707
5003 4 2 100 1 1010 2452 1071 3091
5004 4 2 100 1 2274 2676 2547 3952
5005 4 2 100 1 1010 2452 3091 2905
5006 4 2 100 1 2167 3371 2487 3572
5007 4 2 100 1 2450 2510 2135 2726
5008 4 2 100 1 3625 3025 3213 2207
5009 4 2 100 1 3811 3095 3609 2306
5010 4 2 100 1 87 768 2513 2606
5011 4 2 100 1 585 2934 3717 3238
5012 4 2 100 1 3018 3535 2714 3607
5013 4 2 100 1 2433 2903 1765 3746
5014 4 2 100 1 2228 3286 2609 3744
5015 4 2 100 1 1509 2739 2953 3575
5016 4 2 100 1 2218 2482 2855 2604
5017 4 2 100 1 4126 6 4133 2087
5018 4 2 100 1 2284 2721 2426 2107
5019 4 2 100 1 2425 2747 3006 3076
5020 4 2 100 1 2334 2120 4011 3549
5021 4 2 100 1 1398 2413 4091 1274
5022 4 2 100 1 123 2831 2440 3078
5023 4 2 100 1 1560 2958 1558 3185
5024 4 2 100 1 1464 2820 2593 3533
5025 4 2 100 1 2945 3491 2220 3660
5026 4 2 100 1 3600 741 2683 3937
5027 4 2 100 1 1210 87 768 2513
5028 4 2 100 1 2189 2747 3218 2408
5029 4 2 100 1 1265 1266 2711 3631
5030 4 2 100 1 2269 2952 3279 3857
5031 4 2 100 1 2460 3296 2274 2976
5032 4 2 100 1 3127 2714 3158 2319
5033 4 2 100 1 2132 3493 2357 3959
5034 4 2 100 1 1896 1625 2426 2961
5035 4 2 100 1 3581 3844 3464 3912
5036 4 2 100 1 2462 3260 2250 2301
5037 4 2 100 1 2944 3446 2404 3561
5038 4 2 100 1 2458 2842 2625 4112
5039 4 2 100 1 2244 2590 2861 2332
5040 4 2 100 1 2582 3434 2445 3897
5041 4 2 100 1 3443 4126 2087 3444
5042 4 2 100 1 3209 3662 3780 2369
5043 4 2 100 1 3678 3873 4045 2125
5044 4 2 100 1 2484 3088 2159 3404
5045 4 2 100 1 3600 2683 741 3063
5046 4 2 100 1 2823 3324 2318 3701
5047 4 2 100 1 2109 2457 3136 3352
5048 4 2 100 1 662 2392 503 3093
5049 4 2 100 1 1306 2867 2539 3922
5050 4 2 100 1 410 2845 2418 3800
5051 4 2 100 1 2623 3405 2408 2283
5052 4 2 100 1 2326 2744 3036 3220
5053 4 2 100 1 2951 3254 1353 3529
5054 4 2 100 1 2121 3083 3152 2565
5055 4 2 100 1 2894 2961 1625 3398
5056 4 2 100 1 1430 2758 2419 3838
5057 4 2 100 1 2588 2992 2258 3000
5058 4 2 100 1 2252 2961 2426 3274
5059 4 2 100 1 2284 2426 3047 2107
5060 4 2 100 1 1896 1618 1625 2961
5061 4 2 100 1 3397 3201 3265 2546
5062 4 2 100 1 768 1184 1211 3990
5063 4 2 100 1 2252 2426 2494 2721
5064 4 2 100 1 1574 3095 2562 3822
5065 4 2 100 1 1879 2866 1600 3556
5066 4 2 100 1 1877 2958 2605 3341
5067 4 2 100 1 1213 1212 1049 2910
5068 4 2 100 1 259 261 260 2806
5069 4 2 100 1 795 796 797 3736
5070 4 2 100 1 2369 2422 2625 3310
5071 4 2 100 1 2132 2339 2457 2978
5072 4 2 100 1 2368 3785 2846 2669
5073 4 2 100 1 2197 2926 2701 3046
5074 4 2 100 1 3718 3381 2853 2516
5075 4 2 100 1 3492 3542 3000 2339
5076 4 2 100 1 867 1356 3485 3666
5077 4 2 100 1 2420 2748 3061 3131
5078 4 2 100 1 2463 2173 2734 3784
5079 4 2 100 1 4012 2269 3279 2651
5080 4 2 100 1 2087 6 4133 2088
5081 4 2 100 1 380 381 378 3489
5082 4 2 100 1 2293 2734 2661 3574
5083 4 2 100 1 2088 4133 2087 3443
5084 4 2 100 1 2425 2227 2632 3624
5085 4 2 100 1 2174 2610 2713 3387
5086 4 2 100 1 2366 2843 2811 3837
5087 4 2 100 1 2242 3194 2525 2127
5088 4 2 100 1 2418 2845 410 3093
5089 4 2 100 1 2188 2859 2407 2872
5090 4 2 100 1 2243 3281 3184 2732
5091 4 2 100 1 2574 2142 2883 3092
5092 4 2 100 1 2140 2608 2310 2708
5093 4 2 100 1 2338 2630 2386 3499
5094 4 2 100 1 924 2526 917 3307
5095 4 2 100 1 2326 3405 3036 2408
5096 4 2 100 1 1828 1845 1856 4043
5097 4 2 100 1 2244 2861 2603 2332
5098 4 2 100 1 850 2471 3734 852
5099 4 2 100 1 144 143 4132 2095
5100 4 2 100 1 2593 2820 2256 3533
5101 4 2 100 1 296 2517 297 2934
5102 4 2 100 1 844 2448 846 3157
5103 4 2 100 1 2967 206 4017 207
5104 4 2 100 1 3085 3155 2628 3705
5105 4 2 100 1 2576 2153 3619 3683
5106 4 2 100 1 1720 2841 2576 3133
5107 4 2 100 1 2481 2218 3092 3254
5108 4 2 100 1 2340 2964 2667 2359
5109 4 2 100 1 1648 2427 3626 3458
5110 4 2 100 1 4126 4132 143 2095
5111 4 2 100 1 392 2963 2543 3353
5112 4 2 100 1 1458 3545 1436 3799
5113 4 2 100 1 2685 3261 2165 3976
5114 4 2 100 1 3305 2174 2696 2663
5115 4 2 100 1 2564 2961 2252 3274
5116 4 2 100 1 2299 2343 2827 2695
5117 4 2 100 1 3396 3045 1148 2767
5118 4 2 100 1 2516 2860 1014 2973
5119 4 2 100 1 4132 4120 144 2095
5120 4 2 100 1 3247 3840 2726 2510
5121 4 2 100 1 1306 2539 1305 3922
5122 4 2 100 1 4126 4132 2095 3444
5123 4 2 100 1 458 2677 2770 3525
5124 4 2 100 1 1289 2630 3283 762
5125 4 2 100 1 2099 2577 2732 3281
5126 4 2 100 1 2563 3464 3581 3844
5127 4 2 100 1 2954 3377 3891 2115
5128 4 2 100 1 2211 2676 2547 3148
5129 4 2 100 1 3823 3434 2582 3897
5130 4 2 100 1 2595 2656 2166 3852
5131 4 2 100 1 2285 3581 3464 3912
5132 4 2 100 1 2157 2978 2691 3543
5133 4 2 100 1 4132 4120 2095 3444
5134 4 2 100 1 3859 2284 2722 2721
5135 4 2 100 1 2149 2413 3172 3942
5136 4 2 100 1 393 2401 663 3845
5137 4 2 100 1 2805 3195 2871 3676
5138 4 2 100 1 489 183 3383 3606
5139 4 2 100 1 3002 934 2837 1408
5140 4 2 100 1 1493 767 1203 2914
5141 4 2 100 1 2228 2609 3286 3526
5142 4 2 100 1 351 2728 2417 3175
5143 4 2 100 1 2193 2987 2937 3266
5144 4 2 100 1 2169 3351 2699 3386
5145 4 2 100 1 963 2538 2973 907
5146 4 2 100 1 25 2396 2936 3941
5147 4 2 100 1 2820 3170 1323 3596
5148 4 2 100 1 2391 3658 2203 2705
5149 4 2 100 1 2252 2721 2613 2979
5150 4 2 100 1 2526 2342 3307 3648
5151 4 2 100 1 3676 2273 3315 2871
5152 4 2 100 1 2526 2896 917 3307
5153 4 2 100 1 2552 2671 2214 2858
5154 4 2 100 1 2284 2722 2721 3523
5155 4 2 100 1 2116 2805 3535 3676
5156 4 2 100 1 2600 2954 2375 3891
5157 4 2 100 1 3528 4072 2913 2464
5158 4 2 100 1 2154 3057 2626 3927
5159 4 2 100 1 2155 2471 2325 2868
5160 4 2 100 1 2130 2338 3499 3685
5161 4 2 100 1 94 2649 4026 1500
5162 4 2 100 1 1493 2914 2649 3667
5163 4 2 100 1 2210 2995 2870 3384
5164 4 2 100 1 3755 3223 2315 2746
5165 4 2 100 1 528 541 527 3188
5166 4 2 100 1 1227 2879 2503 3816
5167 4 2 100 1 1557 1892 2547 2958
5168 4 2 100 1 3471 779 2738 3812
5169 4 2 100 1 2857 3111 2928 1275
5170 4 2 100 1 259 3512 2542 3708
5171 4 2 100 1 928 2432 2865 3227
5172 4 2 100 1 2221 2439 3572 3649
5173 4 2 100 1 1736 3263 1876 3680
5174 4 2 100 1 2243 3526 3184 2922
5175 4 2 100 1 2172 2616 3022 3223
5176 4 2 100 1 1700 2511 1701 3133
5177 4 2 100 1 397 2492 644 3630
5178 4 2 100 1 1818 2377 2032 3044
5179 4 2 100 1 2096 4131 4117 151
5180 4 2 100 1 3528 2913 4072 2169
5181 4 2 100 1 152 151 4131 2082
5182 4 2 100 1 2195 2513 2347 3461
5183 4 2 100 1 2215 2349 2793 3807
5184 4 2 100 1 2241 2450 3118 3412
5185 4 2 100 1 2096 4131 151 2082
5186 4 2 100 1 3098 3151 2473 3380
5187 4 2 100 1 2407 2188 2872 3246
5188 4 2 100 1 2120 2334 2622 3549
5189 4 2 100 1 2082 152 4116 4131
5190 4 2 100 1 3343 3515 2505 2441
5191 4 2 100 1 2125 2366 2644 3678
5192 4 2 100 1 163 44 193 2468
5193 4 2 100 1 2865 927 2703 926
5194 4 2 100 1 2104 2445 2919 3206
5195 4 2 100 1 2142 2682 2366 2454
5196 4 2 100 1 2016 2840 2427 3458
5197 4 2 100 1 2251 2701 2784 2926
5198 4 2 100 1 2511 1700 2576 3133
5199 4 2 100 1 2562 3095 2912 3822
5200 4 2 100 1 2760 1989 3300 1847
5201 4 2 100 1 3544 2243 2453 3017
5202 4 2 100 1 457 2819 3105 3376
5203 4 2 100 1 2418 3175 2984 3536
5204 4 2 100 1 1010 2452 2905 3602
5205 4 2 100 1 2350 2264 2979 2924
5206 4 2 100 1 855 2490 857 2856
5207 4 2 100 1 1699 1701 1700 2511
5208 4 2 100 1 4116 2082 4131 4099
5209 4 2 100 1 2326 2623 2408 3595
5210 4 2 100 1 1140 2707 1373 3354
5211 4 2 100 1 2247 3543 2477 3704
5212 4 2 100 1 1213 3100 2458 2906
5213 4 2 100 1 3061 3702 3140 4049
5214 4 2 100 1 1698 1677 3815 3901
5215 4 2 100 1 4118 728 4130 3805
5216 4 2 100 1 2105 2453 2646 3710
5217 4 2 100 1 2937 3266 2348 3629
5218 4 2 100 1 2406 2744 2326 3220
5219 4 2 100 1 4030 2937 2811 2454
5220 4 2 100 1 2535 2119 2997 3304
5221 4 2 100 1 2046 2071 2460 3759
5222 4 2 100 1 2524 3213 2207 3625
5223 4 2 100 1 2587 3355 3056 3464
5224 4 2 100 1 1740 3118 2476 3120
5225 4 2 100 1 2297 3061 2435 3488
5226 4 2 100 1 3015 3625 2184 3696
5227 4 2 100 1 2645 2772 2192 2899
5228 4 2 100 1 779 2738 3812 3657
5229 4 2 100 1 2214 2858 2671 3544
5230 4 2 100 1 2128 3795 3634 4055
5231 4 2 100 1 483 2895 2424 3849
5232 4 2 100 1 2307 2824 2713 3340
5233 4 2 100 1 2205 2539 2345 3914
5234 4 2 100 1 1239 2398 3014 1503
5235 4 2 100 1 2511 2576 1700 3112
5236 4 2 100 1 2177 2653 2430 3202
5237 4 2 100 1 2495 2103 2652 3169
5238 4 2 100 1 2099 2927 2577 3315
5239 4 2 100 1 2253 2390 2908 3490
5240 4 2 100 1 2865 927 926 928
5241 4 2 100 1 163 44 2468 2988
5242 4 2 100 1 1217 2879 2503 1227
5243 4 2 100 1 375 2517 2948 3489
5244 4 2 100 1 1326 3098 2473 3892
5245 4 2 100 1 406 382 380 2948
5246 4 2 100 1 2133 2475 3778 4049
5247 4 2 100 1 4109 3683 3619 2657
5248 4 2 100 1 2362 2586 3019 3106
5249 4 2 100 1 1543 1907 1999 2876
5250 4 2 100 1 2849 2615 3493 3628
5251 4 2 100 1 3025 3625 2553 2207
5252 4 2 100 1 3909 2852 2927 2239
5253 4 2 100 1 946 2951 2481 3254
5254 4 2 100 1 2099 2732 3184 3281
5255 4 2 100 1 2330 3170 2820 3596
5256 4 2 100 1 823 2382 1495 3090
5257 4 2 100 1 2619 2736 2183 2909
5258 4 2 100 1 349 271 2650 2728
5259 4 2 100 1 4005 2800 98 2018
5260 4 2 100 1 2921 3394 2689 2124
5261 4 2 100 1 3808 3786 2715 2195
5262 4 2 100 1 2132 2339 2978 3492
5263 4 2 100 1 844 842 3365 3835
5264 4 2 100 1 3676 2273 2805 3535
5265 4 2 100 1 2133 2618 2818 3778
5266 4 2 100 1 2312 2552 2526 3329
5267 4 2 100 1 575 2424 313 3035
5268 4 2 100 1 2161 3203 2620 3445
5269 4 2 100 1 3471 779 3812 780
5270 4 2 100 1 2287 2762 2604 3873
5271 4 2 100 1 2626 3057 2414 3927
5272 4 2 100 1 1241 2900 3816 740
5273 4 2 100 1 2798 3519 2463 3642
5274 4 2 100 1 863 868 2745 3087
5275 4 2 100 1 1930 2510 2939 2840
5276 4 2 100 1 3205 3545 2363 3799
5277 4 2 100 1 2221 2439 3350 3572
5278 4 2 100 1 2273 2871 3012 3315
5279 4 2 100 1 2967 206 207 208
5280 4 2 100 1 2500 3548 2382 3617
5281 4 2 100 1 2211 2358 3555 3242
5282 4 2 100 1 2997 3150 2535 3871
5283 4 2 100 1 4118 728 63 4130
5284 4 2 100 1 63 62 4130 728
5285 4 2 100 1 3373 507 3275 3919
5286 4 2 100 1 2623 3275 510 3707
5287 4 2 100 1 2213 3781 3623 2392
5288 4 2 100 1 2478 2523 2139 3429
5289 4 2 100 1 4130 4125 728 62
5290 4 2 100 1 2427 2939 1760 3987
5291 4 2 100 1 1910 1594 2924 3798
5292 4 2 100 1 2346 2683 2486 3600
5293 4 2 100 1 1166 2410 2844 4064
5294 4 2 100 1 1300 2687 3325 3367
5295 4 2 100 1 1140 2707 2472 3351
5296 4 2 100 1 2377 3044 1818 3618
5297 4 2 100 1 1991 3479 2662 3610
5298 4 2 100 1 728 2774 4130 3805
5299 4 2 100 1 2149 3172 3434 3942
5300 4 2 100 1 2937 2811 2454 2366
5301 4 2 100 1 2435 2955 3573 3774
5302 4 2 100 1 410 3669 3093 412
5303 4 2 100 1 4130 4125 2774 728
5304 4 2 100 1 1138 2413 3349 1398
5305 4 2 100 1 2340 2750 2964 2359
5306 4 2 100 1 2550 3585 3426 3728
5307 4 2 100 1 3242 3601 4089 2375
5308 4 2 100 1 2209 2917 2883 3454
5309 4 2 100 1 2721 2979 2252 3274
5310 4 2 100 1 2544 2856 2363 3545
5311 4 2 100 1 2569 2743 799 3900
5312 4 2 100 1 1936 2040 1818 3618
5313 4 2 100 1 2364 1811 3252 3832
5314 4 2 100 1 2508 2871 2212 4016
5315 4 2 100 1 2489 3439 2137 3721
5316 4 2 100 1 2298 3089 2711 3149
5317 4 2 100 1 785 2777 786 3470
5318 4 2 100 1 3934 3653 4010 3011
5319 4 2 100 1 3815 2724 1733 2750
5320 4 2 100 1 3082 2194 2341 3106
5321 4 2 100 1 3082 2341 2194 2941
5322 4 2 100 1 2105 3005 2453 3710
5323 4 2 100 1 2588 2730 2992 3000
5324 4 2 100 1 2318 2111 2713 3387
5325 4 2 100 1 2349 3382 2855 3482
5326 4 2 100 1 1989 2607 3300 1639
5327 4 2 100 1 2103 3145 2556 3738
5328 4 2 100 1 2240 2369 3029 3662
5329 4 2 100 1 2997 3304 2119 3981
5330 4 2 100 1 1746 2014 2010 2722
5331 4 2 100 1 2126 2611 3043 3071
5332 4 2 100 1 4116 2098 4129 153
5333 4 2 100 1 4129 154 153 2098
5334 4 2 100 1 2319 3195 2805 4058
5335 4 2 100 1 2224 3061 2955 3702
5336 4 2 100 1 2171 2798 2577 2974
5337 4 2 100 1 774 3288 1011 3441
5338 4 2 100 1 2160 3128 2644 4062
5339 4 2 100 1 850 2471 852 851
5340 4 2 100 1 3263 3840 2450 2726
5341 4 2 100 1 2789 3958 2496 2236
5342 4 2 100 1 2195 2347 2513 2946
5343 4 2 100 1 4116 2098 2735 4129
5344 4 2 100 1 3307 3648 924 2526
5345 4 2 100 1 2772 3308 2126 3820
5346 4 2 100 1 2233 2414 2796 3927
5347 4 2 100 1 2587 3056 2285 3464
5348 4 2 100 1 2184 3696 2775 2767
5349 4 2 100 1 2248 2835 3236 3554
5350 4 2 100 1 2645 2772 2231 3308
5351 4 2 100 1 2548 2401 2249 3620
5352 4 2 100 1 140 2667 2876 2965
5353 4 2 100 1 2174 2416 3220 3387
5354 4 2 100 1 2477 3037 1460 3884
5355 4 2 100 1 3952 2358 2521 3028
5356 4 2 100 1 2965 139 1532 1917
5357 4 2 100 1 1893 2433 2903 1765
5358 4 2 100 1 1199 1501 1495 3584
5359 4 2 100 1 2494 2722 2721 3859
5360 4 2 100 1 2984 3175 2418 3800
5361 4 2 100 1 994 2516 1014 2973
5362 4 2 100 1 2154 2853 2626 3381
5363 4 2 100 1 4063 3911 2378 4084
5364 4 2 100 1 2205 2345 2994 3914
5365 4 2 100 1 2180 2456 2717 3116
5366 4 2 100 1 2408 2623 2326 3405
5367 4 2 100 1 2271 2855 3382 3482
5368 4 2 100 1 2168 2547 2676 3148
5369 4 2 100 1 2430 2828 2220 2945
5370 4 2 100 1 2720 3157 844 3597
5371 4 2 100 1 1706 1760 2939 3987
5372 4 2 100 1 2085 4129 154 4123
5373 4 2 100 1 989 3142 2412 3365
5374 4 2 100 1 2362 2760 3766 2586
5375 4 2 100 1 2385 3534 2667 3901
5376 4 2 100 1 2085 4129 4123 2735
5377 4 2 100 1 2426 2721 2252 3274
5378 4 2 100 1 2989 3314 3014 3437
5379 4 2 100 1 2146 2721 2494 2722
5380 4 2 100 1 2734 2463 3519 3642
5381 4 2 100 1 2647 3972 2446 3841
5382 4 2 100 1 2152 2890 3012 3359
5383 4 2 100 1 2158 2552 2526 3768
5384 4 2 100 1 2136 2847 2519 2918
5385 4 2 100 1 4128 716 56 730
5386 4 2 100 1 353 317 337 2498
5387 4 2 100 1 2775 2184 3625 3696
5388 4 2 100 1 2191 2837 2455 2854
5389 4 2 100 1 1408 2837 3002 3602
5390 4 2 100 1 568 635 470 2801
5391 4 2 100 1 730 3 56 4128
5392 4 2 100 1 3544 3526 2243 2922
5393 4 2 100 1 844 842 846 3365
5394 4 2 100 1 4128 3 55 4127
5395 4 2 100 1 3842 2554 1313 2815
5396 4 2 100 1 3842 1313 2554 1314
5397 4 2 100 1 2669 3024 2137 2375
5398 4 2 100 1 2573 2958 1560 3185
5399 4 2 100 1 2101 3056 3267 3000
5400 4 2 100 1 2699 3386 2398 3048
5401 4 2 100 1 1907 1999 2876 3443
5402 4 2 100 1 1746 2722 2546 3586
5403 4 2 100 1 445 3117 2706 3272
5404 4 2 100 1 2648 2880 2208 3627
5405 4 2 100 1 2557 3646 2629 3731
5406 4 2 100 1 999 1202 1188 3935
5407 4 2 100 1 963 2538 907 894
5408 4 2 100 1 4128 55 3 665
5409 4 2 100 1 139 1904 140 2667
5410 4 2 100 1 2726 3263 2385 2135
5411 4 2 100 1 3995 2999 2707 2361
5412 4 2 100 1 2425 2632 2227 3420
5413 4 2 100 1 3495 2698 2235 2456
5414 4 2 100 1 3 720 4128 730
5415 4 2 100 1 1011 3288 2670 3441
5416 4 2 100 1 512 684 2808 3275
5417 4 2 100 1 2458 3100 1213 2886
5418 4 2 100 1 68 4127 720 731
5419 4 2 100 1 2211 2547 2605 3148
5420 4 2 100 1 3540 3725 3649 3572
5421 4 2 100 1 375 2517 3489 374
5422 4 2 100 1 757 2731 2440 2831
5423 4 2 100 1 1326 1368 1000 2904
5424 4 2 100 1 2202 2443 2612 3667
5425 4 2 100 1 4110 2775 3009 1451
5426 4 2 100 1 2729 4001 3533 2593
5427 4 2 100 1 2483 3114 2140 3373
5428 4 2 100 1 3 68 4127 720
5429 4 2 100 1 2468 2988 44 3262
5430 4 2 100 1 2132 3628 3493 3959
5431 4 2 100 1 963 2538 894 3153
5432 4 2 100 1 2155 2325 3371 2868
5433 4 2 100 1 123 122 2831 3078
5434 4 2 100 1 4083 2281 2678 3358
5435 4 2 100 1 1230 3271 3226 2700
5436 4 2 100 1 2346 2473 2260 2686
5437 4 2 100 1 2564 2979 2350 3274
5438 4 2 100 1 2204 3315 2871 3676
5439 4 2 100 1 406 382 2948 3302
5440 4 2 100 1 2102 2462 2540 3075
5441 4 2 100 1 683 313 2424 2895
5442 4 2 100 1 2307 2713 2437 3340
5443 4 2 100 1 2425 2929 2747 3076
5444 4 2 100 1 4020 2427 2529 2724
5445 4 2 100 1 1291 2566 2936 760
5446 4 2 100 1 2253 2908 3409 3490
5447 4 2 100 1 2454 2640 2237 3317
5448 4 2 100 1 2532 3295 2455 2191
5449 4 2 100 1 2310 2140 2708 3735
5450 4 2 100 1 21 2506 3134 3144
5451 4 2 100 1 2781 2552 3329 3616
5452 4 2 100 1 2106 2679 2372 3080
5453 4 2 100 1 2414 2626 2505 3057
5454 4 2 100 1 1100 1098 1099 3796
5455 4 2 100 1 2349 2731 1051 3382
5456 4 2 100 1 1574 3094 2562 3095
5457 4 2 100 1 2551 2166 2656 3852
5458 4 2 100 1 2444 3166 2141 3509
5459 4 2 100 1 3136 3352 2457 3543
5460 4 2 100 1 720 731 4127 3159
5461 4 2 100 1 2334 3623 3122 2622
5462 4 2 100 1 1799 2957 3112 3259
5463 4 2 100 1 350 3050 2728 3175
5464 4 2 100 1 2701 2769 2346 3916
5465 4 2 100 1 1213 3029 2458 2886
5466 4 2 100 1 1240 2398 1503 3996
5467 4 2 100 1 3206 3455 2878 3552
5468 4 2 100 1 1527 2958 2493 3185
5469 4 2 100 1 2714 3111 2319 4058
5470 4 2 100 1 70 2478 69 3108
5471 4 2 100 1 876 3477 872 3995
5472 4 2 100 1 2310 3324 2808 3405
5473 4 2 100 1 3847 148 147 2084
5474 4 2 100 1 746 2771 3677 3073
5475 4 2 100 1 2992 3166 2258 3000
5476 4 2 100 1 1241 2440 757 2731
5477 4 2 100 1 2161 2603 3203 3445
5478 4 2 100 1 2091 4116 2098 2735
5479 4 2 100 1 2429 2738 2323 3471
5480 4 2 100 1 2129 2940 3466 2757
5481 4 2 100 1 2363 2210 3026 2520
5482 4 2 100 1 3764 4005 2364 1815
5483 4 2 100 1 3572 3649 2439 3725
5484 4 2 100 1 2350 2264 2924 3211
5485 4 2 100 1 3847 2097 148 2084
5486 4 2 100 1 2182 2666 3024 3789
5487 4 2 100 1 2260 2769 3232 3826
5488 4 2 100 1 2666 3994 2435 3085
5489 4 2 100 1 2309 3279 2952 3857
5490 4 2 100 1 2421 3627 2880 3968
5491 4 2 100 1 4126 3443 1906 3444
5492 4 2 100 1 1333 2452 3481 3838
5493 4 2 100 1 2302 2970 2882 3032
5494 4 2 100 1 2385 4020 2340 2135
5495 4 2 100 1 2994 3561 3446 3914
5496 4 2 100 1 2220 2732 3491 3567
5497 4 2 100 1 2111 3387 2318 3405
5498 4 2 100 1 1373 2707 1146 3354
5499 4 2 100 1 1440 2771 2570 3677
5500 4 2 100 1 397 2492 2849 439
5501 4 2 100 1 3491 3567 2732 2099
5502 4 2 100 1 3247 3840 2510 1628
5503 4 2 100 1 3226 3623 3271 76
5504 4 2 100 1 1410 3045 1148 3718
5505 4 2 100 1 312 603 3436 3762
5506 4 2 100 1 2536 3120 2246 3758
5507 4 2 100 1 2194 2352 3409 3791
5508 4 2 100 1 2157 2705 2621 3136
5509 4 2 100 1 3811 3095 2306 3094
5510 4 2 100 1 2990 3146 2415 4082
5511 4 2 100 1 3255 2807 2927 2233
5512 4 2 100 1 2231 2645 3000 3492
5513 4 2 100 1 2179 2498 3169 3624
5514 4 2 100 1 2357 2691 2978 3312
5515 4 2 100 1 2253 3490 2950 2390
5516 4 2 100 1 3412 2840 1579 3392
5517 4 2 100 1 2957 3390 2301 3480
5518 4 2 100 1 2220 2828 2430 3202
5519 4 2 100 1 1908 2494 3125 3859
5520 4 2 100 1 1720 3442 2841 3809
5521 4 2 100 1 2166 2656 2595 3421
5522 4 2 100 1 2395 2563 2935 3581
5523 4 2 100 1 2699 3386 3048 2169
5524 4 2 100 1 3128 3946 2430 2160
5525 4 2 100 1 2938 3147 2177 3202
5526 4 2 100 1 575 3006 2424 3035
5527 4 2 100 1 2750 1657 3692 1943
5528 4 2 100 1 742 3271 1230 2700
5529 4 2 100 1 143 6 4126 2087
5530 4 2 100 1 895 1250 1008 3961
5531 4 2 100 1 72 2845 571 3872
5532 4 2 100 1 1333 1071 2452 3838
5533 4 2 100 1 2224 2719 3140 3702
5534 4 2 100 1 2198 2882 2970 3032
5535 4 2 100 1 2523 3175 2984 3800
5536 4 2 100 1 2521 3397 4047 3374
5537 4 2 100 1 3163 3308 3071 3877
5538 4 2 100 1 2201 2658 2579 3146
5539 4 2 100 1 2563 3581 2395 3844
5540 4 2 100 1 2512 3024 2666 3687
5541 4 2 100 1 511 509 512 3707
5542 4 2 100 1 2381 2230 2990 2801
5543 4 2 100 1 2095 143 4126 2087
5544 4 2 100 1 1447 1123 1412 3350
5545 4 2 100 1 2436 3212 2630 3685
5546 4 2 100 1 2116 2714 3018 3535
5547 4 2 100 1 2387 3321 303 3827
5548 4 2 100 1 2476 3776 3239 2306
5549 4 2 100 1 2361 2707 2681 3391
5550 4 2 100 1 4126 6 142 4133
5551 4 2 100 1 1851 2586 2760 3374
5552 4 2 100 1 4126 2095 2087 3444
5553 4 2 100 1 2334 3781 3623 2622
5554 4 2 100 1 2978 3312 2691 3543
5555 4 2 100 1 3305 2174 2663 3220
5556 4 2 100 1 2643 1956 2546 3586
5557 4 2 100 1 1947 3556 2751 3566
5558 4 2 100 1 2155 2325 2471 2756
5559 4 2 100 1 140 2667 1551 2876
5560 4 2 100 1 4125 62 61 722
5561 4 2 100 1 1956 2643 1624 3586
5562 4 2 100 1 3911 4084 1064 2951
5563 4 2 100 1 2997 3240 3888 3871
5564 4 2 100 1 3119 558 3271 2392
5565 4 2 100 1 1317 2404 2944 3285
5566 4 2 100 1 2564 2350 3039 3274
5567 4 2 100 1 72 597 571 2845
5568 4 2 100 1 2279 2288 2767 3828
5569 4 2 100 1 2135 2450 2726 3263
5570 4 2 100 1 4125 728 62 722
5571 4 2 100 1 1523 2018 2800 2889
5572 4 2 100 1 2100 2435 3061 3488
5573 4 2 100 1 2839 3226 76 3623
5574 4 2 100 1 3500 3694 2790 2630
5575 4 2 100 1 2173 2463 2881 3127
5576 4 2 100 1 1326 2904 1000 3892
5577 4 2 100 1 1677 2340 1676 3815
5578 4 2 100 1 2867 3248 2294 3580
5579 4 2 100 1 3801 3150 3033 2952
5580 4 2 100 1 2755 2451 3440 3598
5581 4 2 100 1 2323 3250 2738 3348
5582 4 2 100 1 339 2895 2821 3321
5583 4 2 100 1 1818 2032 1951 3044
5584 4 2 100 1 3495 2235 2698 2659
5585 4 2 100 1 4125 4135 447 2774
5586 4 2 100 1 2618 2370 2933 3208
5587 4 2 100 1 683 483 671 2895
5588 4 2 100 1 2437 2318 2713 3105
5589 4 2 100 1 2181 2508 2816 2996
5590 4 2 100 1 2507 2462 3337 2102
5591 4 2 100 1 774 2429 3288 3441
5592 4 2 100 1 611 2517 375 327
5593 4 2 100 1 1720 2576 1705 3133
5594 4 2 100 1 2307 2806 2713 3241
5595 4 2 100 1 2484 3404 2159 3650
5596 4 2 100 1 2414 2626 2204 2505
5597 4 2 100 1 2630 3499 2338 3685
5598 4 2 100 1 289 2498 2785 3204
5599 4 2 100 1 2795 2829 3411 3212
5600 4 2 100 1 2456 3342 3139 3939
5601 4 2 100 1 2750 1657 1943 2070
5602 4 2 100 1 611 2517 327 326
5603 4 2 100 1 2320 2640 3339 3520
5604 4 2 100 1 4125 4135 61 447
5605 4 2 100 1 2360 2866 2573 3771
5606 4 2 100 1 1431 2442 1200 1403
5607 4 2 100 1 2340 2385 2667 3901
5608 4 2 100 1 2330 2593 2820 3196
5609 4 2 100 1 612 2431 324 3001
5610 4 2 100 1 2275 2552 2858 3768
5611 4 2 100 1 2346 3046 2486 2138
5612 4 2 100 1 2236 2530 3054 3143
5613 4 2 100 1 2476 3776 2306 2583
5614 4 2 100 1 312 311 603 3762
5615 4 2 100 1 1510 3146 3280 37
5616 4 2 100 1 2628 3689 3085 3705
5617 4 2 100 1 2940 3161 2129 3466
5618 4 2 100 1 2216 2713 2806 3241
5619 4 2 100 1 3004 2298 3089 4071
5620 4 2 100 1 3676 2805 2273 2871
5621 4 2 100 1 3209 3662 2369 2240
5622 4 2 100 1 2336 2884 2795 3327
5623 4 2 100 1 1431 2442 1403 2917
5624 4 2 100 1 3127 3158 2714 2202
5625 4 2 100 1 3667 2443 1204 2914
5626 4 2 100 1 2133 3778 2818 4049
5627 4 2 100 1 1958 2751 2360 3894
5628 4 2 100 1 1437 1510 769 2658
5629 4 2 100 1 2577 2974 2798 3607
5630 4 2 100 1 97 751 98 3097
5631 4 2 100 1 2541 3350 2439 3572
5632 4 2 100 1 2451 2755 1338 3598
5633 4 2 100 1 1289 2630 762 10
5634 4 2 100 1 2196 2471 3157 3205
5635 4 2 100 1 2367 2877 2816 3143
5636 4 2 100 1 2691 2943 2978 2157
5637 4 2 100 1 2419 3049 1430 3761
5638 4 2 100 1 722 4125 728 2774
5639 4 2 100 1 2962 3735 3620 4090
5640 4 2 100 1 4003 3160 2977 2381
5641 4 2 100 1 2663 3930 2406 4044
5642 4 2 100 1 2133 3487 2475 4049
5643 4 2 100 1 2449 2783 2226 3115
5644 4 2 100 1 2435 2297 2712 3573
5645 4 2 100 1 612 2431 3001 3717
5646 4 2 100 1 2129 2611 3338 2311
5647 4 2 100 1 2433 2903 2211 3065
5648 4 2 100 1 2213 3781 2392 3161
5649 4 2 100 1 2125 3074 3873 4045
5650 4 2 100 1 2432 1443 3002 3575
5651 4 2 100 1 2166 2627 3221 2258
5652 4 2 100 1 2072 4134 2642 1539
5653 4 2 100 1 2248 3554 3236 3663
5654 4 2 100 1 2132 2457 2497 3312
5655 4 2 100 1 857 2856 2490 3135
5656 4 2 100 1 3755 3223 2746 2172
5657 4 2 100 1 2823 3188 527 3836
5658 4 2 100 1 3386 3432 2398 4051
5659 4 2 100 1 1503 2398 3014 3996
5660 4 2 100 1 2508 2212 2877 4016
5661 4 2 100 1 2137 2375 3024 3601
5662 4 2 100 1 2991 3231 2519 2136
5663 4 2 100 1 2525 2795 2242 2127
5664 4 2 100 1 2747 3503 3218 2408
5665 4 2 100 1 2180 2675 2445 2878
5666 4 2 100 1 1338 863 869 2451
5667 4 2 100 1 2342 2526 3329 3648
5668 4 2 100 1 2865 4007 922 2703
5669 4 2 100 1 3090 1495 823 824
5670 4 2 100 1 2351 2412 3365 3651
5671 4 2 100 1 718 66 67 4124
5672 4 2 100 1 2997 3240 3871 2535
5673 4 2 100 1 3849 228 2674 2967
5674 4 2 100 1 2239 2759 2414 2927
5675 4 2 100 1 3849 228 2967 483
5676 4 2 100 1 2352 3252 2921 3490
5677 4 2 100 1 2215 2879 2349 3807
5678 4 2 100 1 2868 2520 2471 3903
5679 4 2 100 1 373 710 2517 2592
5680 4 2 100 1 2239 3846 2759 3909
5681 4 2 100 1 1356 2980 3485 3666
5682 4 2 100 1 4124 4136 175 2749
5683 4 2 100 1 1299 870 2745 3477
5684 4 2 100 1 558 2392 590 662
5685 4 2 100 1 4003 3160 2381 469
5686 4 2 100 1 2575 3573 2955 3774
5687 4 2 100 1 397 2492 439 644
5688 4 2 100 1 2297 2818 2618 3778
5689 4 2 100 1 1706 1760 1675 2939
5690 4 2 100 1 2125 2762 2366 2937
5691 4 2 100 1 3849 228 483 647
5692 4 2 100 1 2401 243 244 3244
5693 4 2 100 1 2157 2621 2752 3136
5694 4 2 100 1 3366 3030 2372 3752
5695 4 2 100 1 2358 4104 3952 2521
5696 4 2 100 1 3723 2574 2142 3416
5697 4 2 100 1 855 2490 2856 3399
5698 4 2 100 1 2173 3250 2734 3784
5699 4 2 100 1 2671 2858 2552 3768
5700 4 2 100 1 963 2538 3153 2973
5701 4 2 100 1 2186 2403 2697 3126
5702 4 2 100 1 1333 3002 2452 3602
5703 4 2 100 1 2401 244 243 703
5704 4 2 100 1 2215 2349 2879 3428
5705 4 2 100 1 2734 3250 2509 3784
5706 4 2 100 1 2214 3017 2453 3710
5707 4 2 100 1 1315 2554 1314 2826
5708 4 2 100 1 3307 924 3648 937
5709 4 2 100 1 2268 2711 3089 3149
5710 4 2 100 1 3643 2683 2138 3954
5711 4 2 100 1 2192 2772 2645 2794
5712 4 2 100 1 2714 3251 3111 4058
5713 4 2 100 1 2295 2687 2500 2812
5714 4 2 100 1 2299 2890 2695 3652
5715 4 2 100 1 820 1349 822 3548
5716 4 2 100 1 4124 4136 66 175
5717 4 2 100 1 3267 3000 3056 3542
5718 4 2 100 1 2825 2673 904 2971
5719 4 2 100 1 2682 3416 3295 2191
5720 4 2 100 1 2407 2872 2595 3246
5721 4 2 100 1 2147 3019 2586 3106
5722 4 2 100 1 2671 2453 2214 3544
5723 4 2 100 1 3849 228 647 2674
5724 4 2 100 1 2238 2878 3011 3897
5725 4 2 100 1 775 776 774 2429
5726 4 2 100 1 1858 2377 3618 2892
5727 4 2 100 1 1239 2398 3432 2850
5728 4 2 100 1 1736 2536 3263 3680
5729 4 2 100 1 2114 2659 2414 3057
5730 4 2 100 1 838 2568 2960 3325
5731 4 2 100 1 1559 1560 1558 3185
5732 4 2 100 1 1873 2385 1532 2965
5733 4 2 100 1 613 62 61 4125
5734 4 2 100 1 2154 2626 3057 3381
5735 4 2 100 1 949 979 978 3665
5736 4 2 100 1 627 2525 2790 3194
5737 4 2 100 1 552 2823 2504 3064
5738 4 2 100 1 67 191 68 4139
5739 4 2 100 1 2564 2252 2979 3274
5740 4 2 100 1 2227 2425 3006 3076
5741 4 2 100 1 581 2785 2498 3513
5742 4 2 100 1 2885 500 2483 3867
5743 4 2 100 1 2995 3440 2451 3598
5744 4 2 100 1 2532 3005 2938 2105
5745 4 2 100 1 2251 2576 2841 3619
5746 4 2 100 1 4124 731 718 3159
5747 4 2 100 1 3146 3967 2415 4082
5748 4 2 100 1 2164 3508 2474 2661
5749 4 2 100 1 3226 3271 2334 2700
5750 4 2 100 1 2115 2697 2933 3632
5751 4 2 100 1 154 155 2085 4123
5752 4 2 100 1 2510 2840 1590 3412
5753 4 2 100 1 2964 3570 1698 3901
5754 4 2 100 1 2152 2890 3359 2421
5755 4 2 100 1 2211 3555 2358 3028
5756 4 2 100 1 2414 2204 2759 3462
5757 4 2 100 1 2516 2154 2860 2973
5758 4 2 100 1 2666 3085 2435 3689
5759 4 2 100 1 2619 2183 2838 2909
5760 4 2 100 1 1557 2547 130 3177
5761 4 2 100 1 1866 1972 1534 4104
5762 4 2 100 1 2286 2587 3056 3542
5763 4 2 100 1 2100 2792 2693 3121
5764 4 2 100 1 2993 3755 2315 4000
5765 4 2 100 1 2463 2714 3535 3607
5766 4 2 100 1 445 419 2706 3117
5767 4 2 100 1 1191 2973 1014 2860
5768 4 2 100 1 2274 2460 2976 3201
5769 4 2 100 1 869 2745 871 2755
5770 4 2 100 1 560 3093 172 3268
5771 4 2 100 1 2521 3296 2274 3397
5772 4 2 100 1 2126 2772 2794 3308
5773 4 2 100 1 2208 3084 2880 3965
5774 4 2 100 1 1322 2729 4050 3533
5775 4 2 100 1 3090 1495 824 3584
5776 4 2 100 1 2459 2239 2997 2852
5777 4 2 100 1 2621 2816 2329 3854
5778 4 2 100 1 2443 2881 3574 3214
5779 4 2 100 1 2816 3289 2890 2123
5780 4 2 100 1 2784 2926 2701 3819
5781 4 2 100 1 2240 2863 2465 4088
5782 4 2 100 1 2835 3236 3540 3649
5783 4 2 100 1 3532 3909 2804 3846
5784 4 2 100 1 828 3325 2500 3453
5785 4 2 100 1 4052 2846 2480 3229
5786 4 2 100 1 1065 1381 2739 3357
5787 4 2 100 1 2297 2435 2712 3488
5788 4 2 100 1 2492 2849 2292 3630
5789 4 2 100 1 2004 148 147 3847
5790 4 2 100 1 1523 2018 99 2800
5791 4 2 100 1 2241 2450 3270 3661
5792 4 2 100 1 207 2967 2744 4017
5793 4 2 100 1 2789 3958 2236 3143
5794 4 2 100 1 2828 2945 2430 3128
5795 4 2 100 1 3373 507 3919 506
5796 4 2 100 1 2375 2182 2341 2846
5797 4 2 100 1 2413 2149 2810 3611
5798 4 2 100 1 870 871 869 2745
5799 4 2 100 1 2903 3065 1893 3341
5800 4 2 100 1 2857 1448 3396 3111
5801 4 2 100 1 446 3194 2399 3402
5802 4 2 100 1 857 2490 858 3135
5803 4 2 100 1 2666 3994 3085 2255
5804 4 2 100 1 2202 2914 2649 3010
5805 4 2 100 1 2557 3233 2629 3646
5806 4 2 100 1 3336 2963 3041 353
5807 4 2 100 1 2126 3164 2772 3820
5808 4 2 100 1 2526 3008 2312 3648
5809 4 2 100 1 684 3701 3275 3919
5810 4 2 100 1 353 636 385 2963
5811 4 2 100 1 3764 4005 1815 1833
5812 4 2 100 1 3755 3223 2172 3022
5813 4 2 100 1 2997 3240 2535 3839
5814 4 2 100 1 2210 2870 2438 3346
5815 4 2 100 1 2499 2882 2396 3956
5816 4 2 100 1 2526 2552 2158 2854
5817 4 2 100 1 2211 3148 2903 3207
5818 4 2 100 1 603 3077 2592 3436
5819 4 2 100 1 2241 3123 2840 3392
5820 4 2 100 1 4123 2088 155 2085
5821 4 2 100 1 2331 3567 3491 2099
5822 4 2 100 1 2480 3664 3229 2102
5823 4 2 100 1 2887 3390 2655 3422
5824 4 2 100 1 21 2506 3144 1304
5825 4 2 100 1 2412 2351 3139 3651
5826 4 2 100 1 827 2500 828 3325
5827 4 2 100 1 3856 3826 3232 2918
5828 4 2 100 1 2135 2536 2450 3263
5829 4 2 100 1 3263 3840 2726 1690
5830 4 2 100 1 1408 3002 1333 3602
5831 4 2 100 1 2198 2882 2499 3956
5832 4 2 100 1 3056 3355 2531 3464
5833 4 2 100 1 1699 2511 1700 3112
5834 4 2 100 1 2372 3581 2679 2106
5835 4 2 100 1 2342 3329 3098 3648
5836 4 2 100 1 2445 3011 2878 3897
5837 4 2 100 1 2233 2796 2414 2927
5838 4 2 100 1 2202 3158 2714 3010
5839 4 2 100 1 2126 2794 2772 3164
5840 4 2 100 1 181 2770 3525 458
5841 4 2 100 1 1511 3349 2810 3451
5842 4 2 100 1 2147 2586 2760 3106
5843 4 2 100 1 2443 2202 2881 3214
5844 4 2 100 1 2346 3063 2683 3600
5845 4 2 100 1 1747 1953 2013 4024
5846 4 2 100 1 2240 2625 3546 4112
5847 4 2 100 1 1600 2360 1958 3556
5848 4 2 100 1 2167 2833 2393 3124
5849 4 2 100 1 2659 2863 2796 3927
5850 4 2 100 1 2443 2293 2612 3507
5851 4 2 100 1 4133 155 6 2030
5852 4 2 100 1 1268 1413 1267 2469
5853 4 2 100 1 2221 2833 2776 3886
5854 4 2 100 1 2657 2290 3619 4109
5855 4 2 100 1 2110 2798 2463 3642
5856 4 2 100 1 261 2572 3330 263
5857 4 2 100 1 1985 2701 1797 3176
5858 4 2 100 1 1216 1213 3100 2886
5859 4 2 100 1 1419 1436 3104 3205
5860 4 2 100 1 2532 2379 4074 3005
5861 4 2 100 1 2574 2739 2481 3765
5862 4 2 100 1 2203 2391 2705 3326
5863 4 2 100 1 2137 2832 2489 2282
5864 4 2 100 1 2885 2483 500 3302
5865 4 2 100 1 4128 3 56 665
5866 4 2 100 1 870 871 2745 3477
5867 4 2 100 1 2787 3388 3092 3714
5868 4 2 100 1 2104 2582 2445 3137
5869 4 2 100 1 803 802 3066 3285
5870 4 2 100 1 2530 2594 2106 3058
5871 4 2 100 1 2300 3056 2531 3464
5872 4 2 100 1 597 2845 72 3268
5873 4 2 100 1 2223 3175 2418 3536
5874 4 2 100 1 2538 2860 2154 2973
5875 4 2 100 1 2142 2883 3092 2366
5876 4 2 100 1 2654 3119 3466 2447
5877 4 2 100 1 922 2837 4007 2865
5878 4 2 100 1 2119 3150 2997 3981
5879 4 2 100 1 2233 2796 2501 3927
5880 4 2 100 1 2180 2878 2445 3011
5881 4 2 100 1 1200 3103 2442 3178
5882 4 2 100 1 2485 3383 2518 3606
5883 4 2 100 1 2653 2220 3491 3660
5884 4 2 100 1 2523 3429 2478 3872
5885 4 2 100 1 2413 3653 3011 4010
5886 4 2 100 1 2289 2472 2707 3386
5887 4 2 100 1 140 2876 1543 2965
5888 4 2 100 1 4123 4133 2030 155
5889 4 2 100 1 2730 2992 3000 3925
5890 4 2 100 1 3699 1851 1852 2586
5891 4 2 100 1 505 3275 2608 3373
5892 4 2 100 1 799 2743 2569 3736
5893 4 2 100 1 928 2432 1443 2865
5894 4 2 100 1 3336 2963 353 2498
5895 4 2 100 1 2505 3053 2371 2184
5896 4 2 100 1 2883 2917 2276 3454
5897 4 2 100 1 2682 3295 3416 3370
5898 4 2 100 1 2166 3852 2551 3338
5899 4 2 100 1 2337 2715 2449 3786
5900 4 2 100 1 2941 3082 2921 3409
5901 4 2 100 1 3310 3086 2422 2165
5902 4 2 100 1 3083 2287 3714 2604
5903 4 2 100 1 392 2543 225 3353
5904 4 2 100 1 2085 4129 2735 2098
5905 4 2 100 1 2050 1547 97 4077
5906 4 2 100 1 2295 2672 2685 3309
5907 4 2 100 1 2459 3139 3871 3532
5908 4 2 100 1 1247 76 2839 3226
5909 4 2 100 1 2706 3221 2355 3421
5910 4 2 100 1 2006 1914 1915 2374
5911 4 2 100 1 1780 2010 2722 2460
5912 4 2 100 1 1299 2745 996 2999
5913 4 2 100 1 3877 2677 3071 2230
5914 4 2 100 1 2202 2612 2443 2881
5915 4 2 100 1 4079 2106 3054 2530
5916 4 2 100 1 1851 1853 2586 3374
5917 4 2 100 1 1759 2058 2028 4029
5918 4 2 100 1 2370 2818 2297 3488
5919 4 2 100 1 1297 2526 924 3655
5920 4 2 100 1 3312 3051 3543 2457
5921 4 2 100 1 1289 2630 10 3500
5922 4 2 100 1 2505 3381 3343 2371
5923 4 2 100 1 2852 3084 2927 2099
5924 4 2 100 1 2857 1448 3111 1275
5925 4 2 100 1 2364 3252 1817 4005
5926 4 2 100 1 831 833 1281 2986
5927 4 2 100 1 445 3222 3117 3272
5928 4 2 100 1 2435 3061 2955 2278
5929 4 2 100 1 343 402 346 2467
5930 4 2 100 1 998 2349 2879 1051
5931 4 2 100 1 2436 3334 13 3694
5932 4 2 100 1 1282 2707 3802 3995
5933 4 2 100 1 2875 3540 3236 3649
5934 4 2 100 1 2310 2808 3324 3701
5935 4 2 100 1 2126 2836 2611 3071
5936 4 2 100 1 2342 3151 3098 3329
5937 4 2 100 1 2287 2561 2792 3629
5938 4 2 100 1 4123 2085 2735 3443
5939 4 2 100 1 975 1274 2971 3172
5940 4 2 100 1 2167 2779 2487 3371
5941 4 2 100 1 2085 4129 2098 154
5942 4 2 100 1 2356 2206 3686 3240
5943 4 2 100 1 2168 2605 2547 3148
5944 4 2 100 1 2093 146 147 4122
5945 4 2 100 1 3946 2644 3128 2229
5946 4 2 100 1 2199 2782 3109 3362
5947 4 2 100 1 2445 2878 3137 3897
5948 4 2 100 1 760 2936 25 3743
5949 4 2 100 1 2238 3137 2878 3897
5950 4 2 100 1 314 3557 2942 3659
5951 4 2 100 1 4122 4134 146 1539
5952 4 2 100 1 2347 3251 2195 3461
5953 4 2 100 1 2179 3169 2498 3336
5954 4 2 100 1 205 576 236 3824
5955 4 2 100 1 2459 3139 3532 2131
5956 4 2 100 1 2194 3082 2941 3409
5957 4 2 100 1 44 193 2468 3817
5958 4 2 100 1 2920 2516 2154 2860
5959 4 2 100 1 271 2650 2728 3110
5960 4 2 100 1 2671 3710 2453 3005
5961 4 2 100 1 1936 3044 2614 3618
5962 4 2 100 1 2231 3166 2444 3509
5963 4 2 100 1 939 913 2740 3021
5964 4 2 100 1 2143 2501 2796 2863
5965 4 2 100 1 3686 3604 1054 1261
5966 4 2 100 1 406 2948 2864 3302
5967 4 2 100 1 2347 2195 3251 3804
5968 4 2 100 1 2155 2471 2868 2520
5969 4 2 100 1 996 2999 2745 3485
5970 4 2 100 1 2217 2778 2440 4094
5971 4 2 100 1 2628 3085 2435 3994
5972 4 2 100 1 3811 3095 3094 1572
5973 4 2 100 1 3947 3755 3022 2315
5974 4 2 100 1 1557 2958 2547 3177
5975 4 2 100 1 2110 2463 2734 3642
5976 4 2 100 1 2114 2717 2524 2982
5977 4 2 100 1 2109 3051 2457 3352
5978 4 2 100 1 2522 3520 3210 3985
5979 4 2 100 1 1203 95 94 3936
5980 4 2 100 1 2541 3572 2439 3725
5981 4 2 100 1 1377 3406 2822 4105
5982 4 2 100 1 2334 4011 2120 3213
5983 4 2 100 1 2484 2159 2533 3650
5984 4 2 100 1 4083 2678 2281 2777
5985 4 2 100 1 2432 3002 2191 3416
5986 4 2 100 1 2196 2932 2868 4068
5987 4 2 100 1 2363 2856 2210 2520
5988 4 2 100 1 2093 4122 147 3847
5989 4 2 100 1 2505 3057 2626 3381
5990 4 2 100 1 2557 3233 3646 3647
5991 4 2 100 1 163 3522 2468 3818
5992 4 2 100 1 2093 2642 4122 3847
5993 4 2 100 1 4110 2767 2371 2775
5994 4 2 100 1 2442 3474 2826 2209
5995 4 2 100 1 2610 2713 2318 3105
5996 4 2 100 1 98 2800 2390 3097
5997 4 2 100 1 502 195 501 3817
5998 4 2 100 1 2238 3366 3425 3752
5999 4 2 100 1 2238 2597 2527 3897
6000 4 2 100 1 775 776 2429 3471
6001 4 2 100 1 2430 2653 2220 3202
6002 4 2 100 1 2393 2167 2952 3801
6003 4 2 100 1 2453 3017 2646 3710
6004 4 2 100 1 931 933 2574 2917
6005 4 2 100 1 2880 3627 2648 3968
6006 4 2 100 1 2046 1780 3759 2460
6007 4 2 100 1 3404 3545 2544 3670
6008 4 2 100 1 3166 3000 2992 3925
6009 4 2 100 1 2117 3089 2298 4071
6010 4 2 100 1 2326 2408 2744 3595
6011 4 2 100 1 2221 2776 3483 3886
6012 4 2 100 1 2391 2621 3136 3958
6013 4 2 100 1 3532 2852 2459 2804
6014 4 2 100 1 1620 1625 1618 2961
6015 4 2 100 1 1316 1472 3474 3584
6016 4 2 100 1 2795 2829 3212 2242
6017 4 2 100 1 4122 4134 1539 2642
6018 4 2 100 1 2500 2687 2295 3325
6019 4 2 100 1 1896 3125 2426 3859
6020 4 2 100 1 2927 3315 2759 3763
6021 4 2 100 1 1333 2452 1071 3602
6022 4 2 100 1 2562 2912 2306 3123
6023 4 2 100 1 2475 3010 2133 3778
6024 4 2 100 1 2173 2738 3250 3348
6025 4 2 100 1 2475 2202 3101 3214
6026 4 2 100 1 2918 2628 2278 3994
6027 4 2 100 1 3592 3075 2411 2613
6028 4 2 100 1 1668 1861 1666 3770
6029 4 2 100 1 1108 1430 2419 3838
6030 4 2 100 1 163 2468 193 3818
6031 4 2 100 1 3253 3502 2949 2482
6032 4 2 100 1 2871 3195 2212 4016
6033 4 2 100 1 3995 2999 2361 1299
6034 4 2 100 1 3177 3523 2493 2976
6035 4 2 100 1 1930 2510 2840 1590
6036 4 2 100 1 1419 3104 2851 3205
6037 4 2 100 1 361 2431 3156 360
6038 4 2 100 1 2549 3347 2920 3546
6039 4 2 100 1 2210 2438 2870 2995
6040 4 2 100 1 732 4135 719 3516
6041 4 2 100 1 1620 1625 2961 3398
6042 4 2 100 1 60 59 4121 732
6043 4 2 100 1 2104 3425 2878 3455
6044 4 2 100 1 2617 2938 2177 3202
6045 4 2 100 1 2642 1775 2964 3570
6046 4 2 100 1 2229 2945 2828 3128
6047 4 2 100 1 2937 2811 2366 2843
6048 4 2 100 1 2795 2829 2242 2534
6049 4 2 100 1 922 2837 2865 934
6050 4 2 100 1 1511 3349 3451 3754
6051 4 2 100 1 2223 2836 2417 3071
6052 4 2 100 1 2230 2381 3163 3877
6053 4 2 100 1 2255 2519 3231 2136
6054 4 2 100 1 2111 2318 2713 3324
6055 4 2 100 1 2184 2395 2935 2679
6056 4 2 100 1 3171 3955 3402 2355
6057 4 2 100 1 2254 2449 2715 3808
6058 4 2 100 1 1157 2902 2443 3507
6059 4 2 100 1 2092 2089 2090 3970
6060 4 2 100 1 3643 3937 3792 2898
6061 4 2 100 1 1014 2860 2516 3452
6062 4 2 100 1 2101 3551 3318 2817
6063 4 2 100 1 503 2797 412 3093
6064 4 2 100 1 2113 2835 3236 3540
6065 4 2 100 1 1299 3477 2361 3995
6066 4 2 100 1 2316 3411 3518 2884
6067 4 2 100 1 4122 146 147 2011
6068 4 2 100 1 111 3527 1524 3761
6069 4 2 100 1 2464 2736 2684 4072
6070 4 2 100 1 2202 2914 3010 3101
6071 4 2 100 1 2436 2630 2790 3694
6072 4 2 100 1 61 60 700 4135
6073 4 2 100 1 2250 3112 2957 3259
6074 4 2 100 1 3544 2243 3017 2470
6075 4 2 100 1 2318 3188 3836 3904
6076 4 2 100 1 4110 2775 1451 1206
6077 4 2 100 1 369 2823 2437 3188
6078 4 2 100 1 2391 3658 2705 2621
6079 4 2 100 1 70 2478 3108 3872
6080 4 2 100 1 857 856 858 2490
6081 4 2 100 1 2155 2490 3344 3399
6082 4 2 100 1 2104 3346 2919 3950
6083 4 2 100 1 1532 3534 2385 3931
6084 4 2 100 1 2327 3245 2783 3487
6085 4 2 100 1 2423 2288 3108 2767
6086 4 2 100 1 2238 2717 2524 3934
6087 4 2 100 1 2437 2713 2318 3324
6088 4 2 100 1 2115 2933 2370 3632
6089 4 2 100 1 3874 3537 2840 3123
6090 4 2 100 1 2286 3056 2587 3355
6091 4 2 100 1 4121 4135 700 60
6092 4 2 100 1 2176 2364 2916 3832
6093 4 2 100 1 2167 2393 2833 3457
6094 4 2 100 1 965 2776 2541 3107
6095 4 2 100 1 2576 3133 2841 3619
6096 4 2 100 1 2347 3111 2714 3251
6097 4 2 100 1 1267 1265 1266 2711
6098 4 2 100 1 412 3093 2797 3669
6099 4 2 100 1 838 2568 831 2960
6100 4 2 100 1 2248 2402 3485 3663
6101 4 2 100 1 2984 3175 2523 3536
6102 4 2 100 1 809 2633 3501 3588
6103 4 2 100 1 174 4137 3516 4121
6104 4 2 100 1 1384 2404 3501 2944
6105 4 2 100 1 2203 2391 3326 3652
6106 4 2 100 1 2527 2788 2262 3181
6107 4 2 100 1 489 2485 679 3606
6108 4 2 100 1 499 610 267 3376
6109 4 2 100 1 2456 2180 3651 3342
6110 4 2 100 1 2180 2456 3116 3342
6111 4 2 100 1 2659 2796 2143 3888
6112 4 2 100 1 2292 2849 2492 3860
6113 4 2 100 1 2989 2281 3314 3437
6114 4 2 100 1 2619 3440 2736 3463
6115 4 2 100 1 2890 2695 2123 3866
6116 4 2 100 1 3275 3707 3405 2808
6117 4 2 100 1 3372 3368 86 2606
6118 4 2 100 1 2360 3182 2751 3556
6119 4 2 100 1 1943 2750 2724 3692
6120 4 2 100 1 2423 2523 3429 2563
6121 4 2 100 1 989 840 3142 3365
6122 4 2 100 1 2161 2620 3203 3319
6123 4 2 100 1 3730 1212 1249 3298
6124 4 2 100 1 2108 3347 2549 3546
6125 4 2 100 1 904 1397 2825 2971
6126 4 2 100 1 2279 2754 2400 3396
6127 4 2 100 1 2997 3150 2459 3981
6128 4 2 100 1 2271 3083 2565 3833
6129 4 2 100 1 2420 3061 2748 2224
6130 4 2 100 1 3764 4005 1833 2889
6131 4 2 100 1 261 2572 263 499
6132 4 2 100 1 1851 2760 2586 3766
6133 4 2 100 1 2796 3495 2239 3888
6134 4 2 100 1 871 2755 2745 3477
6135 4 2 100 1 2695 2890 2343 3866
6136 4 2 100 1 174 4137 4121 59
6137 4 2 100 1 4139 4124 67 191
6138 4 2 100 1 3192 3541 2232 2496
6139 4 2 100 1 2189 2744 2406 3220
6140 4 2 100 1 923 924 917 3307
6141 4 2 100 1 4120 145 144 2083
6142 4 2 100 1 2225 2654 2447 3272
6143 4 2 100 1 2516 2195 3452 3786
6144 4 2 100 1 4124 731 3159 4139
6145 4 2 100 1 1435 2810 1112 3172
6146 4 2 100 1 2144 2870 2619 2995
6147 4 2 100 1 2182 2666 2512 3024
6148 4 2 100 1 2083 144 4120 2095
6149 4 2 100 1 2819 3641 334 3675
6150 4 2 100 1 2216 2806 2713 3105
6151 4 2 100 1 2174 3230 2610 3387
6152 4 2 100 1 259 2806 260 3708
6153 4 2 100 1 2443 2902 1157 3908
6154 4 2 100 1 749 1430 3049 3761
6155 4 2 100 1 2928 2670 1175 3989
6156 4 2 100 1 393 442 663 2874
6157 4 2 100 1 2256 3357 2953 3533
6158 4 2 100 1 2456 3651 2180 2675
6159 4 2 100 1 2336 2630 3212 3499
6160 4 2 100 1 2349 3428 3074 3671
6161 4 2 100 1 751 2443 1157 3908
6162 4 2 100 1 2918 3985 2847 3856
6163 4 2 100 1 3574 2585 2719 2110
6164 4 2 100 1 2352 3082 2194 3409
6165 4 2 100 1 2310 3735 2962 4090
6166 4 2 100 1 2375 2358 3555 3019
6167 4 2 100 1 3209 3662 2240 2465
6168 4 2 100 1 2451 3821 3440 2144
6169 4 2 100 1 1213 1357 1212 3029
6170 4 2 100 1 1799 2957 3259 3514
6171 4 2 100 1 888 2830 2465 3748
6172 4 2 100 1 2450 3120 2536 3758
6173 4 2 100 1 2217 2440 3772 4094
6174 4 2 100 1 2195 2946 2513 3808
6175 4 2 100 1 2521 4047 3397 2274
6176 4 2 100 1 2368 3785 2669 3654
6177 4 2 100 1 2405 2957 1666 3770
6178 4 2 100 1 2569 3066 802 3285
6179 4 2 100 1 2544 2159 3088 3404
6180 4 2 100 1 2083 2095 4120 3444
6181 4 2 100 1 1557 1892 130 2547
6182 4 2 100 1 2619 2870 2144 3463
6183 4 2 100 1 3112 1661 3390 1662
6184 4 2 100 1 1398 2413 1274 1018
6185 4 2 100 1 1574 1572 3094 3095
6186 4 2 100 1 3015 3213 2524 3625
6187 4 2 100 1 1268 1395 1413 2469
6188 4 2 100 1 3176 3442 1767 3809
6189 4 2 100 1 2372 2789 2106 3080
6190 4 2 100 1 2216 3105 2819 3376
6191 4 2 100 1 2199 2911 2560 3066
6192 4 2 100 1 1554 79 80 3843
6193 4 2 100 1 909 3225 3971 3149
6194 4 2 100 1 2507 2462 2102 3075
6195 4 2 100 1 2728 2836 2650 2417
6196 4 2 100 1 2139 3429 2523 2563
6197 4 2 100 1 3238 2934 3717 3899
6198 4 2 100 1 2218 2787 3092 3714
6199 4 2 100 1 2645 2794 2772 3308
6200 4 2 100 1 2484 3494 2533 2159
6201 4 2 100 1 4119 4137 535 58
6202 4 2 100 1 2318 2713 2610 3387
6203 4 2 100 1 2298 2461 3089 3149
6204 4 2 100 1 1298 3107 2651 3682
6205 4 2 100 1 57 4119 58 729
6206 4 2 100 1 3320 2884 2795 2257
6207 4 2 100 1 1971 2405 3055 3228
6208 4 2 100 1 2481 3092 2787 3388
6209 4 2 100 1 2207 2553 3379 3625
6210 4 2 100 1 1129 1343 1422 2541
6211 4 2 100 1 2142 2574 2481 3092
6212 4 2 100 1 823 2382 3090 3548
6213 4 2 100 1 2298 2711 3313 3631
6214 4 2 100 1 2471 3205 2196 3903
6215 4 2 100 1 2154 2860 2538 4088
6216 4 2 100 1 3320 2884 2257 2757
6217 4 2 100 1 3730 3029 1212 3298
6218 4 2 100 1 2459 2804 2131 3532
6219 4 2 100 1 2242 2795 2790 3212
6220 4 2 100 1 184 4082 2990 4003
6221 4 2 100 1 2175 3260 2581 3427
6222 4 2 100 1 369 2437 2823 3064
6223 4 2 100 1 2334 2120 3122 3213
6224 4 2 100 1 3206 3346 2520 2919
6225 4 2 100 1 3986 4109 3020 3619
6226 4 2 100 1 2333 3198 2786 3999
6227 4 2 100 1 1930 2510 1590 1599
6228 4 2 100 1 2826 3474 2554 2209
6229 4 2 100 1 827 826 828 2500
6230 4 2 100 1 4119 4128 599 2864
6231 4 2 100 1 2532 4074 2379 2854
6232 4 2 100 1 567 2990 35 3146
6233 4 2 100 1 1825 1826 2064 2723
6234 4 2 100 1 2820 3170 2330 3196
6235 4 2 100 1 700 60 174 4121
6236 4 2 100 1 314 291 3557 3659
6237 4 2 100 1 2330 2820 2593 3596
6238 4 2 100 1 1917 139 140 2965
6239 4 2 100 1 2152 2789 3562 3012
6240 4 2 100 1 2560 3066 2911 3588
6241 4 2 100 1 2268 2461 3089 3358
6242 4 2 100 1 2125 2937 2366 3678
6243 4 2 100 1 3815 2724 2750 2340
6244 4 2 100 1 2472 2289 3031 3386
6245 4 2 100 1 3003 4034 2482 3668
6246 4 2 100 1 2336 2790 2795 3212
6247 4 2 100 1 947 3529 3254 2803
6248 4 2 100 1 1445 846 2448 2932
6249 4 2 100 1 2795 2829 2534 3411
6250 4 2 100 1 349 271 486 2650
6251 4 2 100 1 2611 3510 3043 2531
6252 4 2 100 1 2238 2524 2717 2982
6253 4 2 100 1 2588 2730 3000 2101
6254 4 2 100 1 1062 2960 878 3709
6255 4 2 100 1 2252 2961 2564 3579
6256 4 2 100 1 2426 2721 3274 2107
6257 4 2 100 1 351 2728 3175 350
6258 4 2 100 1 2377 2614 2153 2176
6259 4 2 100 1 1594 2924 2514 4085
6260 4 2 100 1 994 2516 2973 3045
6261 4 2 100 1 1213 1357 3029 2886
6262 4 2 100 1 2795 2884 2336 3212
6263 4 2 100 1 2194 3023 2791 3082
6264 4 2 100 1 1054 1378 1261 3604
6265 4 2 100 1 2491 2875 2782 3109
6266 4 2 100 1 2424 3849 2895 2188
6267 4 2 100 1 2803 3092 2218 3254
6268 4 2 100 1 826 828 2500 3279
6269 4 2 100 1 2555 2785 285 3659
6270 4 2 100 1 3859 2284 2721 2426
6271 4 2 100 1 2224 2955 2719 3702
6272 4 2 100 1 289 2498 3204 317
6273 4 2 100 1 2352 2921 3082 3409
6274 4 2 100 1 1040 3225 2474 3408
6275 4 2 100 1 2183 2909 2736 3051
6276 4 2 100 1 2759 2927 2239 3909
6277 4 2 100 1 3312 3051 2457 2497
6278 4 2 100 1 2196 3157 2932 4068
6279 4 2 100 1 4119 4137 2864 535
6280 4 2 100 1 808 2404 1317 3588
6281 4 2 100 1 2681 2913 2361 3391
6282 4 2 100 1 1203 2649 2914 3936
6283 4 2 100 1 2132 2339 3492 3224
6284 4 2 100 1 2826 3474 2442 3584
6285 4 2 100 1 4119 4128 57 599
6286 4 2 100 1 2443 2612 2293 2881
6287 4 2 100 1 2892 3459 2511 2655
6288 4 2 100 1 3152 3170 2378 3196
6289 4 2 100 1 2517 374 3114 3489
6290 4 2 100 1 124 740 4 2900
6291 4 2 100 1 2225 2757 2654 3327
6292 4 2 100 1 382 2483 2948 3302
6293 4 2 100 1 989 3174 2412 3389
6294 4 2 100 1 2166 2258 2595 3852
6295 4 2 100 1 2190 2390 2950 3973
6296 4 2 100 1 2393 2952 2167 3124
6297 4 2 100 1 820 2651 3548 3113
6298 4 2 100 1 21 2506 1304 737
6299 4 2 100 1 2407 3162 2188 3145
6300 4 2 100 1 2505 2626 2204 2441
6301 4 2 100 1 314 2942 467 3659
6302 4 2 100 1 3242 3601 2375 2137
6303 4 2 100 1 1300 3325 2687 3617
6304 4 2 100 1 3686 3604 1261 2515
6305 4 2 100 1 124 2440 2900 3769
6306 4 2 100 1 2781 3319 2552 2214
6307 4 2 100 1 2437 2806 2307 3869
6308 4 2 100 1 2336 3212 2630 2790
6309 4 2 100 1 2248 3236 2402 3663
6310 4 2 100 1 3104 3545 3404 3670
6311 4 2 100 1 1953 1968 2013 4024
6312 4 2 100 1 2915 3306 2890 3652
6313 4 2 100 1 2721 2722 2146 3523
6314 4 2 100 1 2491 2911 2875 3109
6315 4 2 100 1 2366 2937 2762 2454
6316 4 2 100 1 4118 64 63 717
6317 4 2 100 1 1971 3055 2405 3770
6318 4 2 100 1 3139 3767 3033 3871
6319 4 2 100 1 3730 3029 3298 2240
6320 4 2 100 1 2221 2776 2833 3572
6321 4 2 100 1 2237 2454 3317 2693
6322 4 2 100 1 4118 4130 162 3805
6323 4 2 100 1 3801 3150 2952 3981
6324 4 2 100 1 3129 2870 3465 2261
6325 4 2 100 1 2459 3139 2131 3033
6326 4 2 100 1 3882 3725 3371 3572
6327 4 2 100 1 1435 2602 2810 3172
6328 4 2 100 1 482 2424 2967 483
6329 4 2 100 1 1324 1126 2953 3481
6330 4 2 100 1 4118 726 64 717
6331 4 2 100 1 2840 3392 3123 3537
6332 4 2 100 1 2457 2157 2752 3136
6333 4 2 100 1 1917 1873 1532 2965
6334 4 2 100 1 4118 4130 63 162
6335 4 2 100 1 2414 2659 2114 3495
6336 4 2 100 1 2111 2713 2824 3340
6337 4 2 100 1 2804 2852 2459 3932
6338 4 2 100 1 2483 2140 3114 3899
6339 4 2 100 1 828 2500 3279 3453
6340 4 2 100 1 2091 4116 2735 4099
6341 4 2 100 1 2984 3430 2418 3536
6342 4 2 100 1 2591 3390 2887 3422
6343 4 2 100 1 2412 2985 989 3389
6344 4 2 100 1 662 2392 3093 3623
6345 4 2 100 1 2103 3169 2495 3738
6346 4 2 100 1 1616 2746 1857 3594
6347 4 2 100 1 2741 3521 2197 3826
6348 4 2 100 1 2587 2972 2285 3542
6349 4 2 100 1 2194 2723 2352 3791
6350 4 2 100 1 2273 2805 3784 2508
6351 4 2 100 1 2221 2491 2833 2911
6352 4 2 100 1 3934 3653 3011 2717
6353 4 2 100 1 2944 2205 3446 3914
6354 4 2 100 1 2217 3078 2440 2778
6355 4 2 100 1 2377 2172 2540 3459
6356 4 2 100 1 2898 3020 2486 3809
6357 4 2 100 1 709 2598 438 3156
6358 4 2 100 1 3171 3955 2355 2923
6359 4 2 100 1 2789 3958 3143 3306
6360 4 2 100 1 1333 2452 3002 3481
6361 4 2 100 1 1971 3055 1682 3228
6362 4 2 100 1 2169 2913 2681 3391
6363 4 2 100 1 2678 3225 1233 3408
6364 4 2 100 1 2796 3495 3888 2659
6365 4 2 100 1 4118 4136 549 64
6366 4 2 100 1 2166 3221 2595 2258
6367 4 2 100 1 151 150 4117 2096
6368 4 2 100 1 3478 4083 2281 2777
6369 4 2 100 1 1003 2349 1052 3668
6370 4 2 100 1 2558 2493 3523 2976
6371 4 2 100 1 3090 897 3113 2545
6372 4 2 100 1 4117 4138 1886 4099
6373 4 2 100 1 2177 2430 2653 3130
6374 4 2 100 1 1576 2562 1574 3094
6375 4 2 100 1 2096 4131 2082 4099
6376 4 2 100 1 1887 2614 1831 2841
6377 4 2 100 1 2109 2464 3326 3943
6378 4 2 100 1 625 3336 2542 3041
6379 4 2 100 1 572 27 28 3727
6380 4 2 100 1 2202 3010 2475 3101
6381 4 2 100 1 2842 3546 2625 4112
6382 4 2 100 1 2169 3351 3386 2707
6383 4 2 100 1 803 805 1317 3066
6384 4 2 100 1 2108 2641 2580 2987
6385 4 2 100 1 2140 3114 2608 3373
6386 4 2 100 1 689 422 600 3775
6387 4 2 100 1 2681 2707 2169 3391
6388 4 2 100 1 2918 3985 3856 3210
6389 4 2 100 1 2381 2942 469 3160
6390 4 2 100 1 2423 3429 2523 3872
6391 4 2 100 1 1946 1526 2004 3847
6392 4 2 100 1 2557 2141 3814 3162
6393 4 2 100 1 2380 3231 2282 3472
6394 4 2 100 1 2590 2955 2138 4015
6395 4 2 100 1 1861 2405 1666 3770
6396 4 2 100 1 2146 2616 2411 2676
6397 4 2 100 1 2011 4122 146 1539
6398 4 2 100 1 1021 2481 2951 3357
6399 4 2 100 1 2401 2249 2692 3753
6400 4 2 100 1 1829 3023 2389 3883
6401 4 2 100 1 4117 4131 1538 151
6402 4 2 100 1 2315 3022 2616 3223
6403 4 2 100 1 2505 3381 2626 3515
6404 4 2 100 1 4117 4138 150 1886
6405 4 2 100 1 2431 360 325 324
6406 4 2 100 1 1698 3815 2964 3901
6407 4 2 100 1 2141 3166 2925 3509
6408 4 2 100 1 2549 2920 2501 3546
6409 4 2 100 1 3699 1851 2586 3766
6410 4 2 100 1 2503 3100 1217 3825
6411 4 2 100 1 4116 153 152 2094
6412 4 2 100 1 2642 2000 2964 1775
6413 4 2 100 1 2122 2781 3329 3616
6414 4 2 100 1 1560 2958 2573 3878
6415 4 2 100 1 2476 3776 2583 2245
6416 4 2 100 1 460 2708 2504 3928
6417 4 2 100 1 2305 2665 3072 2817
6418 4 2 100 1 2264 2912 2562 3123
6419 4 2 100 1 1023 2738 2612 3288
6420 4 2 100 1 2427 2840 2016 2939
6421 4 2 100 1 3643 3937 2898 2486
6422 4 2 100 1 4116 2098 153 2094
6423 4 2 100 1 1371 3797 3461 3111
6424 4 2 100 1 2130 3411 2884 3518
6425 4 2 100 1 1285 2960 1286 1062
6426 4 2 100 1 2212 2508 3413 3864
6427 4 2 100 1 1898 4131 4099 4116
6428 4 2 100 1 2145 2591 2912 3760
6429 4 2 100 1 1495 3178 2382 3617
6430 4 2 100 1 1755 2647 3841 3972
6431 4 2 100 1 3003 4034 3668 1025
6432 4 2 100 1 98 99 2018 2800
6433 4 2 100 1 3021 3940 3285 4107
6434 4 2 100 1 1384 2404 2944 1317
6435 4 2 100 1 2253 2908 2390 4077
6436 4 2 100 1 2444 2772 2231 3509
6437 4 2 100 1 571 2523 3872 2845
6438 4 2 100 1 2175 2737 3260 3427
6439 4 2 100 1 1898 4131 4116 152
6440 4 2 100 1 1965 2564 2961 3579
6441 4 2 100 1 2218 2787 2481 3092
6442 4 2 100 1 3338 3577 2611 4057
6443 4 2 100 1 163 2988 2468 3522
6444 4 2 100 1 2374 2581 1863 3514
6445 4 2 100 1 44 43 193 3817
6446 4 2 100 1 2171 2974 2577 3255
6447 4 2 100 1 2104 3137 2878 3425
6448 4 2 100 1 2179 3169 2556 3624
6449 4 2 100 1 2783 3115 2449 3347
6450 4 2 100 1 2167 2779 3371 3882
6451 4 2 100 1 320 319 3064 3869
6452 4 2 100 1 2532 2854 2379 2191
6453 4 2 100 1 2549 2501 3506 3546
6454 4 2 100 1 2040 2377 1818 3618
6455 4 2 100 1 3643 2138 2683 2486
6456 4 2 100 1 2667 3570 2964 3901
6457 4 2 100 1 2746 2892 1857 3594
6458 4 2 100 1 534 2523 2677 3525
6459 4 2 100 1 39 40 180 3896
6460 4 2 100 1 1014 2516 1076 3452
6461 4 2 100 1 715 449 583 3783
6462 4 2 100 1 1248 1049 1048 2910
6463 4 2 100 1 746 2771 3073 1421
6464 4 2 100 1 2224 3637 2748 2420
6465 4 2 100 1 2525 2790 2242 2795
6466 4 2 100 1 907 2860 2538 2973
6467 4 2 100 1 2216 2713 2416 3168
6468 4 2 100 1 3373 507 506 505
6469 4 2 100 1 2206 3686 3240 2668
6470 4 2 100 1 1138 2413 1398 1018
6471 4 2 100 1 2146 2411 2976 2676
6472 4 2 100 1 2391 3658 2621 2329
6473 4 2 100 1 852 2756 1004 3399
6474 4 2 100 1 3080 3562 2789 3012
6475 4 2 100 1 1236 1511 2810 3451
6476 4 2 100 1 2175 2581 3055 2786
6477 4 2 100 1 2407 2188 3162 2859
6478 4 2 100 1 2387 3067 2718 3647
6479 4 2 100 1 2137 2669 2375 3242
6480 4 2 100 1 2391 3306 2915 3652
6481 4 2 100 1 3324 2310 3735 2962
6482 4 2 100 1 2489 2137 3439 3207
6483 4 2 100 1 823 2382 3548 3617
6484 4 2 100 1 2345 3147 2938 3202
6485 4 2 100 1 2616 2102 3075 2676
6486 4 2 100 1 2259 2783 3245 3487
6487 4 2 100 1 3772 3816 2503 3807
6488 4 2 100 1 4116 2082 4099 2091
6489 4 2 100 1 161 567 36 3146
6490 4 2 100 1 1455 2810 3283 3451
6491 4 2 100 1 3650 3670 3299 2637
6492 4 2 100 1 2280 3067 2718 2387
6493 4 2 100 1 70 570 69 3525
6494 4 2 100 1 2948 3238 611 3913
6495 4 2 100 1 1396 867 1356 3485
6496 4 2 100 1 2180 3449 2675 3651
6497 4 2 100 1 2099 2732 2577 3255
6498 4 2 100 1 3305 2174 3220 3387
6499 4 2 100 1 2346 3215 2473 3751
6500 4 2 100 1 2265 3081 2981 3328
6501 4 2 100 1 2131 2456 2675 3651
6502 4 2 100 1 2375 2358 3019 4089
6503 4 2 100 1 2349 3382 1052 3668
6504 4 2 100 1 2663 3220 4044 2406
6505 4 2 100 1 2844 3863 1164 4064
6506 4 2 100 1 2776 3700 3483 3886
6507 4 2 100 1 2242 2795 2534 3042
6508 4 2 100 1 2109 3136 2705 3352
6509 4 2 100 1 2131 2456 3139 3532
6510 4 2 100 1 4116 4129 1553 153
6511 4 2 100 1 2254 2715 2513 3808
6512 4 2 100 1 1677 1697 2340 3901
6513 4 2 100 1 2106 2789 3054 3143
6514 4 2 100 1 2304 2893 2664 3403
6515 4 2 100 1 1611 2065 1613 4060
6516 4 2 100 1 4051 3386 3314 2398
6517 4 2 100 1 2213 3122 3623 2622
6518 4 2 100 1 1687 2924 1587 3537
6519 4 2 100 1 2705 3352 3136 3543
6520 4 2 100 1 2869 3524 3415 2176
6521 4 2 100 1 2885 3156 2598 3899
6522 4 2 100 1 3263 1730 3120 2450
6523 4 2 100 1 2658 2928 2857 3583
6524 4 2 100 1 1659 3422 2655 3390
6525 4 2 100 1 1524 3527 3450 3761
6526 4 2 100 1 1217 2879 1227 1226
6527 4 2 100 1 2250 2374 2581 3427
6528 4 2 100 1 534 2677 2523 3175
6529 4 2 100 1 3823 3434 3897 2149
6530 4 2 100 1 3305 2174 3387 2696
6531 4 2 100 1 3592 3075 2613 2887
6532 4 2 100 1 2377 2172 2746 3223
6533 4 2 100 1 1323 2593 1464 2820
6534 4 2 100 1 3074 3428 2502 3671
6535 4 2 100 1 2250 2581 2374 3514
6536 4 2 100 1 1858 2377 2892 1857
6537 4 2 100 1 3756 3899 2598 3156
6538 4 2 100 1 2169 3351 2707 3802
6539 4 2 100 1 2344 2944 3561 3914
6540 4 2 100 1 462 3345 2417 4036
6541 4 2 100 1 1590 1598 1599 2510
6542 4 2 100 1 2273 2805 2508 2871
6543 4 2 100 1 3310 3086 2165 2822
6544 4 2 100 1 2767 2935 2288 3343
6545 4 2 100 1 429 2615 572 3830
6546 4 2 100 1 313 575 697 2424
6547 4 2 100 1 2794 3163 2381 3877
6548 4 2 100 1 2333 2786 3414 3999
6549 4 2 100 1 207 208 2744 2967
6550 4 2 100 1 487 2485 2761 2802
6551 4 2 100 1 259 3330 261 2542
6552 4 2 100 1 1860 2460 2071 3177
6553 4 2 100 1 2269 2382 3130 3857
6554 4 2 100 1 2616 2102 2768 3229
6555 4 2 100 1 303 2895 2387 3917
6556 4 2 100 1 2391 2203 2329 3652
6557 4 2 100 1 2111 2318 3324 3405
6558 4 2 100 1 1059 1301 950 4092
6559 4 2 100 1 3005 2453 2345 3202
6560 4 2 100 1 3003 4034 1025 3253
6561 4 2 100 1 2158 2740 2539 2983
6562 4 2 100 1 2046 2010 1780 2460
6563 4 2 100 1 899 2636 1005 3605
6564 4 2 100 1 2937 2811 2843 2193
6565 4 2 100 1 172 3093 2845 3268
6566 4 2 100 1 1070 1333 1071 3602
6567 4 2 100 1 2316 3411 2884 2257
6568 4 2 100 1 2875 3052 2402 2560
6569 4 2 100 1 899 3014 2636 3605
6570 4 2 100 1 2875 3052 3649 2402
6571 4 2 100 1 1659 2655 3422 1837
6572 4 2 100 1 3003 4034 3253 2482
6573 4 2 100 1 2990 3146 161 2770
6574 4 2 100 1 2382 2826 3090 3130
6575 4 2 100 1 2108 2549 3506 3546
6576 4 2 100 1 2190 2390 2800 3097
6577 4 2 100 1 1493 2649 3158 3667
6578 4 2 100 1 458 2770 2677 3345
6579 4 2 100 1 2805 3127 2714 3535
6580 4 2 100 1 1860 2046 2071 2460
6581 4 2 100 1 1052 2349 1051 3382
6582 4 2 100 1 2478 3280 69 3779
6583 4 2 100 1 2628 2918 3232 2197
6584 4 2 100 1 2240 2863 3209 2465
6585 4 2 100 1 1489 2612 2443 3667
6586 4 2 100 1 1831 2841 2614 3517
6587 4 2 100 1 772 2670 2579 3441
6588 4 2 100 1 2110 2463 2798 3245
6589 4 2 100 1 1526 149 4138 1886
6590 4 2 100 1 2109 3541 2464 3943
6591 4 2 100 1 665 56 4128 599
6592 4 2 100 1 3628 3493 3860 2899
6593 4 2 100 1 4063 3911 4084 1479
6594 4 2 100 1 3718 3381 2516 3045
6595 4 2 100 1 2593 1322 3533 2729
6596 4 2 100 1 1059 950 2560 4092
6597 4 2 100 1 2410 2755 875 3477
6598 4 2 100 1 2670 3288 2429 3441
6599 4 2 100 1 1895 2426 1625 4038
6600 4 2 100 1 2310 2708 2504 3735
6601 4 2 100 1 3159 4124 4139 191
6602 4 2 100 1 1095 2544 1097 3088
6603 4 2 100 1 2369 2886 3029 4115
6604 4 2 100 1 2793 3873 3074 4045
6605 4 2 100 1 2125 2528 3074 4045
6606 4 2 100 1 2493 2958 1527 3177
6607 4 2 100 1 3463 3129 2870 3724
6608 4 2 100 1 2610 3105 2318 3904
6609 4 2 100 1 3755 3223 3022 2315
6610 4 2 100 1 2160 2812 2687 2685
6611 4 2 100 1 14 3949 1379 3059
6612 4 2 100 1 2547 2274 3296 2976
6613 4 2 100 1 1379 3949 14 736
6614 4 2 100 1 1021 2481 3357 981
6615 4 2 100 1 2134 3109 2631 3446
6616 4 2 100 1 2279 2767 2288 3343
6617 4 2 100 1 2646 2811 2420 2193
6618 4 2 100 1 277 290 268 4037
6619 4 2 100 1 2168 2605 3771 3878
6620 4 2 100 1 4022 1791 1739 3039
6621 4 2 100 1 2133 3208 2618 3311
6622 4 2 100 1 2212 3413 2670 3864
6623 4 2 100 1 2301 2887 2655 3459
6624 4 2 100 1 4022 1739 1791 1785
6625 4 2 100 1 3628 3189 2396 3959
6626 4 2 100 1 1157 2443 751 3507
6627 4 2 100 1 853 851 852 2471
6628 4 2 100 1 2476 3016 1776 3120
6629 4 2 100 1 2125 3678 2528 4045
6630 4 2 100 1 461 552 648 2823
6631 4 2 100 1 449 715 358 3783
6632 4 2 100 1 2229 2945 3128 3946
6633 4 2 100 1 2152 2880 2601 3926
6634 4 2 100 1 420 3117 445 3222
6635 4 2 100 1 3091 3215 2260 3614
6636 4 2 100 1 2789 3054 2236 2496
6637 4 2 100 1 1059 2560 950 3569
6638 4 2 100 1 2945 2119 3304 3981
6639 4 2 100 1 1059 2560 3052 4092
6640 4 2 100 1 2562 2306 2912 3095
6641 4 2 100 1 1554 2053 79 3843
6642 4 2 100 1 1497 69 3280 3779
6643 4 2 100 1 57 189 58 4119
6644 4 2 100 1 2110 3237 2463 3245
6645 4 2 100 1 2259 3018 2714 3607
6646 4 2 100 1 2134 2393 2833 3124
6647 4 2 100 1 2380 2282 3231 3418
6648 4 2 100 1 2845 2423 72 3268
6649 4 2 100 1 2246 3120 2536 3680
6650 4 2 100 1 2225 2447 2627 3645
6651 4 2 100 1 143 6 2035 4126
6652 4 2 100 1 2432 2865 2191 3002
6653 4 2 100 1 3768 2469 2740 2983
6654 4 2 100 1 1102 3435 2570 3796
6655 4 2 100 1 2379 2811 2682 2956
6656 4 2 100 1 832 2568 830 2985
6657 4 2 100 1 2400 3251 2853 3515
6658 4 2 100 1 727 725 724 4041
6659 4 2 100 1 2519 2918 2847 3994
6660 4 2 100 1 461 2504 552 2823
6661 4 2 100 1 3500 3694 2630 11
6662 4 2 100 1 2262 2582 2527 3823
6663 4 2 100 1 2412 3174 989 3365
6664 4 2 100 1 2119 2952 3150 3981
6665 4 2 100 1 2620 3008 986 3203
6666 4 2 100 1 2262 2788 2582 3950
6667 4 2 100 1 1029 2620 986 3203
6668 4 2 100 1 1113 3357 1464 3533
6669 4 2 100 1 2289 3386 2707 3391
6670 4 2 100 1 1648 2427 3458 2069
6671 4 2 100 1 2375 3377 3019 3891
6672 4 2 100 1 2155 3344 2756 3399
6673 4 2 100 1 2591 3095 2912 3760
6674 4 2 100 1 1059 3052 2560 3569
6675 4 2 100 1 2924 3211 1587 3537
6676 4 2 100 1 2604 2855 2218 3083
6677 4 2 100 1 1881 1672 1883 3840
6678 4 2 100 1 2420 2634 2214 3710
6679 4 2 100 1 2201 2594 2530 3058
6680 4 2 100 1 63 62 162 4130
6681 4 2 100 1 3801 3150 3981 2459
6682 4 2 100 1 2389 2791 3023 3082
6683 4 2 100 1 320 318 319 3869
6684 4 2 100 1 3212 3499 2630 3685
6685 4 2 100 1 1515 1246 745 3978
6686 4 2 100 1 3906 998 973 3428
6687 4 2 100 1 3906 973 998 972
6688 4 2 100 1 2662 1735 3610 1695
6689 4 2 100 1 2921 3252 2364 3490
6690 4 2 100 1 2499 2882 2198 3032
6691 4 2 100 1 3596 118 2031 3564
6692 4 2 100 1 3109 3004 4071 2488
6693 4 2 100 1 3596 2031 118 117
6694 4 2 100 1 1717 1718 1761 3746
6695 4 2 100 1 1293 978 979 3665
6696 4 2 100 1 3851 1186 1187 1185
6697 4 2 100 1 2430 3128 2945 3946
6698 4 2 100 1 749 3049 1430 4006
6699 4 2 100 1 2791 3023 1828 3883
6700 4 2 100 1 3090 3113 897 819
6701 4 2 100 1 2105 2646 2811 3710
6702 4 2 100 1 2107 2613 2721 2979
6703 4 2 100 1 1600 2360 3559 3894
6704 4 2 100 1 3557 3659 291 2785
6705 4 2 100 1 2352 2916 2635 2921
6706 4 2 100 1 148 149 4138 1526
6707 4 2 100 1 3246 3852 3426 2595
6708 4 2 100 1 3851 1187 1186 3452
6709 4 2 100 1 2181 2816 3854 2996
6710 4 2 100 1 2106 3080 2789 3143
6711 4 2 100 1 2916 2921 2352 3252
6712 4 2 100 1 1086 2861 2603 3456
6713 4 2 100 1 2286 2588 2531 3043
6714 4 2 100 1 3640 456 633 3638
6715 4 2 100 1 86 768 2606 3990
6716 4 2 100 1 3640 633 456 170
6717 4 2 100 1 2182 2375 2954 3024
6718 4 2 100 1 2336 2795 2790 4054
6719 4 2 100 1 183 712 678 3383
6720 4 2 100 1 2474 4083 2661 3408
6721 4 2 100 1 2682 3837 2811 2105
6722 4 2 100 1 2513 2606 768 3990
6723 4 2 100 1 2603 2244 2332 3608
6724 4 2 100 1 2610 3230 2318 3387
6725 4 2 100 1 2153 3133 2576 3619
6726 4 2 100 1 922 2837 934 1385
6727 4 2 100 1 3325 2960 1459 3367
6728 4 2 100 1 2201 3058 2530 3593
6729 4 2 100 1 2467 2188 4044 3246
6730 4 2 100 1 974 3003 2502 3428
6731 4 2 100 1 2216 3363 2652 3728
6732 4 2 100 1 2644 3571 3946 2685
6733 4 2 100 1 2729 3533 4001 2394
6734 4 2 100 1 2229 2644 2528 3571
6735 4 2 100 1 4083 2661 3408 2702
6736 4 2 100 1 2431 360 324 3001
6737 4 2 100 1 2268 2678 2461 3358
6738 4 2 100 1 2540 3229 3664 2102
6739 4 2 100 1 2102 2507 2676 3654
6740 4 2 100 1 2211 3065 2903 3341
6741 4 2 100 1 3318 3551 2559 2817
6742 4 2 100 1 1760 2069 2034 3458
6743 4 2 100 1 1679 2405 3480 1666
6744 4 2 100 1 909 3225 3149 1485
6745 4 2 100 1 2004 147 1784 3847
6746 4 2 100 1 2299 2915 2890 3652
6747 4 2 100 1 2407 2258 3166 3385
6748 4 2 100 1 2203 2684 2477 2699
6749 4 2 100 1 3210 3339 2758 2394
6750 4 2 100 1 2436 2790 2630 3212
6751 4 2 100 1 1315 1316 1472 3474
6752 4 2 100 1 2437 3064 319 3869
6753 4 2 100 1 2348 2987 2937 3678
6754 4 2 100 1 2108 2987 2580 3266
6755 4 2 100 1 2219 3687 3121 3789
6756 4 2 100 1 3996 1478 1259 1044
6757 4 2 100 1 624 2396 25 3941
6758 4 2 100 1 2423 2288 2935 3429
6759 4 2 100 1 2306 3123 2912 3239
6760 4 2 100 1 2220 2453 2631 3526
6761 4 2 100 1 2487 3572 3371 3725
6762 4 2 100 1 2640 2237 3317 3985
6763 4 2 100 1 3996 1259 1478 3356
6764 4 2 100 1 2319 2928 3195 4058
6765 4 2 100 1 853 2471 852 3399
6766 4 2 100 1 2432 3002 1443 2865
6767 4 2 100 1 2170 2884 2757 2940
6768 4 2 100 1 512 520 684 3275
6769 4 2 100 1 2210 2520 2589 3346
6770 4 2 100 1 2364 3044 1815 3832
6771 4 2 100 1 836 989 840 3142
6772 4 2 100 1 2114 2982 2524 3462
6773 4 2 100 1 4024 1967 1749 3448
6774 4 2 100 1 1946 2004 1784 3847
6775 4 2 100 1 2779 2804 2459 3932
6776 4 2 100 1 2686 2278 2590 2224
6777 4 2 100 1 75 1247 76 2839
6778 4 2 100 1 2283 3436 3077 3762
6779 4 2 100 1 701 2492 306 2873
6780 4 2 100 1 373 710 297 2517
6781 4 2 100 1 4024 1749 1967 2013
6782 4 2 100 1 1712 3120 1876 3263
6783 4 2 100 1 2544 3282 2856 3545
6784 4 2 100 1 3954 2861 3792 2683
6785 4 2 100 1 2857 3111 3396 2400
6786 4 2 100 1 2621 2391 2816 3958
6787 4 2 100 1 3911 1064 4084 1479
6788 4 2 100 1 2505 3343 2184 2371
6789 4 2 100 1 2443 3101 2202 3214
6790 4 2 100 1 2271 2855 2604 3083
6791 4 2 100 1 1292 3301 2410 3477
6792 4 2 100 1 2347 2946 2195 3804
6793 4 2 100 1 2459 2131 2804 2779
6794 4 2 100 1 2145 2591 2887 2912
6795 4 2 100 1 2212 2928 2658 3583
6796 4 2 100 1 627 2525 3194 395
6797 4 2 100 1 2841 3020 2898 3809
6798 4 2 100 1 1051 1052 1003 2349
6799 4 2 100 1 4069 3422 2887 2655
6800 4 2 100 1 2604 2762 2218 2482
6801 4 2 100 1 2116 2714 2805 4058
6802 4 2 100 1 3206 3346 2919 2104
6803 4 2 100 1 1799 3259 2079 3514
6804 4 2 100 1 2113 3236 2875 3540
6805 4 2 100 1 1313 1314 1315 2554
6806 4 2 100 1 3954 3792 2861 2388
6807 4 2 100 1 4134 145 146 1539
6808 4 2 100 1 2877 3143 2367 4016
6809 4 2 100 1 3453 3591 2309 2568
6810 4 2 100 1 2628 2918 2197 2519
6811 4 2 100 1 3061 3131 2327 2420
6812 4 2 100 1 2772 3164 2444 3820
6813 4 2 100 1 2479 3377 3019 4089
6814 4 2 100 1 2776 2833 2354 3886
6815 4 2 100 1 1581 3392 3537 2562
6816 4 2 100 1 3758 4020 2446 2536
6817 4 2 100 1 2251 2486 3020 3809
6818 4 2 100 1 1910 2924 2564 3798
6819 4 2 100 1 488 2761 2485 3383
6820 4 2 100 1 3178 3438 2442 3584
6821 4 2 100 1 3120 3263 2536 3680
6822 4 2 100 1 3013 3895 3791 2723
6823 4 2 100 1 1551 140 1904 2667
6824 4 2 100 1 2244 2590 2332 2224
6825 4 2 100 1 1405 85 750 3368
6826 4 2 100 1 3525 3280 69 2478
6827 4 2 100 1 1200 1198 3103 3178
6828 4 2 100 1 2207 3379 2524 3625
6829 4 2 100 1 2901 2930 125 3769
6830 4 2 100 1 2391 3136 2621 2705
6831 4 2 100 1 690 178 541 3904
6832 4 2 100 1 2659 2143 2796 2863
6833 4 2 100 1 1055 3357 2951 4084
6834 4 2 100 1 3791 3895 3013 2383
6835 4 2 100 1 2320 3481 2953 3575
6836 4 2 100 1 2571 3031 2289 3386
6837 4 2 100 1 1125 1233 1485 3225
6838 4 2 100 1 1619 3039 3398 2961
6839 4 2 100 1 1975 125 2930 3769
6840 4 2 100 1 410 618 412 3093
6841 4 2 100 1 977 2707 1282 3995
6842 4 2 100 1 974 2502 3003 3406
6843 4 2 100 1 1476 1448 755 3111
6844 4 2 100 1 3246 3852 2595 2407
6845 4 2 100 1 630 3641 3890 387
6846 4 2 100 1 1818 2040 2032 2377
6847 4 2 100 1 2108 2229 2422 3793
6848 4 2 100 1 2220 3491 2945 3567
6849 4 2 100 1 2875 3052 2560 2221
6850 4 2 100 1 2513 2715 2195 3808
6851 4 2 100 1 2414 2759 2204 3763
6852 4 2 100 1 1257 3029 2886 4115
6853 4 2 100 1 2357 2943 2691 4009
6854 4 2 100 1 630 3641 387 307
6855 4 2 100 1 2491 2833 2487 3540
6856 4 2 100 1 2648 2208 2880 3965
6857 4 2 100 1 2337 2449 2715 3126
6858 4 2 100 1 3667 1204 2443 1489
6859 4 2 100 1 50 628 49 3928
6860 4 2 100 1 2534 3042 2795 2992
6861 4 2 100 1 233 2467 523 3027
6862 4 2 100 1 2516 2853 2195 3786
6863 4 2 100 1 2258 3320 2992 3510
6864 4 2 100 1 3917 522 521 239
6865 4 2 100 1 2598 2660 2140 3756
6866 4 2 100 1 1523 2800 100 3875
6867 4 2 100 1 2673 865 2971 3217
6868 4 2 100 1 3917 521 522 3233
6869 4 2 100 1 1485 3225 3149 3848
6870 4 2 100 1 869 863 868 2745
6871 4 2 100 1 424 2610 2819 3675
6872 4 2 100 1 1215 1217 3100 3825
6873 4 2 100 1 1492 1438 862 4086
6874 4 2 100 1 1163 1323 2820 3170
6875 4 2 100 1 2431 360 3001 3156
6876 4 2 100 1 1191 2973 2860 907
6877 4 2 100 1 3416 2574 3370 2432
6878 4 2 100 1 2395 3844 3581 3912
6879 4 2 100 1 2516 2195 3193 3452
6880 4 2 100 1 2398 3351 2699 3996
6881 4 2 100 1 320 3064 2959 3869
6882 4 2 100 1 2389 3300 1829 3883
6883 4 2 100 1 1508 3360 3445 1035
6884 4 2 100 1 1267 1266 1268 3313
6885 4 2 100 1 4003 3160 469 569
6886 4 2 100 1 2904 3751 1368 3063
6887 4 2 100 1 1021 2951 1055 3357
6888 4 2 100 1 3177 3296 1860 2460
6889 4 2 100 1 2390 2190 2800 3973
6890 4 2 100 1 2713 3324 2437 3340
6891 4 2 100 1 2644 3946 3571 2229
6892 4 2 100 1 2377 2540 2172 3223
6893 4 2 100 1 617 3276 3669 3890
6894 4 2 100 1 2487 3371 3681 4048
6895 4 2 100 1 1815 3044 2364 3764
6896 4 2 100 1 775 2931 2429 3441
6897 4 2 100 1 2536 2446 2647 4020
6898 4 2 100 1 2449 3115 3977 3790
6899 4 2 100 1 801 2569 799 3900
6900 4 2 100 1 2208 2421 3084 3287
6901 4 2 100 1 2341 2768 2846 3229
6902 4 2 100 1 2869 3524 2176 3223
6903 4 2 100 1 2739 3357 2953 3723
6904 4 2 100 1 2357 2978 2132 3312
6905 4 2 100 1 1754 1755 1694 3972
6906 4 2 100 1 2309 2952 3033 3150
6907 4 2 100 1 815 818 1298 3682
6908 4 2 100 1 2373 3213 3015 3625
6909 4 2 100 1 308 3321 3827 303
6910 4 2 100 1 504 433 506 3373
6911 4 2 100 1 1495 2382 3178 3584
6912 4 2 100 1 2681 3802 2707 3995
6913 4 2 100 1 2414 2796 2239 2927
6914 4 2 100 1 2247 2691 3543 3704
6915 4 2 100 1 2210 2589 2870 3346
6916 4 2 100 1 853 851 2471 3799
6917 4 2 100 1 2487 2833 2491 3457
6918 4 2 100 1 919 3248 2896 4097
6919 4 2 100 1 1039 1417 993 4110
6920 4 2 100 1 930 928 3227 3688
6921 4 2 100 1 3414 3610 3999 2786
6922 4 2 100 1 2180 3449 2720 3944
6923 4 2 100 1 2112 3155 3085 3705
6924 4 2 100 1 2178 3054 2789 2496
6925 4 2 100 1 2426 2567 2284 3047
6926 4 2 100 1 21 2506 737 3134
6927 4 2 100 1 1508 3360 1035 1182
6928 4 2 100 1 2109 2684 2736 3352
6929 4 2 100 1 2498 2187 3169 3624
6930 4 2 100 1 3034 2636 1041 3747
6931 4 2 100 1 3730 1212 2910 1047
6932 4 2 100 1 2432 3227 928 3688
6933 4 2 100 1 672 4139 191 3159
6934 4 2 100 1 1274 2971 2413 4091
6935 4 2 100 1 2520 2868 2409 3206
6936 4 2 100 1 2636 2989 3014 3437
6937 4 2 100 1 2367 2789 3080 3143
6938 4 2 100 1 2869 3524 3223 3684
6939 4 2 100 1 3669 3276 593 3050
6940 4 2 100 1 2203 2989 2636 2329
6941 4 2 100 1 2202 2914 2443 3667
6942 4 2 100 1 994 1015 1014 2516
6943 4 2 100 1 483 671 2895 3849
6944 4 2 100 1 2197 2346 3232 3046
6945 4 2 100 1 4124 67 191 531
6946 4 2 100 1 2807 2927 2233 3763
6947 4 2 100 1 779 2738 3657 778
6948 4 2 100 1 2711 3089 2298 3258
6949 4 2 100 1 2668 3686 1054 3980
6950 4 2 100 1 2201 2658 3146 3280
6951 4 2 100 1 2557 2141 3162 3647
6952 4 2 100 1 2223 2418 3430 3536
6953 4 2 100 1 2325 2448 3589 2868
6954 4 2 100 1 3713 397 345 3630
6955 4 2 100 1 1940 3112 2576 3259
6956 4 2 100 1 2158 2345 2983 2539
6957 4 2 100 1 1861 2405 1971 3228
6958 4 2 100 1 3036 3220 2416 3387
6959 4 2 100 1 2432 2739 2574 3688
6960 4 2 100 1 1800 2521 1743 3296
6961 4 2 100 1 1023 2612 2738 3507
6962 4 2 100 1 2694 3479 2584 3564
6963 4 2 100 1 2523 2845 675 3800
6964 4 2 100 1 2197 2628 2519 3155
6965 4 2 100 1 3525 3280 2478 2770
6966 4 2 100 1 2318 3105 2437 3188
6967 4 2 100 1 457 3105 293 3376
6968 4 2 100 1 3992 3162 3647 2859
6969 4 2 100 1 1805 1835 1808 3415
6970 4 2 100 1 2393 2134 2833 3744
6971 4 2 100 1 2875 3052 2221 3649
6972 4 2 100 1 2164 2678 3358 4083
6973 4 2 100 1 2142 3092 2762 2366
6974 4 2 100 1 635 463 464 4036
6975 4 2 100 1 3457 3801 2393 3932
6976 4 2 100 1 3713 345 397 348
6977 4 2 100 1 2238 3469 3030 3693
6978 4 2 100 1 2843 3678 2987 2229
6979 4 2 100 1 2673 2971 865 904
6980 4 2 100 1 3159 4124 2749 718
6981 4 2 100 1 2537 3636 3072 3690
6982 4 2 100 1 888 2465 2830 3332
6983 4 2 100 1 2132 2978 2357 3493
6984 4 2 100 1 316 306 2492 3557
6985 4 2 100 1 2903 3148 2291 3207
6986 4 2 100 1 2202 2443 2914 3101
6987 4 2 100 1 2930 3843 3621 3957
6988 4 2 100 1 2377 2746 2172 2892
6989 4 2 100 1 3979 252 2543 4080
6990 4 2 100 1 2413 2810 2149 3172
6991 4 2 100 1 2381 2192 3160 3634
6992 4 2 100 1 2229 2528 2644 3678
6993 4 2 100 1 2143 3839 3240 3888
6994 4 2 100 1 2252 2514 2564 2979
6995 4 2 100 1 782 783 3408 3812
6996 4 2 100 1 2149 2810 2602 3172
6997 4 2 100 1 2293 2702 2738 3657
6998 4 2 100 1 4020 2427 2724 2135
6999 4 2 100 1 2545 3090 897 3842
7000 4 2 100 1 2293 2738 2702 3250
7001 4 2 100 1 2310 3275 2808 3701
7002 4 2 100 1 1599 2510 1598 3247
7003 4 2 100 1 3463 2870 3129 2261
7004 4 2 100 1 2108 2641 2229 3793
7005 4 2 100 1 3199 2249 2692 2401
7006 4 2 100 1 1523 2889 2800 3369
7007 4 2 100 1 2552 2526 3329 2854
7008 4 2 100 1 2942 3557 3419 4035
7009 4 2 100 1 697 2424 575 3006
7010 4 2 100 1 1616 1857 1601 3594
7011 4 2 100 1 2104 2919 2582 3950
7012 4 2 100 1 3263 3840 1690 1730
7013 4 2 100 1 2141 2764 3162 3992
7014 4 2 100 1 3119 558 2392 590
7015 4 2 100 1 2351 3342 3139 3651
7016 4 2 100 1 2180 2717 2878 3011
7017 4 2 100 1 3236 3554 2638 3663
7018 4 2 100 1 2659 2796 2414 3927
7019 4 2 100 1 2450 2241 3118 3661
7020 4 2 100 1 369 2823 552 3064
7021 4 2 100 1 1376 817 1298 3113
7022 4 2 100 1 140 141 1543 2876
7023 4 2 100 1 3085 3155 2975 2519
7024 4 2 100 1 2792 2937 2287 3629
7025 4 2 100 1 1300 3325 1358 3367
7026 4 2 100 1 2105 2453 3005 3202
7027 4 2 100 1 685 3754 3915 1
7028 4 2 100 1 4109 3683 2657 2926
7029 4 2 100 1 1227 3816 2503 3825
7030 4 2 100 1 2256 3339 2640 3317
7031 4 2 100 1 1108 2419 3091 3838
7032 4 2 100 1 2738 2293 3657 3507
7033 4 2 100 1 2158 2345 2539 3005
7034 4 2 100 1 3263 1730 1690 1712
7035 4 2 100 1 1291 2936 2773 3037
7036 4 2 100 1 2302 2882 2499 3032
7037 4 2 100 1 2134 2631 2994 3446
7038 4 2 100 1 2304 2149 3403 2966
7039 4 2 100 1 965 2541 1045 3107
7040 4 2 100 1 4078 1020 1019 2434
7041 4 2 100 1 2528 2422 3673 2229
7042 4 2 100 1 2233 2501 2796 3793
7043 4 2 100 1 2866 1562 2573 3878
7044 4 2 100 1 2517 374 373 3114
7045 4 2 100 1 1910 1959 1594 3798
7046 4 2 100 1 2612 1489 1411 3667
7047 4 2 100 1 3354 2707 1146 3963
7048 4 2 100 1 283 2934 2592 3672
7049 4 2 100 1 2285 2972 2587 4079
7050 4 2 100 1 2866 1562 3878 1643
7051 4 2 100 1 2615 3830 3493 2357
7052 4 2 100 1 4079 2106 2530 2594
7053 4 2 100 1 2527 2238 3030 3693
7054 4 2 100 1 2287 2937 2762 3873
7055 4 2 100 1 2511 2576 2153 3133
7056 4 2 100 1 2129 3338 2627 2447
7057 4 2 100 1 336 2525 395 3194
7058 4 2 100 1 3756 2140 3496 2660
7059 4 2 100 1 2513 2946 2347 3530
7060 4 2 100 1 373 2592 2517 3114
7061 4 2 100 1 2268 2678 2474 3225
7062 4 2 100 1 1262 1258 2861 3792
7063 4 2 100 1 2638 2913 2361 3821
7064 4 2 100 1 2102 2846 2768 3229
7065 4 2 100 1 2215 2502 3074 3428
7066 4 2 100 1 1588 2924 1594 4085
7067 4 2 100 1 2208 2609 3084 3932
7068 4 2 100 1 2626 3381 2853 3515
7069 4 2 100 1 3217 2180 3944 2971
7070 4 2 100 1 3808 2783 3208 2449
7071 4 2 100 1 4078 1019 1020 1073
7072 4 2 100 1 2172 2377 2892 3459
7073 4 2 100 1 2308 2747 2425 2929
7074 4 2 100 1 2482 3502 4034 3253
7075 4 2 100 1 2386 3500 3283 4066
7076 4 2 100 1 2131 2675 2456 3552
7077 4 2 100 1 2642 2000 1775 2045
7078 4 2 100 1 3034 1041 2636 3410
7079 4 2 100 1 2146 2976 3201 2676
7080 4 2 100 1 2777 3408 783 3812
7081 4 2 100 1 2175 3414 2737 3427
7082 4 2 100 1 2389 3023 1829 3154
7083 4 2 100 1 2444 2141 3323 3509
7084 4 2 100 1 3412 1579 2840 1590
7085 4 2 100 1 2772 2794 2353 3164
7086 4 2 100 1 2582 2919 2445 3434
7087 4 2 100 1 2819 334 3641 295
7088 4 2 100 1 247 519 703 3845
7089 4 2 100 1 3642 2634 2110 2798
7090 4 2 100 1 2145 3592 2887 3075
7091 4 2 100 1 1468 1502 753 3989
7092 4 2 100 1 227 3905 692 2963
7093 4 2 100 1 2574 3227 2917 3370
7094 4 2 100 1 3198 3610 2786 3999
7095 4 2 100 1 692 3905 227 451
7096 4 2 100 1 2032 1857 1616 2746
7097 4 2 100 1 1467 1485 3149 3848
7098 4 2 100 1 2180 3942 3449 3944
7099 4 2 100 1 1408 1385 934 2837
7100 4 2 100 1 3600 761 3916 3751
7101 4 2 100 1 1754 1694 3322 3972
7102 4 2 100 1 761 3751 1201 1167
7103 4 2 100 1 2135 2510 2450 3270
7104 4 2 100 1 2116 2805 2714 3535
7105 4 2 100 1 3934 3653 2717 2207
7106 4 2 100 1 723 2774 728 3805
7107 4 2 100 1 2224 2590 2955 2278
7108 4 2 100 1 2267 2898 2841 3020
7109 4 2 100 1 2505 3515 2626 2441
7110 4 2 100 1 2166 3221 2706 3421
7111 4 2 100 1 2126 3043 2611 3186
7112 4 2 100 1 2477 3356 1260 3704
7113 4 2 100 1 1463 1205 770 3828
7114 4 2 100 1 2913 3477 3301 2681
7115 4 2 100 1 3414 3610 2786 2662
7116 4 2 100 1 313 2424 2895 3035
7117 4 2 100 1 2197 2346 3046 2701
7118 4 2 100 1 2993 3947 2494 4060
7119 4 2 100 1 4051 3314 3386 2150
7120 4 2 100 1 672 4139 68 191
7121 4 2 100 1 2194 3311 2606 3791
7122 4 2 100 1 2595 2355 3221 3421
7123 4 2 100 1 2426 3274 3047 2107
7124 4 2 100 1 2152 2578 3359 3012
7125 4 2 100 1 3788 1874 1964 2965
7126 4 2 100 1 2391 3658 2329 2203
7127 4 2 100 1 2543 254 3979 3512
7128 4 2 100 1 2391 2915 3326 3652
7129 4 2 100 1 1777 3120 3016 3679
7130 4 2 100 1 2195 2715 2513 3193
7131 4 2 100 1 1843 2002 2704 3228
7132 4 2 100 1 2438 2262 3578 4095
7133 4 2 100 1 2155 3344 2490 3550
7134 4 2 100 1 2844 3863 4064 2328
7135 4 2 100 1 2940 2129 3161 2531
7136 4 2 100 1 2217 3439 3078 2778
7137 4 2 100 1 1291 2566 760 1152
7138 4 2 100 1 2369 3209 2240 2625
7139 4 2 100 1 1509 1324 1126 2953
7140 4 2 100 1 2997 3240 3839 3888
7141 4 2 100 1 1133 1164 3190 3863
7142 4 2 100 1 2722 3759 1780 2460
7143 4 2 100 1 3 68 672 4127
7144 4 2 100 1 2911 3066 2404 3588
7145 4 2 100 1 2761 2802 2242 3334
7146 4 2 100 1 612 2431 3717 300
7147 4 2 100 1 2608 3436 2592 3620
7148 4 2 100 1 2961 1896 1610 3125
7149 4 2 100 1 1840 3095 1574 3822
7150 4 2 100 1 1054 2668 1330 3604
7151 4 2 100 1 2144 2913 2638 3821
7152 4 2 100 1 2386 2338 2688 2149
7153 4 2 100 1 1003 3428 2349 3668
7154 4 2 100 1 2664 2893 2304 3754
7155 4 2 100 1 2137 2368 3418 3024
7156 4 2 100 1 3062 3086 2369 3709
7157 4 2 100 1 1800 2521 3296 3639
7158 4 2 100 1 335 3117 2525 3402
7159 4 2 100 1 627 2525 395 3697
7160 4 2 100 1 2315 3755 2746 4000
7161 4 2 100 1 1910 1785 2066 4022
7162 4 2 100 1 2289 2571 3386 3391
7163 4 2 100 1 2279 2853 2754 3718
7164 4 2 100 1 2250 2374 3259 3514
7165 4 2 100 1 1086 1088 2603 2861
7166 4 2 100 1 3788 1964 1874 2033
7167 4 2 100 1 611 3238 388 3913
7168 4 2 100 1 2473 2686 2346 3974
7169 4 2 100 1 2205 2404 2944 3446
7170 4 2 100 1 2575 2138 2955 4015
7171 4 2 100 1 2331 2945 3491 3567
7172 4 2 100 1 4012 3279 2952 2309
7173 4 2 100 1 3642 2634 2798 3017
7174 4 2 100 1 2463 2714 3127 3535
7175 4 2 100 1 826 2500 825 3548
7176 4 2 100 1 2270 3155 2741 3521
7177 4 2 100 1 1371 3303 3461 3797
7178 4 2 100 1 388 3238 326 363
7179 4 2 100 1 2603 2161 3203 3608
7180 4 2 100 1 2357 3312 2132 3959
7181 4 2 100 1 2295 2687 2812 2685
7182 4 2 100 1 4110 2767 2775 1206
7183 4 2 100 1 2184 2395 2679 3366
7184 4 2 100 1 549 65 64 4136
7185 4 2 100 1 1717 1716 1718 3746
7186 4 2 100 1 4093 622 516 230
7187 4 2 100 1 413 2797 3638 3669
7188 4 2 100 1 2477 2596 2203 3605
7189 4 2 100 1 4093 516 622 3595
7190 4 2 100 1 2635 2916 1814 3415
7191 4 2 100 1 2143 2796 2501 3839
7192 4 2 100 1 831 830 832 2568
7193 4 2 100 1 2251 2841 2576 3442
7194 4 2 100 1 1777 1776 3016 3120
7195 4 2 100 1 296 326 297 2517
7196 4 2 100 1 1738 1803 3198 2786
7197 4 2 100 1 2152 2601 2880 3562
7198 4 2 100 1 2366 2811 2682 3837
7199 4 2 100 1 2268 3089 2461 3149
7200 4 2 100 1 2684 3528 2464 4072
7201 4 2 100 1 3198 2786 1803 3711
7202 4 2 100 1 49 48 157 3701
7203 4 2 100 1 2938 3576 2532 2105
7204 4 2 100 1 1509 1381 1114 2953
7205 4 2 100 1 2158 2740 2526 2896
7206 4 2 100 1 1489 2443 2612 3507
7207 4 2 100 1 2671 3710 3005 4074
7208 4 2 100 1 2101 2817 2730 3072
7209 4 2 100 1 1145 1365 1022 4100
7210 4 2 100 1 2230 2801 2381 3877
7211 4 2 100 1 2852 3084 2609 3932
7212 4 2 100 1 2361 2913 2681 3477
7213 4 2 100 1 2356 3086 3062 3709
7214 4 2 100 1 2695 3652 2989 3048
7215 4 2 100 1 2149 3172 2602 3434
7216 4 2 100 1 3079 3121 3687 2693
7217 4 2 100 1 1445 2932 2448 3174
7218 4 2 100 1 1808 1814 2916 3415
7219 4 2 100 1 3098 3151 2342 4002
7220 4 2 100 1 2250 2374 3427 4053
7221 4 2 100 1 1681 1684 3566 2786
7222 4 2 100 1 3330 3376 3876 2572
7223 4 2 100 1 25 2396 624 3743
7224 4 2 100 1 3808 3208 2783 2133
7225 4 2 100 1 2559 3056 2285 3551
7226 4 2 100 1 326 2517 296 3238
7227 4 2 100 1 3045 1015 2516 3718
7228 4 2 100 1 973 4105 972 3906
7229 4 2 100 1 647 421 587 3849
7230 4 2 100 1 972 4105 973 906
7231 4 2 100 1 2336 2790 2630 3500
7232 4 2 100 1 2463 3245 3237 3607
7233 4 2 100 1 144 143 1555 4132
7234 4 2 100 1 3139 3342 2351 3939
7235 4 2 100 1 3834 676 641 3194
7236 4 2 100 1 3626 4033 1651 3398
7237 4 2 100 1 2158 2740 2983 3768
7238 4 2 100 1 1246 3293 3978 3511
7239 4 2 100 1 3834 641 676 365
7240 4 2 100 1 809 3501 808 3588
7241 4 2 100 1 4036 3486 3877 2417
7242 4 2 100 1 2211 2605 2547 3341
7243 4 2 100 1 3650 3670 2637 3404
7244 4 2 100 1 1828 3023 2791 4043
7245 4 2 100 1 618 410 693 2845
7246 4 2 100 1 1743 2521 2056 3374
7247 4 2 100 1 1213 1215 3100 2906
7248 4 2 100 1 863 867 868 3087
7249 4 2 100 1 863 3087 2451 4086
7250 4 2 100 1 888 887 886 2465
7251 4 2 100 1 2457 3224 2232 2339
7252 4 2 100 1 1456 2691 2766 3395
7253 4 2 100 1 339 2821 340 3321
7254 4 2 100 1 3018 3806 3804 2549
7255 4 2 100 1 217 3726 2747 4103
7256 4 2 100 1 2754 2853 2400 3251
7257 4 2 100 1 4036 3877 3486 2801
7258 4 2 100 1 2948 611 3238 2517
7259 4 2 100 1 2233 2807 2626 3018
7260 4 2 100 1 2534 2384 3829 2992
7261 4 2 100 1 2642 2964 1783 3216
7262 4 2 100 1 2679 2441 3080 4016
7263 4 2 100 1 2822 3086 2356 3709
7264 4 2 100 1 767 2914 1493 3667
7265 4 2 100 1 1882 1881 1883 3840
7266 4 2 100 1 2378 2787 2121 3196
7267 4 2 100 1 2369 3086 2822 3709
7268 4 2 100 1 2450 2536 2135 3758
7269 4 2 100 1 2471 2155 2756 3399
7270 4 2 100 1 2302 3646 2499 3775
7271 4 2 100 1 1108 1430 1393 2419
7272 4 2 100 1 1406 1082 1423 3921
7273 4 2 100 1 3452 1050 3991 3851
7274 4 2 100 1 4106 3439 3601 2778
7275 4 2 100 1 2252 2514 2979 3755
7276 4 2 100 1 2143 2501 3209 3839
7277 4 2 100 1 3452 1050 3851 1187
7278 4 2 100 1 2147 2521 4047 3374
7279 4 2 100 1 2990 161 3146 567
7280 4 2 100 1 2253 3936 2908 4077
7281 4 2 100 1 2251 2784 2701 3176
7282 4 2 100 1 1760 2016 2427 3458
7283 4 2 100 1 2788 2527 3137 3752
7284 4 2 100 1 703 2401 244 3845
7285 4 2 100 1 3679 1778 2037 3016
7286 4 2 100 1 585 2934 3238 296
7287 4 2 100 1 1619 3039 2961 1909
7288 4 2 100 1 3679 2037 1778 1779
7289 4 2 100 1 2192 2381 2794 3634
7290 4 2 100 1 4005 2800 2018 2889
7291 4 2 100 1 369 319 655 2437
7292 4 2 100 1 1443 928 1450 2432
7293 4 2 100 1 2422 2165 3086 3571
7294 4 2 100 1 2723 3782 1826 3023
7295 4 2 100 1 386 423 334 3675
7296 4 2 100 1 2738 3288 2429 3864
7297 4 2 100 1 96 4077 1927 3936
7298 4 2 100 1 1489 2612 1156 3507
7299 4 2 100 1 1682 3055 2751 3228
7300 4 2 100 1 2298 2711 2469 3313
7301 4 2 100 1 2452 2260 2522 3210
7302 4 2 100 1 3325 1459 2960 838
7303 4 2 100 1 2288 2857 3828 2279
7304 4 2 100 1 2949 3502 2276 2482
7305 4 2 100 1 354 2598 2660 3831
7306 4 2 100 1 2473 3151 3098 4002
7307 4 2 100 1 360 362 324 3001
7308 4 2 100 1 2325 2541 2756 3725
7309 4 2 100 1 2403 2809 2186 2906
7310 4 2 100 1 1824 1822 2023 4096
7311 4 2 100 1 2796 3495 2659 2414
7312 4 2 100 1 2537 3072 2305 3690
7313 4 2 100 1 1927 4077 96 1547
7314 4 2 100 1 2546 3201 3265 3881
7315 4 2 100 1 2340 2529 1676 3815
7316 4 2 100 1 2562 3211 3123 3537
7317 4 2 100 1 863 862 3087 4086
7318 4 2 100 1 3881 3265 3745 2272
7319 4 2 100 1 1904 2667 139 3534
7320 4 2 100 1 4101 3190 2328 3081
7321 4 2 100 1 1095 1134 1097 2544
7322 4 2 100 1 2216 3376 2572 3876
7323 4 2 100 1 2452 2522 2260 3151
7324 4 2 100 1 2214 2671 2552 4074
7325 4 2 100 1 1687 2924 3537 4022
7326 4 2 100 1 1814 2916 2635 3782
7327 4 2 100 1 2851 3104 1419 4078
7328 4 2 100 1 830 2985 2568 3453
7329 4 2 100 1 2631 3109 2134 3286
7330 4 2 100 1 2941 2341 2600 2182
7331 4 2 100 1 757 2440 123 2831
7332 4 2 100 1 2825 2971 1397 4091
7333 4 2 100 1 2593 2820 1323 3596
7334 4 2 100 1 2697 3208 2933 3632
7335 4 2 100 1 2039 2727 3078 3102
7336 4 2 100 1 2248 2980 2402 3649
7337 4 2 100 1 2172 2887 2613 3075
7338 4 2 100 1 722 728 723 2774
7339 4 2 100 1 94 3013 2649 3936
7340 4 2 100 1 779 2738 778 777
7341 4 2 100 1 1825 2723 1926 3013
7342 4 2 100 1 2158 2539 2740 2896
7343 4 2 100 1 2471 2155 3399 2520
7344 4 2 100 1 2993 3069 3755 4000
7345 4 2 100 1 3881 3745 3265 2643
7346 4 2 100 1 2101 2665 3551 2817
7347 4 2 100 1 2170 3119 2664 3781
7348 4 2 100 1 2221 2633 2560 2911
7349 4 2 100 1 1443 2432 1450 3575
7350 4 2 100 1 2215 2458 3183 2625
7351 4 2 100 1 3339 4001 3317 2256
7352 4 2 100 1 1736 1875 2536 3680
7353 4 2 100 1 3317 4001 2136 2624
7354 4 2 100 1 2790 2795 2525 4054
7355 4 2 100 1 2382 2826 3130 3438
7356 4 2 100 1 2990 2415 4003 4082
7357 4 2 100 1 1910 2564 2066 3798
7358 4 2 100 1 1485 909 1467 3149
7359 4 2 100 1 3018 3806 2259 3804
7360 4 2 100 1 2203 2705 2684 3326
7361 4 2 100 1 2618 3208 2933 3311
7362 4 2 100 1 536 2864 406 2948
7363 4 2 100 1 1248 1048 2809 2910
7364 4 2 100 1 2484 3088 3494 2159
7365 4 2 100 1 1326 1057 1368 2473
7366 4 2 100 1 2255 2847 2693 2100
7367 4 2 100 1 177 639 47 3836
7368 4 2 100 1 3282 4086 1362 2742
7369 4 2 100 1 685 3754 1 7
7370 4 2 100 1 259 256 3512 3708
7371 4 2 100 1 1373 1140 1063 2707
7372 4 2 100 1 1829 3023 1827 3154
7373 4 2 100 1 86 2606 3368 3990
7374 4 2 100 1 2440 3078 2217 3769
7375 4 2 100 1 2509 3519 2734 3784
7376 4 2 100 1 2477 2699 2322 3884
7377 4 2 100 1 1429 3360 2474 3445
7378 4 2 100 1 1362 4086 3282 1438
7379 4 2 100 1 2915 3326 2464 3943
7380 4 2 100 1 2286 2531 3056 3355
7381 4 2 100 1 2516 2754 2853 3718
7382 4 2 100 1 225 2543 3244 3353
7383 4 2 100 1 2326 3305 3220 3387
7384 4 2 100 1 1092 1369 1109 3733
7385 4 2 100 1 2403 2906 2186 3256
7386 4 2 100 1 520 684 3275 3919
7387 4 2 100 1 3816 3772 3825 2900
7388 4 2 100 1 1803 2057 1944 3711
7389 4 2 100 1 2506 2198 3134 3144
7390 4 2 100 1 2330 3170 3152 3196
7391 4 2 100 1 2852 2927 2331 2099
7392 4 2 100 1 2538 2860 907 3730
7393 4 2 100 1 3430 3071 2531 2611
7394 4 2 100 1 2268 3089 2711 3258
7395 4 2 100 1 2383 3013 2649 4026
7396 4 2 100 1 2343 2421 2827 3287
7397 4 2 100 1 2184 2395 3366 3015
7398 4 2 100 1 2184 2935 2767 3343
7399 4 2 100 1 2203 3326 3048 3652
7400 4 2 100 1 2682 2956 2811 2454
7401 4 2 100 1 1445 848 846 2932
7402 4 2 100 1 1870 3068 2567 3197
7403 4 2 100 1 2624 3231 2991 2136
7404 4 2 100 1 2102 2507 3075 2676
7405 4 2 100 1 3357 4084 1334 2820
7406 4 2 100 1 951 2803 3254 3582
7407 4 2 100 1 2252 3125 2961 3579
7408 4 2 100 1 3000 3267 2339 3542
7409 4 2 100 1 2187 2376 2873 3560
7410 4 2 100 1 1334 4084 3357 1055
7411 4 2 100 1 1395 2469 1268 3313
7412 4 2 100 1 1512 1183 2566 3134
7413 4 2 100 1 3217 3944 2180 2720
7414 4 2 100 1 2345 2220 2631 2653
7415 4 2 100 1 4003 3160 569 2977
7416 4 2 100 1 2580 2798 3017 2171
7417 4 2 100 1 1733 2724 2061 2750
7418 4 2 100 1 1390 942 3248 3580
7419 4 2 100 1 2981 3081 2265 3907
7420 4 2 100 1 527 3701 2823 3836
7421 4 2 100 1 2325 2448 2868 2932
7422 4 2 100 1 2529 2724 2427 3987
7423 4 2 100 1 2194 2618 3311 3791
7424 4 2 100 1 2129 3510 2611 2531
7425 4 2 100 1 2443 3574 2881 2293
7426 4 2 100 1 1599 2939 2510 3247
7427 4 2 100 1 3430 3071 2611 2223
7428 4 2 100 1 2208 2487 2779 3681
7429 4 2 100 1 554 8 9 4066
7430 4 2 100 1 2238 2878 2717 3011
7431 4 2 100 1 555 3500 2790 3697
7432 4 2 100 1 1032 3203 1272 3456
7433 4 2 100 1 1530 1856 1845 4043
7434 4 2 100 1 3550 4048 2835 2589
7435 4 2 100 1 3053 3462 2524 2184
7436 4 2 100 1 580 2650 349 486
7437 4 2 100 1 1514 2324 3406 3003
7438 4 2 100 1 2381 469 2942 2801
7439 4 2 100 1 2016 1760 2427 2939
7440 4 2 100 1 4121 4135 3516 700
7441 4 2 100 1 2608 3373 3275 3919
7442 4 2 100 1 3685 3212 3235 2436
7443 4 2 100 1 2580 3017 2798 2634
7444 4 2 100 1 2179 2556 3169 3363
7445 4 2 100 1 2951 981 2481 1021
7446 4 2 100 1 3468 3503 3762 2408
7447 4 2 100 1 2423 3696 2935 2767
7448 4 2 100 1 4030 2937 2454 2792
7449 4 2 100 1 2257 2884 2795 3411
7450 4 2 100 1 2701 2784 1797 3176
7451 4 2 100 1 3293 83 1536 2968
7452 4 2 100 1 2134 2833 2491 2911
7453 4 2 100 1 1348 2905 1010 3091
7454 4 2 100 1 811 814 813 3700
7455 4 2 100 1 3293 1536 83 1925
7456 4 2 100 1 2942 3557 2353 3659
7457 4 2 100 1 2479 3019 3621 4089
7458 4 2 100 1 4069 3459 2655 2887
7459 4 2 100 1 2134 2393 2653 3286
7460 4 2 100 1 3997 3849 2967 2424
7461 4 2 100 1 2404 3066 2911 4042
7462 4 2 100 1 2167 2393 3457 3801
7463 4 2 100 1 2257 2757 2884 2940
7464 4 2 100 1 2106 2679 3080 4016
7465 4 2 100 1 2435 2100 2666 3488
7466 4 2 100 1 2276 3092 2883 2366
7467 4 2 100 1 2628 3155 2926 3705
7468 4 2 100 1 3363 2216 2416 3728
7469 4 2 100 1 3735 3064 2504 3324
7470 4 2 100 1 3320 2884 2757 3327
7471 4 2 100 1 2716 3472 3999 2282
7472 4 2 100 1 3952 2358 3028 2211
7473 4 2 100 1 2398 1240 3351 3996
7474 4 2 100 1 2199 2911 3066 4042
7475 4 2 100 1 1455 1435 1290 3283
7476 4 2 100 1 60 59 174 4121
7477 4 2 100 1 2239 2414 2759 3495
7478 4 2 100 1 3859 2284 2426 3068
7479 4 2 100 1 2245 2573 2583 3273
7480 4 2 100 1 3877 2677 2230 3345
7481 4 2 100 1 2426 3047 3274 3553
7482 4 2 100 1 2254 2715 2449 3126
7483 4 2 100 1 1951 2032 2075 2869
7484 4 2 100 1 319 2437 369 3064
7485 4 2 100 1 2489 2282 2832 4061
7486 4 2 100 1 3539 654 530 3951
7487 4 2 100 1 2584 3479 1988 3564
7488 4 2 100 1 2469 3258 2711 2298
7489 4 2 100 1 557 556 699 3805
7490 4 2 100 1 2287 2937 2792 2454
7491 4 2 100 1 1958 2751 1947 3556
7492 4 2 100 1 3539 530 654 608
7493 4 2 100 1 1887 2614 2841 3133
7494 4 2 100 1 382 2483 3302 432
7495 4 2 100 1 3246 3852 2407 3145
7496 4 2 100 1 1263 2861 1258 3070
7497 4 2 100 1 2149 3011 2413 3942
7498 4 2 100 1 1845 2791 1828 3883
7499 4 2 100 1 3672 3496 2934 2548
7500 4 2 100 1 888 2465 886 3748
7501 4 2 100 1 2340 2385 2135 2359
7502 4 2 100 1 2576 3112 2250 3259
7503 4 2 100 1 2238 3030 3366 3752
7504 4 2 100 1 1121 1397 1398 4091
7505 4 2 100 1 2385 2647 2536 3534
7506 4 2 100 1 897 3113 2545 3889
7507 4 2 100 1 2264 2591 2887 3422
7508 4 2 100 1 1887 1937 1831 2614
7509 4 2 100 1 2121 3152 2378 3196
7510 4 2 100 1 590 662 2392 3538
7511 4 2 100 1 2194 2352 3023 3082
7512 4 2 100 1 2009 1676 1697 3322
7513 4 2 100 1 2154 2920 2860 4088
7514 4 2 100 1 2622 3161 2940 3466
7515 4 2 100 1 2741 2197 3521 3155
7516 4 2 100 1 2884 3212 2795 3411
7517 4 2 100 1 801 802 2569 3066
7518 4 2 100 1 2214 2634 2585 3017
7519 4 2 100 1 2256 2640 3388 3317
7520 4 2 100 1 2369 2240 3029 2625
7521 4 2 100 1 2145 2912 3505 3760
7522 4 2 100 1 2230 3163 2381 4055
7523 4 2 100 1 3004 3089 2397 2922
7524 4 2 100 1 2317 2637 3278 3299
7525 4 2 100 1 1346 1439 969 3862
7526 4 2 100 1 2876 1999 2735 3443
7527 4 2 100 1 1429 1040 2474 3360
7528 4 2 100 1 2713 3036 2416 3387
7529 4 2 100 1 1720 1705 1702 3133
7530 4 2 100 1 1139 2472 3351 1140
7531 4 2 100 1 2125 2482 2762 2604
7532 4 2 100 1 2490 3399 2155 2520
7533 4 2 100 1 2216 2713 2610 3105
7534 4 2 100 1 2275 3008 2526 3655
7535 4 2 100 1 2328 3243 2570 3435
7536 4 2 100 1 2386 2630 2338 3283
7537 4 2 100 1 1648 1791 2069 3458
7538 4 2 100 1 4045 2862 2215 2793
7539 4 2 100 1 3758 4020 2536 2135
7540 4 2 100 1 379 2608 3114 3373
7541 4 2 100 1 1679 2405 1666 1861
7542 4 2 100 1 853 2471 3399 3799
7543 4 2 100 1 3283 3500 1289 4066
7544 4 2 100 1 2537 3032 2148 3547
7545 4 2 100 1 3886 2969 3700 2633
7546 4 2 100 1 2121 2787 2378 3083
7547 4 2 100 1 2283 3620 3436 4090
7548 4 2 100 1 1097 3088 2544 3417
7549 4 2 100 1 2806 293 3105 3376
7550 4 2 100 1 3045 1015 3718 1410
7551 4 2 100 1 2574 2917 933 3582
7552 4 2 100 1 2445 2675 2180 3449
7553 4 2 100 1 3251 3515 2400 4058
7554 4 2 100 1 2515 2668 3240 3686
7555 4 2 100 1 1651 4033 2529 1916
7556 4 2 100 1 4124 66 67 531
7557 4 2 100 1 2159 3404 2544 3670
7558 4 2 100 1 3177 1527 1557 2958
7559 4 2 100 1 2139 2523 2478 3234
7560 4 2 100 1 2372 2601 3425 3752
7561 4 2 100 1 2138 2486 3020 3046
7562 4 2 100 1 2225 2627 2447 2757
7563 4 2 100 1 458 651 565 2770
7564 4 2 100 1 55 4128 4127 3159
7565 4 2 100 1 1305 3248 919 4097
7566 4 2 100 1 3513 385 2963 2498
7567 4 2 100 1 3886 3700 2969 2354
7568 4 2 100 1 1040 1233 3225 3408
7569 4 2 100 1 2462 2250 2737 3264
7570 4 2 100 1 429 572 2615 431
7571 4 2 100 1 2181 2429 2931 3441
7572 4 2 100 1 952 2803 3502 4034
7573 4 2 100 1 2130 3499 3212 3685
7574 4 2 100 1 2161 3319 3203 3608
7575 4 2 100 1 4005 2050 4077 1976
7576 4 2 100 1 429 2849 2615 3830
7577 4 2 100 1 3461 3797 2347 3111
7578 4 2 100 1 2425 2227 3006 3420
7579 4 2 100 1 1140 1063 2707 3351
7580 4 2 100 1 571 2523 166 3872
7581 4 2 100 1 2781 3329 2312 3380
7582 4 2 100 1 2709 2561 2219 4094
7583 4 2 100 1 2649 2914 2202 3667
7584 4 2 100 1 1452 3596 1323 3170
7585 4 2 100 1 2628 2918 2519 3994
7586 4 2 100 1 2340 2667 2385 2359
7587 4 2 100 1 3253 952 1325 3502
7588 4 2 100 1 782 3408 2702 3812
7589 4 2 100 1 2264 2887 2591 2912
7590 4 2 100 1 2276 2917 2574 3582
7591 4 2 100 1 2449 3977 3115 2226
7592 4 2 100 1 2125 2949 2644 2366
7593 4 2 100 1 2540 2462 3264 3459
7594 4 2 100 1 2807 3315 2927 3763
7595 4 2 100 1 2162 2593 2729 3333
7596 4 2 100 1 2203 3410 2596 3658
7597 4 2 100 1 289 2498 317 581
7598 4 2 100 1 4005 2050 1976 1834
7599 4 2 100 1 4025 266 272 3110
7600 4 2 100 1 389 709 438 3156
7601 4 2 100 1 2312 3319 2781 3608
7602 4 2 100 1 2321 3072 2537 3636
7603 4 2 100 1 2248 2402 2980 3485
7604 4 2 100 1 2684 3326 2464 3528
7605 4 2 100 1 1382 3070 2800 3908
7606 4 2 100 1 2669 3148 2211 3207
7607 4 2 100 1 2875 3236 2402 3649
7608 4 2 100 1 4025 272 266 594
7609 4 2 100 1 361 2431 360 325
7610 4 2 100 1 826 825 822 3548
7611 4 2 100 1 1435 1112 1016 3172
7612 4 2 100 1 2186 2809 2403 3126
7613 4 2 100 1 3606 4018 3393 2518
7614 4 2 100 1 2407 3145 2188 3246
7615 4 2 100 1 581 3513 310 2785
7616 4 2 100 1 3606 3393 4018 2265
7617 4 2 100 1 2288 3343 3583 2279
7618 4 2 100 1 421 402 343 2467
7619 4 2 100 1 733 109 3375 3614
7620 4 2 100 1 2160 2687 2639 2685
7621 4 2 100 1 2198 3144 2506 3907
7622 4 2 100 1 2434 3172 976 3944
7623 4 2 100 1 1495 3178 3617 834
7624 4 2 100 1 785 2678 2777 3470
7625 4 2 100 1 179 2885 500 3302
7626 4 2 100 1 3974 2683 2346 3063
7627 4 2 100 1 438 2598 2885 3156
7628 4 2 100 1 2891 3771 2168 3920
7629 4 2 100 1 3501 2633 812 2969
7630 4 2 100 1 2716 2975 2112 4102
7631 4 2 100 1 3397 4047 3201 2274
7632 4 2 100 1 1983 2486 105 3176
7633 4 2 100 1 2177 3130 2826 3438
7634 4 2 100 1 2107 3592 2558 2411
7635 4 2 100 1 1544 1866 127 3924
7636 4 2 100 1 2189 2744 2408 3218
7637 4 2 100 1 3412 1577 1579 1584
7638 4 2 100 1 1666 2957 2405 3480
7639 4 2 100 1 3464 3844 2559 3912
7640 4 2 100 1 3412 1579 1577 3392
7641 4 2 100 1 2351 2412 3142 3365
7642 4 2 100 1 2474 4083 3408 2678
7643 4 2 100 1 2618 2933 2194 3311
7644 4 2 100 1 3116 3846 2456 2717
7645 4 2 100 1 2584 2282 2694 3472
7646 4 2 100 1 1236 1511 1138 2810
7647 4 2 100 1 369 2437 655 3188
7648 4 2 100 1 2564 3039 2961 3274
7649 4 2 100 1 3512 3041 625 2542
7650 4 2 100 1 2130 2338 3685 2888
7651 4 2 100 1 2442 3474 1200 3584
7652 4 2 100 1 2379 2811 2956 3880
7653 4 2 100 1 3593 3613 2579 2658
7654 4 2 100 1 888 1250 2830 3748
7655 4 2 100 1 2857 1448 1275 1462
7656 4 2 100 1 2869 3524 3684 3415
7657 4 2 100 1 3246 3852 3145 3426
7658 4 2 100 1 3166 3385 2258 3820
7659 4 2 100 1 463 696 464 4036
7660 4 2 100 1 2136 3339 3210 2394
7661 4 2 100 1 3363 2416 2216 3241
7662 4 2 100 1 2108 2422 3546 3793
7663 4 2 100 1 3699 1550 3293 2479
7664 4 2 100 1 3095 3505 2912 3760
7665 4 2 100 1 3177 3523 2976 2460
7666 4 2 100 1 2142 3388 2481 3723
7667 4 2 100 1 2190 2950 2575 3973
7668 4 2 100 1 2883 2917 2209 3370
7669 4 2 100 1 3847 1526 148 4138
7670 4 2 100 1 2582 3299 2919 3434
7671 4 2 100 1 2642 2000 2045 1783
7672 4 2 100 1 1837 1659 2655 1934
7673 4 2 100 1 2254 2449 2697 3126
7674 4 2 100 1 2524 3366 3015 2184
7675 4 2 100 1 351 2677 404 3175
7676 4 2 100 1 2861 1161 1262 2683
7677 4 2 100 1 1391 1255 1120 2825
7678 4 2 100 1 1216 1213 1215 3100
7679 4 2 100 1 1557 1877 1892 2958
7680 4 2 100 1 2474 3225 2678 3408
7681 4 2 100 1 2620 3203 1029 3445
7682 4 2 100 1 4016 2530 3058 2877
7683 4 2 100 1 529 579 530 3951
7684 4 2 100 1 2490 3087 858 3135
7685 4 2 100 1 2928 1175 2670 3613
7686 4 2 100 1 2456 2698 2235 3939
7687 4 2 100 1 292 581 310 2785
7688 4 2 100 1 3209 3662 2465 3780
7689 4 2 100 1 4010 3213 3934 2597
7690 4 2 100 1 2304 3611 2149 2966
7691 4 2 100 1 1263 1209 1088 4031
7692 4 2 100 1 2148 3383 2485 3716
7693 4 2 100 1 2118 3081 2981 3907
7694 4 2 100 1 233 714 2467 3787
7695 4 2 100 1 482 2424 483 484
7696 4 2 100 1 785 2678 1252 2777
7697 4 2 100 1 2189 2416 3220 2550
7698 4 2 100 1 1313 2815 2554 3580
7699 4 2 100 1 603 694 543 2592
7700 4 2 100 1 2513 2606 2383 3303
7701 4 2 100 1 183 489 679 3606
7702 4 2 100 1 2433 2211 2903 3207
7703 4 2 100 1 3532 3909 3846 2239
7704 4 2 100 1 1065 3357 2739 3765
7705 4 2 100 1 2579 2670 1173 3613
7706 4 2 100 1 2685 3261 2644 3571
7707 4 2 100 1 2449 2254 3208 3808
7708 4 2 100 1 4010 3934 3213 2207
7709 4 2 100 1 908 1338 869 2755
7710 4 2 100 1 2915 2789 2496 3129
7711 4 2 100 1 2254 2697 2449 3208
7712 4 2 100 1 3756 3899 3156 2431
7713 4 2 100 1 2110 2734 2463 2881
7714 4 2 100 1 1200 3178 2442 3584
7715 4 2 100 1 2566 2936 760 3743
7716 4 2 100 1 2116 3515 3251 4058
7717 4 2 100 1 1588 3615 2924 4085
7718 4 2 100 1 1569 1954 1571 3811
7719 4 2 100 1 2211 2605 2903 3148
7720 4 2 100 1 2757 2884 2170 3327
7721 4 2 100 1 2456 3139 2698 3939
7722 4 2 100 1 3330 3876 3376 2542
7723 4 2 100 1 2853 3381 2279 3515
7724 4 2 100 1 3116 3846 3495 2456
7725 4 2 100 1 2747 3006 3076 3712
7726 4 2 100 1 2159 3026 2582 3670
7727 4 2 100 1 2119 3304 2535 3742
7728 4 2 100 1 2437 3064 2959 3340
7729 4 2 100 1 3056 3267 2285 3551
7730 4 2 100 1 2117 2671 2983 3768
7731 4 2 100 1 3891 2479 3377 3019
7732 4 2 100 1 2298 3089 2461 3568
7733 4 2 100 1 500 2885 53 3867
7734 4 2 100 1 1857 2032 2040 2377
7735 4 2 100 1 2577 2807 2273 3315
7736 4 2 100 1 2138 3020 2486 3643
7737 4 2 100 1 2109 2684 2705 3326
7738 4 2 100 1 2179 3169 3876 3363
7739 4 2 100 1 2364 2921 2916 3252
7740 4 2 100 1 2143 2501 2863 3209
7741 4 2 100 1 1600 1958 2360 3894
7742 4 2 100 1 1623 2643 3265 3745
7743 4 2 100 1 2423 2845 2523 2563
7744 4 2 100 1 951 2803 947 3254
7745 4 2 100 1 2904 3751 2473 1368
7746 4 2 100 1 2981 3081 2118 3328
7747 4 2 100 1 3377 3891 3885 2479
7748 4 2 100 1 2205 2404 3446 4042
7749 4 2 100 1 1406 1066 1082 3945
7750 4 2 100 1 211 230 209 4093
7751 4 2 100 1 825 3548 2500 3617
7752 4 2 100 1 947 3529 2803 953
7753 4 2 100 1 2579 2658 2201 3593
7754 4 2 100 1 2395 2679 3366 2372
7755 4 2 100 1 2537 2148 3032 3393
7756 4 2 100 1 352 2629 3180 3713
7757 4 2 100 1 2537 3072 2321 3547
7758 4 2 100 1 2687 3325 2500 3617
7759 4 2 100 1 1071 3091 2452 3838
7760 4 2 100 1 2359 2726 3498 3722
7761 4 2 100 1 3828 2857 1372 1462
7762 4 2 100 1 3828 1372 2857 3779
7763 4 2 100 1 1830 1845 1828 3883
7764 4 2 100 1 2448 2412 3589 3651
7765 4 2 100 1 2347 3010 3158 3797
7766 4 2 100 1 2667 2964 2156 2359
7767 4 2 100 1 1797 2701 2038 3375
7768 4 2 100 1 2126 2611 2836 3186
7769 4 2 100 1 171 572 3727 3830
7770 4 2 100 1 2915 2464 3541 3943
7771 4 2 100 1 3643 3792 2683 3954
7772 4 2 100 1 1015 3193 2516 3718
7773 4 2 100 1 1765 3102 2433 3746
7774 4 2 100 1 2920 2516 2860 3786
7775 4 2 100 1 1065 1114 1381 3357
7776 4 2 100 1 2068 1628 2510 3840
7777 4 2 100 1 1706 2939 2724 3987
7778 4 2 100 1 1437 2658 769 3613
7779 4 2 100 1 4077 1927 2067 1547
7780 4 2 100 1 2146 2722 2494 3586
7781 4 2 100 1 2489 3364 2903 3746
7782 4 2 100 1 2196 3206 2868 3903
7783 4 2 100 1 1322 1504 1130 3533
7784 4 2 100 1 4077 2067 1927 2908
7785 4 2 100 1 2184 3625 3053 2371
7786 4 2 100 1 2157 2457 2752 2978
7787 4 2 100 1 2108 3546 2422 3673
7788 4 2 100 1 1598 2068 1628 2510
7789 4 2 100 1 109 2741 3375 3614
7790 4 2 100 1 3050 2311 3577 3430
7791 4 2 100 1 3204 3169 2498 3706
7792 4 2 100 1 2516 3193 1076 3452
7793 4 2 100 1 3002 3602 2837 3703
7794 4 2 100 1 259 3330 2542 625
7795 4 2 100 1 2776 3719 2833 3572
7796 4 2 100 1 2577 2273 3281 3315
7797 4 2 100 1 3724 3926 2799 2464
7798 4 2 100 1 1090 2637 1074 3104
7799 4 2 100 1 2730 2817 2305 3072
7800 4 2 100 1 701 316 306 2492
7801 4 2 100 1 951 3502 2803 3582
7802 4 2 100 1 3621 3843 2479 3957
7803 4 2 100 1 2302 2499 2882 3775
7804 4 2 100 1 4113 2826 2545 3842
7805 4 2 100 1 2629 2499 3646 3775
7806 4 2 100 1 2519 2991 2975 3231
7807 4 2 100 1 2531 2300 3464 4087
7808 4 2 100 1 2137 2368 3024 2669
7809 4 2 100 1 2578 2880 3084 3909
7810 4 2 100 1 467 2942 2801 3659
7811 4 2 100 1 444 2592 603 3077
7812 4 2 100 1 2272 3265 3201 3881
7813 4 2 100 1 2255 2519 3085 3231
7814 4 2 100 1 2257 2316 2940 2884
7815 4 2 100 1 2133 3010 2475 3487
7816 4 2 100 1 2153 2576 2511 2250
7817 4 2 100 1 1062 878 880 3709
7818 4 2 100 1 2007 2374 1915 3450
7819 4 2 100 1 1458 1436 1360 3799
7820 4 2 100 1 2798 3245 2463 3607
7821 4 2 100 1 2112 2737 2657 3038
7822 4 2 100 1 352 3173 2629 3713
7823 4 2 100 1 2488 2298 3004 4071
7824 4 2 100 1 2116 2853 2626 3018
7825 4 2 100 1 2270 2991 2729 4046
7826 4 2 100 1 2354 3700 2776 3886
7827 4 2 100 1 2626 2807 2116 3018
7828 4 2 100 1 259 258 256 3708
7829 4 2 100 1 3904 178 526 690
7830 4 2 100 1 1867 1868 1963 4023
7831 4 2 100 1 3724 3926 2464 3129
7832 4 2 100 1 2408 2623 2283 3468
7833 4 2 100 1 2501 2796 2863 3927
7834 4 2 100 1 1554 3621 2930 3843
7835 4 2 100 1 3201 3265 2272 4047
7836 4 2 100 1 887 2465 888 3332
7837 4 2 100 1 2216 2610 2819 3105
7838 4 2 100 1 2176 2916 2364 2921
7839 4 2 100 1 458 651 2770 3345
7840 4 2 100 1 2595 3426 2656 3852
7841 4 2 100 1 2358 3621 3019 4089
7842 4 2 100 1 975 3172 2971 3944
7843 4 2 100 1 2121 3079 2565 3918
7844 4 2 100 1 2351 2412 3139 3142
7845 4 2 100 1 1788 2605 2903 3341
7846 4 2 100 1 2174 2416 3168 3728
7847 4 2 100 1 3904 526 178 3230
7848 4 2 100 1 3500 3694 555 2790
7849 4 2 100 1 2461 2678 2268 3971
7850 4 2 100 1 1578 1581 1580 2562
7851 4 2 100 1 2599 3054 2178 2496
7852 4 2 100 1 1882 1883 1884 3840
7853 4 2 100 1 2155 2325 2756 3725
7854 4 2 100 1 2150 2827 3004 4111
7855 4 2 100 1 536 2864 3913 3516
7856 4 2 100 1 3566 1695 2662 2786
7857 4 2 100 1 1553 4116 1898 2735
7858 4 2 100 1 2187 2785 2498 3706
7859 4 2 100 1 2157 2691 2596 3543
7860 4 2 100 1 2494 2721 2426 3859
7861 4 2 100 1 534 2677 3175 404
7862 4 2 100 1 2698 3139 2456 3532
7863 4 2 100 1 350 372 3050 3175
7864 4 2 100 1 2107 2979 2721 3274
7865 4 2 100 1 706 3238 3805 2774
7866 4 2 100 1 2326 2744 2406 3824
7867 4 2 100 1 2407 2872 2859 3829
7868 4 2 100 1 3726 224 243 3244
7869 4 2 100 1 1992 1829 1827 3154
7870 4 2 100 1 3262 164 3675 2988
7871 4 2 100 1 2212 3058 2658 3593
7872 4 2 100 1 2826 3438 2442 2209
7873 4 2 100 1 1851 1977 1853 3374
7874 4 2 100 1 975 976 3172 3944
7875 4 2 100 1 1532 2385 1873 3931
7876 4 2 100 1 2226 2697 2449 3977
7877 4 2 100 1 1480 1402 1504 4006
7878 4 2 100 1 2378 2733 2271 3531
7879 4 2 100 1 111 1928 1524 3527
7880 4 2 100 1 2487 3540 2833 3572
7881 4 2 100 1 2122 3099 2781 3616
7882 4 2 100 1 2242 3194 3042 3834
7883 4 2 100 1 1217 2879 1226 3100
7884 4 2 100 1 2919 3346 3026 3950
7885 4 2 100 1 784 786 2777 3747
7886 4 2 100 1 2324 1027 2639 3253
7887 4 2 100 1 2141 3166 2444 3992
7888 4 2 100 1 2562 3123 3392 3537
7889 4 2 100 1 1694 1894 1692 3972
7890 4 2 100 1 1849 1848 1850 3766
7891 4 2 100 1 784 786 785 2777
7892 4 2 100 1 3726 243 224 646
7893 4 2 100 1 1066 2651 1298 3107
7894 4 2 100 1 546 2947 2710 3640
7895 4 2 100 1 2559 3181 2316 2817
7896 4 2 100 1 2934 3620 2140 2592
7897 4 2 100 1 1326 1057 2473 4002
7898 4 2 100 1 2515 3240 2668 4070
7899 4 2 100 1 855 2490 3399 856
7900 4 2 100 1 2868 3206 2520 3903
7901 4 2 100 1 3979 254 256 3512
7902 4 2 100 1 2205 2404 4042 3285
7903 4 2 100 1 3979 256 254 255
7904 4 2 100 1 1074 3104 2637 3278
7905 4 2 100 1 2482 4034 3502 2803
7906 4 2 100 1 2570 3243 2303 3435
7907 4 2 100 1 2815 2867 2294 3580
7908 4 2 100 1 1060 2980 3052 4100
7909 4 2 100 1 2672 2822 3406 3976
7910 4 2 100 1 1040 1429 2474 3225
7911 4 2 100 1 1979 2694 3610 1918
7912 4 2 100 1 2229 2644 2843 3678
7913 4 2 100 1 85 1990 84 2968
7914 4 2 100 1 2767 1206 1148 752
7915 4 2 100 1 2261 2438 2870 3465
7916 4 2 100 1 2205 2404 3285 2944
7917 4 2 100 1 4050 1322 1504 766
7918 4 2 100 1 2467 3027 233 3171
7919 4 2 100 1 3263 1730 1712 3120
7920 4 2 100 1 2155 2409 2868 3371
7921 4 2 100 1 1292 1474 875 2410
7922 4 2 100 1 2157 2596 2705 3543
7923 4 2 100 1 2251 3020 2841 3809
7924 4 2 100 1 2459 3139 3033 3871
7925 4 2 100 1 3204 3169 3706 2266
7926 4 2 100 1 4050 1504 1322 3533
7927 4 2 100 1 2596 3543 2691 3704
7928 4 2 100 1 606 2654 3915 4067
7929 4 2 100 1 3018 3806 2549 3698
7930 4 2 100 1 1204 2914 2443 3097
7931 4 2 100 1 1828 2791 1845 4043
7932 4 2 100 1 2695 2299 3652 3048
7933 4 2 100 1 2117 2983 3258 3768
7934 4 2 100 1 885 3062 3662 883
7935 4 2 100 1 1204 1489 751 2443
7936 4 2 100 1 1799 2079 1674 3514
7937 4 2 100 1 1879 1878 1600 2866
7938 4 2 100 1 2363 2544 3545 3670
7939 4 2 100 1 204 598 206 4017
7940 4 2 100 1 2251 2841 3442 3809
7941 4 2 100 1 2203 3048 2989 3652
7942 4 2 100 1 2338 3278 2637 3299
7943 4 2 100 1 2703 3248 2532 2455
7944 4 2 100 1 2818 3778 2297 4049
7945 4 2 100 1 3483 3700 2633 3886
7946 4 2 100 1 2114 2524 2717 3379
7947 4 2 100 1 2782 2827 2228 3004
7948 4 2 100 1 1699 1701 2511 4029
7949 4 2 100 1 2310 2504 2823 3324
7950 4 2 100 1 2644 2949 2125 3261
7951 4 2 100 1 557 550 556 3805
7952 4 2 100 1 3149 3988 3631 2461
7953 4 2 100 1 2171 2577 2798 2732
7954 4 2 100 1 885 3062 883 884
7955 4 2 100 1 3018 3806 3698 2259
7956 4 2 100 1 1788 2605 1715 2903
7957 4 2 100 1 2204 2759 3315 3763
7958 4 2 100 1 1863 2374 3514 2006
7959 4 2 100 1 291 285 2785 3659
7960 4 2 100 1 3473 2773 2183 3301
7961 4 2 100 1 2367 2816 2508 3289
7962 4 2 100 1 685 3754 7 2893
7963 4 2 100 1 2305 2534 2829 3411
7964 4 2 100 1 1829 1828 3023 3883
7965 4 2 100 1 3709 878 879 3686
7966 4 2 100 1 635 2801 3345 4036
7967 4 2 100 1 3049 2991 3521 2394
7968 4 2 100 1 385 581 317 2498
7969 4 2 100 1 2324 1027 3253 1026
7970 4 2 100 1 2951 981 1021 997
7971 4 2 100 1 2061 2724 1943 2750
7972 4 2 100 1 685 3754 2893 3915
7973 4 2 100 1 681 2988 3904 2610
7974 4 2 100 1 278 3204 2555 3407
7975 4 2 100 1 3709 879 878 880
7976 4 2 100 1 3958 2752 2621 3136
7977 4 2 100 1 2331 2945 3304 3981
7978 4 2 100 1 2151 3772 2503 3807
7979 4 2 100 1 2979 3755 2514 4069
7980 4 2 100 1 2644 3261 2528 3571
7981 4 2 100 1 382 2483 432 381
7982 4 2 100 1 1076 2516 1015 3193
7983 4 2 100 1 2524 3213 3015 3469
7984 4 2 100 1 2486 3020 2898 3643
7985 4 2 100 1 2288 3583 2857 2279
7986 4 2 100 1 3131 2193 2327 2420
7987 4 2 100 1 1744 2786 3040 3711
7988 4 2 100 1 2465 2240 3298 3662
7989 4 2 100 1 354 2660 2598 3756
7990 4 2 100 1 2331 3304 2997 3981
7991 4 2 100 1 2831 3078 122 3431
7992 4 2 100 1 3888 2239 3871 2698
7993 4 2 100 1 2245 2583 2573 2891
7994 4 2 100 1 75 2839 76 3623
7995 4 2 100 1 976 1303 2434 3944
7996 4 2 100 1 3888 3871 2239 2997
7997 4 2 100 1 3963 1146 1067 2707
7998 4 2 100 1 2178 3192 2599 2496
7999 4 2 100 1 2614 1816 1820 3764
8000 4 2 100 1 4091 3653 4010 2825
8001 4 2 100 1 1727 1786 1787 3859
8002 4 2 100 1 1170 2690 3361 3174
8003 4 2 100 1 3954 4056 2861 2590
8004 4 2 100 1 2102 3654 2676 3785
8005 4 2 100 1 2639 2687 2160 3178
8006 4 2 100 1 2150 2695 2827 4111
8007 4 2 100 1 2654 3896 3119 2447
8008 4 2 100 1 2032 2746 2075 2869
8009 4 2 100 1 1252 2777 2678 3408
8010 4 2 100 1 2499 3509 3497 3628
8011 4 2 100 1 3963 1067 1146 1415
8012 4 2 100 1 3761 749 112 3049
8013 4 2 100 1 2254 2513 2715 3368
8014 4 2 100 1 2154 2973 2516 3381
8015 4 2 100 1 2527 2788 3181 3752
8016 4 2 100 1 324 300 301 2431
8017 4 2 100 1 1909 2961 2564 3039
8018 4 2 100 1 2133 2946 2783 3808
8019 4 2 100 1 1163 1452 1323 3170
8020 4 2 100 1 3761 112 749 111
8021 4 2 100 1 2411 2976 2676 3920
8022 4 2 100 1 2261 2438 3465 3578
8023 4 2 100 1 868 867 1396 3485
8024 4 2 100 1 2131 2779 2459 3033
8025 4 2 100 1 2703 2532 3248 2294
8026 4 2 100 1 2401 3244 244 4080
8027 4 2 100 1 2890 2123 2695 3652
8028 4 2 100 1 1239 3014 2850 3437
8029 4 2 100 1 3513 2963 385 692
8030 4 2 100 1 285 284 278 2555
8031 4 2 100 1 2314 2648 3455 3141
8032 4 2 100 1 3158 3010 2649 3797
8033 4 2 100 1 3730 1212 1047 1249
8034 4 2 100 1 1191 2973 907 964
8035 4 2 100 1 994 1014 964 2973
8036 4 2 100 1 3118 1881 3840 1730
8037 4 2 100 1 118 3170 3564 3596
8038 4 2 100 1 847 844 846 3157
8039 4 2 100 1 3954 4056 2590 4015
8040 4 2 100 1 1829 1830 1828 3883
8041 4 2 100 1 1654 2724 2529 2008
8042 4 2 100 1 2394 3049 2729 4050
8043 4 2 100 1 2073 3680 136 3841
8044 4 2 100 1 2467 2821 2188 2872
8045 4 2 100 1 2951 3529 1064 3911
8046 4 2 100 1 2378 2121 3083 3152
8047 4 2 100 1 2193 2646 2811 2843
8048 4 2 100 1 2513 2254 2606 3368
8049 4 2 100 1 2403 3256 2697 3885
8050 4 2 100 1 1909 1965 2564 2961
8051 4 2 100 1 2285 3464 2559 3912
8052 4 2 100 1 2151 2503 3772 3256
8053 4 2 100 1 1292 1474 2410 3473
8054 4 2 100 1 434 3159 2749 3156
8055 4 2 100 1 2716 3231 2282 3418
8056 4 2 100 1 2416 2713 2216 3241
8057 4 2 100 1 2483 2140 2708 3373
8058 4 2 100 1 2592 3114 543 3436
8059 4 2 100 1 2234 3027 3930 4044
8060 4 2 100 1 1725 3722 3263 3931
8061 4 2 100 1 2846 3024 2375 2182
8062 4 2 100 1 1391 2428 3460 3961
8063 4 2 100 1 3118 1881 1730 1793
8064 4 2 100 1 2562 2264 3123 3211
8065 4 2 100 1 1374 2743 2834 3900
8066 4 2 100 1 3771 2573 2891 2168
8067 4 2 100 1 2244 2686 2590 2224
8068 4 2 100 1 3731 2557 4076 4073
8069 4 2 100 1 4063 3911 1479 3531
8070 4 2 100 1 612 2431 300 324
8071 4 2 100 1 2203 2398 3048 2699
8072 4 2 100 1 4110 2767 1206 3045
8073 4 2 100 1 1175 2670 1174 3989
8074 4 2 100 1 3731 4076 2557 3814
8075 4 2 100 1 351 2677 3175 2417
8076 4 2 100 1 2450 3412 2510 3840
8077 4 2 100 1 3194 627 395 448
8078 4 2 100 1 1090 3104 1350 3404
8079 4 2 100 1 986 3008 2620 3590
8080 4 2 100 1 2457 2157 3136 3543
8081 4 2 100 1 957 2474 2897 3408
8082 4 2 100 1 2110 2634 2585 3140
8083 4 2 100 1 1492 1136 1438 4086
8084 4 2 100 1 2610 2713 2216 3168
8085 4 2 100 1 2152 3129 2601 2789
8086 4 2 100 1 1894 2567 3972 3179
8087 4 2 100 1 2811 2956 2237 2454
8088 4 2 100 1 2402 3052 2980 4100
8089 4 2 100 1 865 904 1253 2673
8090 4 2 100 1 1382 2800 1180 3908
8091 4 2 100 1 2356 3240 2515 3780
8092 4 2 100 1 2140 2660 2598 3735
8093 4 2 100 1 289 2555 2785 285
8094 4 2 100 1 1268 798 1283 3313
8095 4 2 100 1 3910 3669 2797 3093
8096 4 2 100 1 2801 3877 3345 4036
8097 4 2 100 1 3197 3777 2680 3504
8098 4 2 100 1 3167 2551 2166 3749
8099 4 2 100 1 2149 2413 3011 3611
8100 4 2 100 1 2251 2701 2486 3176
8101 4 2 100 1 2871 3012 2367 3289
8102 4 2 100 1 3626 3458 3874 3039
8103 4 2 100 1 460 430 356 2598
8104 4 2 100 1 2418 2845 2213 2984
8105 4 2 100 1 4076 3731 4073 3173
8106 4 2 100 1 1798 2374 2006 3514
8107 4 2 100 1 2204 2759 2578 3315
8108 4 2 100 1 3947 3755 2315 2993
8109 4 2 100 1 1172 796 1490 3975
8110 4 2 100 1 1500 5 89 4026
8111 4 2 100 1 2381 2192 2942 3160
8112 4 2 100 1 3117 3222 2225 3272
8113 4 2 100 1 2115 2933 2697 3400
8114 4 2 100 1 2154 3381 2516 2853
8115 4 2 100 1 890 1257 2886 4115
8116 4 2 100 1 3853 3769 3102 1975
8117 4 2 100 1 2970 3032 2302 2148
8118 4 2 100 1 2800 2190 3097 3908
8119 4 2 100 1 2816 2877 2181 3143
8120 4 2 100 1 1032 2603 3203 3456
8121 4 2 100 1 2804 3084 2852 3932
8122 4 2 100 1 2273 3012 2871 3289
8123 4 2 100 1 98 2390 4005 4077
8124 4 2 100 1 1716 2903 3364 3746
8125 4 2 100 1 2502 3406 2822 3976
8126 4 2 100 1 2769 2260 3215 3614
8127 4 2 100 1 4 2900 1237 2901
8128 4 2 100 1 2708 3867 2598 3899
8129 4 2 100 1 2601 3752 2372 2789
8130 4 2 100 1 1843 1861 3228 3760
8131 4 2 100 1 2170 2664 2893 3403
8132 4 2 100 1 2298 2461 3149 3631
8133 4 2 100 1 233 2467 3171 3787
8134 4 2 100 1 2973 4110 994 3045
8135 4 2 100 1 9 1289 10 3500
8136 4 2 100 1 987 1031 1029 3203
8137 4 2 100 1 87 3303 88 3895
8138 4 2 100 1 2451 2742 2210 2995
8139 4 2 100 1 2352 2921 2635 3082
8140 4 2 100 1 2614 1816 3764 3044
8141 4 2 100 1 1553 154 153 4129
8142 4 2 100 1 2672 2165 3309 2822
8143 4 2 100 1 2150 3031 2571 3386
8144 4 2 100 1 1032 1031 3203 3445
8145 4 2 100 1 1169 1416 1359 3966
8146 4 2 100 1 2570 2265 3190 3677
8147 4 2 100 1 2340 3815 1677 3901
8148 4 2 100 1 2690 3174 1137 3389
8149 4 2 100 1 618 410 2845 3093
8150 4 2 100 1 2201 2530 2594 4079
8151 4 2 100 1 2221 2875 2491 2911
8152 4 2 100 1 240 2895 303 3917
8153 4 2 100 1 2071 3504 2460 3759
8154 4 2 100 1 2210 2742 2451 3135
8155 4 2 100 1 2614 1816 3044 1936
8156 4 2 100 1 4069 3459 2887 2172
8157 4 2 100 1 2046 1781 2071 3759
8158 4 2 100 1 3262 3675 164 631
8159 4 2 100 1 3359 2421 2343 3287
8160 4 2 100 1 777 2738 776 3471
8161 4 2 100 1 994 4110 2973 993
8162 4 2 100 1 1715 2903 2605 3813
8163 4 2 100 1 3129 2870 3724 2314
8164 4 2 100 1 151 150 1885 4117
8165 4 2 100 1 2151 2862 2503 3256
8166 4 2 100 1 12 564 11 3694
8167 4 2 100 1 3078 3721 2222 2778
8168 4 2 100 1 2223 2728 3175 2417
8169 4 2 100 1 275 273 251 3496
8170 4 2 100 1 2237 2956 2811 3880
8171 4 2 100 1 2253 2649 2383 3013
8172 4 2 100 1 2747 2929 2189 3076
8173 4 2 100 1 823 2382 3617 1495
8174 4 2 100 1 3372 86 3368 85
8175 4 2 100 1 2492 2873 2376 3560
8176 4 2 100 1 3362 3109 4042 2488
8177 4 2 100 1 3324 3735 2310 2504
8178 4 2 100 1 625 3336 3041 428
8179 4 2 100 1 1183 1427 1104 3277
8180 4 2 100 1 1194 3395 1460 1192
8181 4 2 100 1 2367 3012 2871 3080
8182 4 2 100 1 2500 2309 3591 3857
8183 4 2 100 1 2118 3081 2619 3243
8184 4 2 100 1 1194 1460 3395 3037
8185 4 2 100 1 2156 2964 2750 2359
8186 4 2 100 1 2823 3701 2318 3836
8187 4 2 100 1 2905 2342 3151 4002
8188 4 2 100 1 439 2492 2849 3419
8189 4 2 100 1 2426 2567 3047 3553
8190 4 2 100 1 2393 3286 2134 3744
8191 4 2 100 1 1370 1305 1306 3248
8192 4 2 100 1 2231 2925 3166 3509
8193 4 2 100 1 2526 2158 2896 2854
8194 4 2 100 1 2652 3169 2103 3363
8195 4 2 100 1 1434 2936 2766 3941
8196 4 2 100 1 3704 1460 3395 1192
8197 4 2 100 1 3317 3985 3339 2640
8198 4 2 100 1 3453 3591 2500 2309
8199 4 2 100 1 3988 3149 3971 2461
8200 4 2 100 1 2353 3560 3164 3706
8201 4 2 100 1 2141 2925 3166 3992
8202 4 2 100 1 1825 1822 1823 3782
8203 4 2 100 1 1905 1551 2667 3570
8204 4 2 100 1 2560 2633 2221 4092
8205 4 2 100 1 2582 3026 2919 3670
8206 4 2 100 1 2492 439 316 3419
8207 4 2 100 1 2469 3313 1395 3940
8208 4 2 100 1 2140 2608 2592 3620
8209 4 2 100 1 2974 2807 3607 2577
8210 4 2 100 1 2191 2455 2865 3295
8211 4 2 100 1 3704 3395 1460 3037
8212 4 2 100 1 1355 2490 3666 3087
8213 4 2 100 1 3673 2842 3546 2625
8214 4 2 100 1 1177 3667 3158 3475
8215 4 2 100 1 2300 2940 2588 3318
8216 4 2 100 1 488 678 475 3383
8217 4 2 100 1 772 2670 3441 1011
8218 4 2 100 1 698 445 419 2706
8219 4 2 100 1 3891 2375 2341 3019
8220 4 2 100 1 1341 897 3090 3842
8221 4 2 100 1 3620 3735 2140 4090
8222 4 2 100 1 331 3117 335 3402
8223 4 2 100 1 1472 1200 3474 3584
8224 4 2 100 1 3882 3572 3371 2167
8225 4 2 100 1 1237 2900 3825 3843
8226 4 2 100 1 965 945 966 3350
8227 4 2 100 1 2281 3437 2777 3470
8228 4 2 100 1 3451 3283 4066 2386
8229 4 2 100 1 503 414 412 2797
8230 4 2 100 1 2732 3184 2609 2099
8231 4 2 100 1 3673 3546 2842 2108
8232 4 2 100 1 2866 3771 2605 3878
8233 4 2 100 1 3775 3233 3646 2629
8234 4 2 100 1 3302 3899 2483 2948
8235 4 2 100 1 3775 3646 3233 2302
8236 4 2 100 1 1577 3094 3412 3392
8237 4 2 100 1 832 2986 2985 3980
8238 4 2 100 1 2299 3326 2915 3652
8239 4 2 100 1 2226 3115 2783 3266
8240 4 2 100 1 1580 2562 1581 3211
8241 4 2 100 1 3141 3455 2314 3465
8242 4 2 100 1 2207 3213 2524 3934
8243 4 2 100 1 2398 2203 3014 2699
8244 4 2 100 1 2303 3243 2570 3328
8245 4 2 100 1 2399 3194 676 3834
8246 4 2 100 1 85 2968 84 3368
8247 4 2 100 1 2556 3169 2187 3624
8248 4 2 100 1 2566 3134 1183 3277
8249 4 2 100 1 890 882 883 4115
8250 4 2 100 1 3666 2439 1447 2980
8251 4 2 100 1 2127 3221 2595 2355
8252 4 2 100 1 2162 2991 2624 3231
8253 4 2 100 1 3248 3580 942 2703
8254 4 2 100 1 3666 1447 2439 1158
8255 4 2 100 1 2254 2933 2697 3208
8256 4 2 100 1 2429 2931 775 3471
8257 4 2 100 1 3628 2396 2615 3959
8258 4 2 100 1 1626 1986 1645 4033
8259 4 2 100 1 4079 3563 2139 2594
8260 4 2 100 1 2208 3084 2609 3287
8261 4 2 100 1 2738 3864 2612 3288
8262 4 2 100 1 2353 3659 3557 2785
8263 4 2 100 1 2664 3119 2170 3915
8264 4 2 100 1 733 3375 2769 3614
8265 4 2 100 1 2258 2407 3166 3829
8266 4 2 100 1 1390 1308 1311 2867
8267 4 2 100 1 2273 3281 3012 3866
8268 4 2 100 1 1030 2620 3590 986
8269 4 2 100 1 2589 3550 2520 2210
8270 4 2 100 1 2943 657 30 4009
8271 4 2 100 1 3847 1526 2004 148
8272 4 2 100 1 2123 2816 3289 2996
8273 4 2 100 1 1064 1153 1479 3911
8274 4 2 100 1 2251 3442 3176 3809
8275 4 2 100 1 1032 3203 2603 3445
8276 4 2 100 1 2150 3362 3031 3964
8277 4 2 100 1 2567 2017 1870 3197
8278 4 2 100 1 2541 3361 3107 3882
8279 4 2 100 1 2139 3563 4079 2587
8280 4 2 100 1 1350 3404 3104 3545
8281 4 2 100 1 1705 1720 1767 3442
8282 4 2 100 1 2334 2373 2839 3226
8283 4 2 100 1 2630 3499 2336 3500
8284 4 2 100 1 2321 3032 2537 3547
8285 4 2 100 1 3212 3235 2436 4081
8286 4 2 100 1 2006 1915 1773 2374
8287 4 2 100 1 2170 2654 3119 3466
8288 4 2 100 1 434 3159 3156 619
8289 4 2 100 1 683 582 313 2895
8290 4 2 100 1 2376 2873 2492 3630
8291 4 2 100 1 3768 2469 2983 3258
8292 4 2 100 1 1991 2036 2662 3364
8293 4 2 100 1 1402 2953 3533 4006
8294 4 2 100 1 2316 2884 2688 3403
8295 4 2 100 1 3805 3238 658 3001
8296 4 2 100 1 2861 1161 2683 3456
8297 4 2 100 1 2168 2676 2547 2976
8298 4 2 100 1 3158 2612 3667 2202
8299 4 2 100 1 2140 2708 2598 3899
8300 4 2 100 1 299 242 241 4076
8301 4 2 100 1 2486 2251 3020 3046
8302 4 2 100 1 2139 3464 4079 2594
8303 4 2 100 1 2614 1816 1936 1820
8304 4 2 100 1 2611 2836 2223 3071
8305 4 2 100 1 2195 3251 2754 3461
8306 4 2 100 1 2306 3505 2583 3776
8307 4 2 100 1 123 1241 124 2440
8308 4 2 100 1 1502 1175 1174 3989
8309 4 2 100 1 4124 531 191 2749
8310 4 2 100 1 1292 876 3301 3477
8311 4 2 100 1 2846 3024 2182 2368
8312 4 2 100 1 2367 3143 2816 3306
8313 4 2 100 1 2250 3264 2462 3459
8314 4 2 100 1 4079 3464 2139 2587
8315 4 2 100 1 351 3175 404 371
8316 4 2 100 1 2207 3653 2825 4010
8317 4 2 100 1 3583 2400 3195 2928
8318 4 2 100 1 2654 2170 2757 3466
8319 4 2 100 1 464 290 277 4037
8320 4 2 100 1 3181 2559 3551 2817
8321 4 2 100 1 3178 3438 3584 2382
8322 4 2 100 1 824 2826 3090 3584
8323 4 2 100 1 3943 3958 3136 2496
8324 4 2 100 1 2345 2994 2631 2983
8325 4 2 100 1 2662 1695 1685 1696
8326 4 2 100 1 3952 2358 2211 3065
8327 4 2 100 1 1103 1128 1127 3863
8328 4 2 100 1 2129 2611 3430 2531
8329 4 2 100 1 2243 3519 2798 3642
8330 4 2 100 1 1436 3205 1360 3799
8331 4 2 100 1 2142 2640 2956 2454
8332 4 2 100 1 1643 1561 1562 3878
8333 4 2 100 1 345 3630 3173 3713
8334 4 2 100 1 2110 2881 3214 3574
8335 4 2 100 1 2607 2760 2147 3374
8336 4 2 100 1 2383 2649 2253 4008
8337 4 2 100 1 1723 1785 1589 4022
8338 4 2 100 1 833 2986 832 3980
8339 4 2 100 1 2187 2498 3169 3706
8340 4 2 100 1 4073 367 352 2629
8341 4 2 100 1 495 424 2610 3105
8342 4 2 100 1 2134 2994 2631 2653
8343 4 2 100 1 897 816 3113 3889
8344 4 2 100 1 2822 3406 2502 4105
8345 4 2 100 1 2993 3069 1606 3579
8346 4 2 100 1 2627 2757 2129 2447
8347 4 2 100 1 2121 2565 3152 3918
8348 4 2 100 1 4073 352 367 305
8349 4 2 100 1 2 1497 69 3280
8350 4 2 100 1 2632 242 449 3783
8351 4 2 100 1 774 775 2429 3441
8352 4 2 100 1 2292 3173 3630 3713
8353 4 2 100 1 1021 997 1055 2951
8354 4 2 100 1 2365 2621 2998 3879
8355 4 2 100 1 2226 2783 2449 3208
8356 4 2 100 1 2118 2537 2838 3907
8357 4 2 100 1 3560 3860 2772 3323
8358 4 2 100 1 2467 4044 2188 2674
8359 4 2 100 1 1608 2993 1606 3579
8360 4 2 100 1 2943 2978 3879 2466
8361 4 2 100 1 1900 1902 2033 3788
8362 4 2 100 1 482 2424 484 3712
8363 4 2 100 1 2121 3152 3868 3918
8364 4 2 100 1 2231 2772 2444 3820
8365 4 2 100 1 3450 3527 2270 3761
8366 4 2 100 1 2953 3357 2256 3723
8367 4 2 100 1 1736 1876 1875 3680
8368 4 2 100 1 3148 3207 2669 3654
8369 4 2 100 1 616 406 2864 3302
8370 4 2 100 1 2414 2114 2759 3495
8371 4 2 100 1 1506 1304 764 3190
8372 4 2 100 1 2613 3755 2979 4069
8373 4 2 100 1 3882 3725 3572 2541
8374 4 2 100 1 1393 2419 1430 3761
8375 4 2 100 1 2632 242 3783 3138
8376 4 2 100 1 366 444 603 3077
8377 4 2 100 1 2559 2316 3318 2817
8378 4 2 100 1 3338 2447 2129 2311
8379 4 2 100 1 3532 3552 2804 2131
8380 4 2 100 1 1923 2479 3621 3843
8381 4 2 100 1 655 3105 2437 3869
8382 4 2 100 1 2399 2280 3042 3834
8383 4 2 100 1 2108 2641 2987 2229
8384 4 2 100 1 1746 2014 2722 3586
8385 4 2 100 1 1799 3112 1940 3259
8386 4 2 100 1 1866 1534 128 4104
8387 4 2 100 1 2118 2981 2537 3907
8388 4 2 100 1 3692 1953 4024 1629
8389 4 2 100 1 1730 3118 2450 3840
8390 4 2 100 1 1982 1570 1591 3609
8391 4 2 100 1 571 409 675 2845
8392 4 2 100 1 2590 2686 2244 2138
8393 4 2 100 1 2463 2734 3519 3784
8394 4 2 100 1 1690 2726 1672 3840
8395 4 2 100 1 92 2857 2658 2928
8396 4 2 100 1 2543 2307 3512 3979
8397 4 2 100 1 2103 2556 3145 2550
8398 4 2 100 1 1523 3369 2800 3875
8399 4 2 100 1 2133 2783 2818 3208
8400 4 2 100 1 2309 2500 3279 3857
8401 4 2 100 1 392 2543 2963 3041
8402 4 2 100 1 2470 2214 3017 3544
8403 4 2 100 1 2657 3038 2737 3264
8404 4 2 100 1 513 2696 3707 2808
8405 4 2 100 1 1550 2479 3292 3293
8406 4 2 100 1 2213 2845 2418 3093
8407 4 2 100 1 1031 1029 3203 3445
8408 4 2 100 1 2108 2580 2641 3698
8409 4 2 100 1 2134 2631 3286 2653
8410 4 2 100 1 2556 2929 2425 3076
8411 4 2 100 1 2412 3139 3033 3589
8412 4 2 100 1 86 3372 1931 85
8413 4 2 100 1 3451 4066 3283 738
8414 4 2 100 1 2723 1826 3782 1825
8415 4 2 100 1 3992 3647 3162 2141
8416 4 2 100 1 2119 3304 3742 3946
8417 4 2 100 1 3692 1953 1629 1636
8418 4 2 100 1 2029 2494 3586 4060
8419 4 2 100 1 1028 1027 1117 2639
8420 4 2 100 1 2456 2878 2717 3846
8421 4 2 100 1 385 581 2498 3513
8422 4 2 100 1 2183 2497 3051 3467
8423 4 2 100 1 2487 3681 2648 4048
8424 4 2 100 1 2191 3295 2432 3416
8425 4 2 100 1 2157 2621 2705 3658
8426 4 2 100 1 1512 1183 1432 2566
8427 4 2 100 1 2791 3023 2194 4043
8428 4 2 100 1 2481 2787 2951 3357
8429 4 2 100 1 2260 3091 2905 3215
8430 4 2 100 1 2334 2373 3226 3213
8431 4 2 100 1 1984 3534 137 3841
8432 4 2 100 1 1156 1023 2612 3288
8433 4 2 100 1 620 379 2608 3114
8434 4 2 100 1 2494 2146 2643 3947
8435 4 2 100 1 2697 2933 2254 3400
8436 4 2 100 1 2946 3806 2783 3808
8437 4 2 100 1 2676 2976 2168 3920
8438 4 2 100 1 2265 2570 3081 3328
8439 4 2 100 1 354 2660 3756 440
8440 4 2 100 1 530 338 529 3951
8441 4 2 100 1 2217 3772 2709 4094
8442 4 2 100 1 2717 2180 3116 3653
8443 4 2 100 1 2557 3162 2387 3647
8444 4 2 100 1 1898 153 152 4116
8445 4 2 100 1 1992 1827 1987 3154
8446 4 2 100 1 2468 2663 2234 3818
8447 4 2 100 1 2131 3033 3139 3589
8448 4 2 100 1 3870 2863 3332 2296
8449 4 2 100 1 965 2776 945 3350
8450 4 2 100 1 2635 2907 1835 3154
8451 4 2 100 1 2600 2712 3789 2370
8452 4 2 100 1 2258 3385 3852 3338
8453 4 2 100 1 558 2392 662 3623
8454 4 2 100 1 1518 3816 1227 3825
8455 4 2 100 1 2543 254 3512 453
8456 4 2 100 1 2214 3099 2420 3710
8457 4 2 100 1 2588 2257 2940 3510
8458 4 2 100 1 418 2970 3775 3695
8459 4 2 100 1 1374 2743 3900 800
8460 4 2 100 1 3594 1857 1614 2892
8461 4 2 100 1 3039 3274 2350 3874
8462 4 2 100 1 2626 2154 2233 2853
8463 4 2 100 1 3310 2822 3976 2502
8464 4 2 100 1 4016 2530 2877 3143
8465 4 2 100 1 2264 2979 2912 3123
8466 4 2 100 1 2437 3324 3064 3340
8467 4 2 100 1 2195 2715 3452 3786
8468 4 2 100 1 1859 1743 3374 3397
8469 4 2 100 1 3291 3484 2956 3880
8470 4 2 100 1 2181 2508 2996 3413
8471 4 2 100 1 2103 2495 3385 3738
8472 4 2 100 1 2520 3550 2490 2210
8473 4 2 100 1 1615 2907 1805 3684
8474 4 2 100 1 1844 1735 1695 3610
8475 4 2 100 1 2481 3357 2739 3723
8476 4 2 100 1 356 430 355 2598
8477 4 2 100 1 2234 2468 2923 3421
8478 4 2 100 1 2431 2163 3717 3899
8479 4 2 100 1 3870 3332 2863 2538
8480 4 2 100 1 2261 2909 2619 3007
8481 4 2 100 1 1440 2570 1294 3677
8482 4 2 100 1 1567 1641 1955 2476
8483 4 2 100 1 2629 2882 2499 3775
8484 4 2 100 1 2421 3084 3287 3359
8485 4 2 100 1 2054 2433 3102 3853
8486 4 2 100 1 2409 3455 3206 3552
8487 4 2 100 1 2294 3858 2703 2532
8488 4 2 100 1 483 683 484 2424
8489 4 2 100 1 207 2744 3824 4017
8490 4 2 100 1 2665 3007 3192 3578
8491 4 2 100 1 2121 3868 3079 3918
8492 4 2 100 1 2289 2707 3354 3963
8493 4 2 100 1 2590 2719 2224 2955
8494 4 2 100 1 2629 2882 3775 403
8495 4 2 100 1 418 600 422 3775
8496 4 2 100 1 2697 3790 2449 3977
8497 4 2 100 1 295 334 638 2819
8498 4 2 100 1 2158 3005 2532 4074
8499 4 2 100 1 427 320 586 2959
8500 4 2 100 1 2444 2764 2141 3992
8501 4 2 100 1 3966 1081 2602 3283
8502 4 2 100 1 2643 2546 1956 3265
8503 4 2 100 1 2207 2825 2428 3460
8504 4 2 100 1 3966 2602 1081 3278
8505 4 2 100 1 2217 3439 3601 4089
8506 4 2 100 1 4 1237 79 2901
8507 4 2 100 1 589 3336 3204 3330
8508 4 2 100 1 3353 4103 3905 2425
8509 4 2 100 1 1920 1988 3479 3564
8510 4 2 100 1 1908 3125 1896 3859
8511 4 2 100 1 14 3059 182 3334
8512 4 2 100 1 3905 4103 3353 221
8513 4 2 100 1 974 4105 3428 2502
8514 4 2 100 1 2356 2515 3062 3780
8515 4 2 100 1 1753 1986 2009 3322
8516 4 2 100 1 335 2525 3117 3697
8517 4 2 100 1 1576 2562 3094 3392
8518 4 2 100 1 1382 1181 3070 3908
8519 4 2 100 1 876 3301 3477 3995
8520 4 2 100 1 2606 3311 2383 3791
8521 4 2 100 1 3805 658 3238 436
8522 4 2 100 1 527 3836 3188 3904
8523 4 2 100 1 2491 2487 2208 3627
8524 4 2 100 1 2375 2358 4089 3242
8525 4 2 100 1 4014 2453 2646 2828
8526 4 2 100 1 4014 2646 2453 3017
8527 4 2 100 1 1291 2566 1152 2773
8528 4 2 100 1 4047 3374 3397 2607
8529 4 2 100 1 445 2706 173 3272
8530 4 2 100 1 3084 3909 2880 3965
8531 4 2 100 1 3503 4093 212 3218
8532 4 2 100 1 4106 3439 2778 3721
8533 4 2 100 1 657 2848 3830 4009
8534 4 2 100 1 2956 3291 2522 3484
8535 4 2 100 1 1391 3961 3460 968
8536 4 2 100 1 888 3332 2830 3961
8537 4 2 100 1 1753 1645 1986 4033
8538 4 2 100 1 999 3153 1238 3935
8539 4 2 100 1 195 196 194 3818
8540 4 2 100 1 2192 2794 2381 2942
8541 4 2 100 1 613 4130 4125 2774
8542 4 2 100 1 999 3153 3935 4110
8543 4 2 100 1 931 933 932 2574
8544 4 2 100 1 2452 2260 2905 3151
8545 4 2 100 1 4056 3214 3908 3574
8546 4 2 100 1 916 919 2896 4097
8547 4 2 100 1 2258 3000 3166 3820
8548 4 2 100 1 3512 625 3041 643
8549 4 2 100 1 2375 2358 3242 3555
8550 4 2 100 1 2218 3083 2855 3911
8551 4 2 100 1 2578 2759 2204 3562
8552 4 2 100 1 2895 240 313 3035
8553 4 2 100 1 3685 3235 3212 2130
8554 4 2 100 1 3052 3569 1059 4100
8555 4 2 100 1 2360 2507 3920 3294
8556 4 2 100 1 2221 2911 2833 3886
8557 4 2 100 1 2237 3291 2956 3880
8558 4 2 100 1 2221 2833 3540 3572
8559 4 2 100 1 1454 1033 1293 2773
8560 4 2 100 1 2250 3259 2957 3514
8561 4 2 100 1 2344 3561 2994 3914
8562 4 2 100 1 1681 3566 3055 2786
8563 4 2 100 1 792 2725 793 3988
8564 4 2 100 1 1648 3039 3458 3626
8565 4 2 100 1 2418 2984 2213 3910
8566 4 2 100 1 3638 3669 2311 3890
8567 4 2 100 1 2081 1726 1792 3570
8568 4 2 100 1 2523 2845 2423 3872
8569 4 2 100 1 1203 2914 767 3936
8570 4 2 100 1 717 723 728 3805
8571 4 2 100 1 837 1054 3686 3980
8572 4 2 100 1 2654 2757 2170 3327
8573 4 2 100 1 2161 3445 2620 3508
8574 4 2 100 1 2776 2833 3719 2354
8575 4 2 100 1 2975 3085 2519 3231
8576 4 2 100 1 1540 3078 2727 3431
8577 4 2 100 1 1272 3203 2904 3456
8578 4 2 100 1 1126 1144 1486 3575
8579 4 2 100 1 2328 3081 2570 3243
8580 4 2 100 1 2493 3523 3504 3777
8581 4 2 100 1 2422 3546 2625 3673
8582 4 2 100 1 2871 2441 2204 3676
8583 4 2 100 1 1658 3060 1657 3692
8584 4 2 100 1 2483 3867 2708 3899
8585 4 2 100 1 2150 3031 3386 3964
8586 4 2 100 1 288 2555 285 278
8587 4 2 100 1 2150 3314 3386 3048
8588 4 2 100 1 1886 1885 4117 4099
8589 4 2 100 1 819 897 816 3113
8590 4 2 100 1 792 2725 3988 3432
8591 4 2 100 1 2417 3071 2126 3877
8592 4 2 100 1 2191 3002 2837 3703
8593 4 2 100 1 1328 989 3174 3365
8594 4 2 100 1 3440 2913 3821 2410
8595 4 2 100 1 487 2485 488 2761
8596 4 2 100 1 3045 1015 1410 994
8597 4 2 100 1 3338 3577 4057 3167
8598 4 2 100 1 25 2936 1434 3941
8599 4 2 100 1 2353 2785 3560 3706
8600 4 2 100 1 1868 1867 1756 4023
8601 4 2 100 1 3045 1015 994 2516
8602 4 2 100 1 2268 3089 2164 3358
8603 4 2 100 1 1637 2724 2939 3692
8604 4 2 100 1 2253 2649 3013 3936
8605 4 2 100 1 2335 2906 2403 3256
8606 4 2 100 1 2736 3352 2684 2322
8607 4 2 100 1 2979 3123 2350 3274
8608 4 2 100 1 2599 3054 2972 3267
8609 4 2 100 1 284 2555 285 3659
8610 4 2 100 1 1456 2766 2691 3727
8611 4 2 100 1 800 799 2743 3900
8612 4 2 100 1 1333 3481 1080 3838
8613 4 2 100 1 2177 2554 2938 2209
8614 4 2 100 1 2523 2984 2845 3800
8615 4 2 100 1 3808 3786 2195 3806
8616 4 2 100 1 1112 1435 1455 2810
8617 4 2 100 1 1991 1758 2036 3364
8618 4 2 100 1 3158 2612 2202 3127
8619 4 2 100 1 3310 3976 2822 2165
8620 4 2 100 1 3281 3315 3012 3359
8621 4 2 100 1 1523 99 100 2800
8622 4 2 100 1 2787 3357 4084 2951
8623 4 2 100 1 413 3638 426 3669
8624 4 2 100 1 2177 2430 3130 3438
8625 4 2 100 1 2450 3118 3412 3840
8626 4 2 100 1 673 628 50 3928
8627 4 2 100 1 1466 3178 2687 2639
8628 4 2 100 1 2681 2361 3477 3995
8629 4 2 100 1 385 317 353 2498
8630 4 2 100 1 2913 3301 3477 2410
8631 4 2 100 1 2107 2613 3592 2411
8632 4 2 100 1 87 86 768 2606
8633 4 2 100 1 2489 2832 2137 3207
8634 4 2 100 1 336 2525 3194 3402
8635 4 2 100 1 1408 1333 1070 3602
8636 4 2 100 1 1778 1777 1776 3016
8637 4 2 100 1 1511 1138 2810 3349
8638 4 2 100 1 141 1907 1543 2876
8639 4 2 100 1 2007 2374 3450 3810
8640 4 2 100 1 3574 2585 2110 2661
8641 4 2 100 1 4031 2332 2603 2861
8642 4 2 100 1 1887 1937 2614 3133
8643 4 2 100 1 2252 2564 2514 3798
8644 4 2 100 1 3086 3240 2356 3780
8645 4 2 100 1 2154 2538 2973 3870
8646 4 2 100 1 2307 2692 2543 3199
8647 4 2 100 1 2235 3116 2673 3378
8648 4 2 100 1 2517 2140 2592 2934
8649 4 2 100 1 2206 3142 3139 3767
8650 4 2 100 1 3724 3926 3129 2314
8651 4 2 100 1 1054 1330 1378 3604
8652 4 2 100 1 2053 1973 2901 3843
8653 4 2 100 1 1577 3094 3392 1576
8654 4 2 100 1 783 785 1252 2777
8655 4 2 100 1 3525 3280 2770 181
8656 4 2 100 1 2357 2943 2466 2978
8657 4 2 100 1 3158 2612 3127 3475
8658 4 2 100 1 2546 2010 1673 2460
8659 4 2 100 1 3865 3199 3861 2824
8660 4 2 100 1 2180 2445 3449 3942
8661 4 2 100 1 2181 3413 2429 3441
8662 4 2 100 1 2044 2930 1554 3621
8663 4 2 100 1 2403 3293 3511 3978
8664 4 2 100 1 2385 2965 1873 3722
8665 4 2 100 1 1367 2769 3215 3614
8666 4 2 100 1 3403 2149 2688 2966
8667 4 2 100 1 748 1221 1220 3855
8668 4 2 100 1 1432 24 23 3743
8669 4 2 100 1 3231 3079 2624 3868
8670 4 2 100 1 1726 2015 1698 3570
8671 4 2 100 1 467 2942 469 2801
8672 4 2 100 1 2956 3291 3985 2522
8673 4 2 100 1 230 622 209 4093
8674 4 2 100 1 2464 2799 2638 3528
8675 4 2 100 1 1895 2426 4038 3859
8676 4 2 100 1 3361 2756 1344 3734
8677 4 2 100 1 468 642 469 3160
8678 4 2 100 1 1134 1097 2544 3417
8679 4 2 100 1 2527 2316 3518 2966
8680 4 2 100 1 2686 2278 3291 3856
8681 4 2 100 1 801 3066 2569 3900
8682 4 2 100 1 2350 3123 3211 3537
8683 4 2 100 1 2485 2518 2148 4018
8684 4 2 100 1 1191 2973 964 1014
8685 4 2 100 1 1076 1014 1015 2516
8686 4 2 100 1 2432 3227 2574 3370
8687 4 2 100 1 299 583 242 4076
8688 4 2 100 1 2536 2385 3534 3931
8689 4 2 100 1 1991 3364 2662 3479
8690 4 2 100 1 2492 2873 701 3630
8691 4 2 100 1 2187 2498 3513 3624
8692 4 2 100 1 2265 3081 2570 3190
8693 4 2 100 1 1313 1311 2815 3580
8694 4 2 100 1 615 3001 3156 2749
8695 4 2 100 1 546 2710 456 3640
8696 4 2 100 1 741 2683 3937 1235
8697 4 2 100 1 2412 3139 3589 3651
8698 4 2 100 1 3361 2756 3734 2325
8699 4 2 100 1 2751 3556 3182 3566
8700 4 2 100 1 2859 3647 3067 2387
8701 4 2 100 1 3255 2807 2233 2974
8702 4 2 100 1 2375 2341 2182 2600
8703 4 2 100 1 2146 3201 2616 2676
8704 4 2 100 1 2109 2736 2464 3541
8705 4 2 100 1 2913 3724 2638 2464
8706 4 2 100 1 3449 3942 2434 3944
8707 4 2 100 1 2326 2406 3220 3305
8708 4 2 100 1 1411 1176 2612 3475
8709 4 2 100 1 3192 3181 2665 2788
8710 4 2 100 1 2497 2232 3224 3636
8711 4 2 100 1 2016 1675 1760 2939
8712 4 2 100 1 4031 2603 2332 3360
8713 4 2 100 1 123 3078 2440 3769
8714 4 2 100 1 1648 1782 1978 3987
8715 4 2 100 1 778 776 777 2738
8716 4 2 100 1 1351 1134 1095 2544
8717 4 2 100 1 3440 3821 2913 2144
8718 4 2 100 1 2380 3231 2512 3418
8719 4 2 100 1 2399 2872 3249 3787
8720 4 2 100 1 2263 3039 2961 3398
8721 4 2 100 1 2466 2848 3160 3644
8722 4 2 100 1 3548 825 823 3617
8723 4 2 100 1 2099 3315 3281 3359
8724 4 2 100 1 2449 2697 2226 3208
8725 4 2 100 1 1956 2546 1640 3265
8726 4 2 100 1 3718 3381 3045 2279
8727 4 2 100 1 346 3787 3249 2467
8728 4 2 100 1 875 872 876 3477
8729 4 2 100 1 783 2777 1252 3408
8730 4 2 100 1 608 3447 3539 530
8731 4 2 100 1 2281 3478 2777 3747
8732 4 2 100 1 3843 1237 756 3825
8733 4 2 100 1 2857 1448 1462 3396
8734 4 2 100 1 4063 3911 3531 2378
8735 4 2 100 1 2288 2423 3108 3429
8736 4 2 100 1 1316 1315 1314 2826
8737 4 2 100 1 757 1241 123 2440
8738 4 2 100 1 3583 2400 2928 2857
8739 4 2 100 1 805 808 1317 3588
8740 4 2 100 1 2428 2673 3116 3378
8741 4 2 100 1 2349 3074 2793 2604
8742 4 2 100 1 2382 3090 2269 3130
8743 4 2 100 1 2764 2407 3145 3162
8744 4 2 100 1 2558 2976 2411 3920
8745 4 2 100 1 1351 1134 2544 3545
8746 4 2 100 1 2205 2983 2539 3021
8747 4 2 100 1 3882 3945 3107 4012
8748 4 2 100 1 2140 2483 2708 3899
8749 4 2 100 1 3086 3309 2535 3571
8750 4 2 100 1 44 573 43 3262
8751 4 2 100 1 2635 3082 2921 3191
8752 4 2 100 1 2383 3303 2606 3895
8753 4 2 100 1 2914 96 3936 4077
8754 4 2 100 1 2137 2282 2489 3721
8755 4 2 100 1 2363 3026 2544 3670
8756 4 2 100 1 608 3447 530 688
8757 4 2 100 1 2198 2537 3032 3393
8758 4 2 100 1 220 221 219 4103
8759 4 2 100 1 2590 2138 3954 4015
8760 4 2 100 1 3238 3899 2948 2517
8761 4 2 100 1 1347 1065 2739 3765
8762 4 2 100 1 2540 3664 3264 2102
8763 4 2 100 1 3076 3145 2556 2550
8764 4 2 100 1 2130 2884 2688 3518
8765 4 2 100 1 2520 4048 3550 2589
8766 4 2 100 1 1391 2428 3961 3378
8767 4 2 100 1 2181 2931 2429 2996
8768 4 2 100 1 2166 2706 3221 3645
8769 4 2 100 1 992 3460 2825 3635
8770 4 2 100 1 2175 3055 3260 3294
8771 4 2 100 1 2723 2194 3023 4043
8772 4 2 100 1 426 3669 3638 3890
8773 4 2 100 1 3656 574 383 3468
8774 4 2 100 1 1035 1086 1088 2603
8775 4 2 100 1 2607 2272 3265 4047
8776 4 2 100 1 2230 3345 2801 3877
8777 4 2 100 1 1273 2904 1368 3063
8778 4 2 100 1 484 683 313 2424
8779 4 2 100 1 1998 1960 1911 3537
8780 4 2 100 1 3656 383 574 408
8781 4 2 100 1 2142 2883 2682 3370
8782 4 2 100 1 2853 3018 2549 2233
8783 4 2 100 1 689 600 403 3775
8784 4 2 100 1 2128 2972 2587 3542
8785 4 2 100 1 2681 3477 3301 3995
8786 4 2 100 1 308 3321 303 309
8787 4 2 100 1 2570 3243 3081 3328
8788 4 2 100 1 2526 2740 2275 3655
8789 4 2 100 1 2219 3121 2954 3789
8790 4 2 100 1 2151 2709 2561 3256
8791 4 2 100 1 919 2896 3248 4007
8792 4 2 100 1 2687 2500 2382 3617
8793 4 2 100 1 2111 3324 2713 3340
8794 4 2 100 1 3756 3899 2431 2140
8795 4 2 100 1 2500 3325 827 3617
8796 4 2 100 1 2746 3755 3069 4000
8797 4 2 100 1 1333 1080 1071 3838
8798 4 2 100 1 1541 1912 133 2680
8799 4 2 100 1 2255 2100 2693 3687
8800 4 2 100 1 2253 2914 2649 3936
8801 4 2 100 1 3565 2147 3374 2521
8802 4 2 100 1 2664 2304 3403 3549
8803 4 2 100 1 2105 2646 2828 2843
8804 4 2 100 1 2363 3670 3104 4098
8805 4 2 100 1 2130 2338 2888 2688
8806 4 2 100 1 2170 3466 3119 3781
8807 4 2 100 1 875 1292 2410 3477
8808 4 2 100 1 2189 3036 2929 2408
8809 4 2 100 1 2980 3052 2439 3350
8810 4 2 100 1 2946 3530 2513 3808
8811 4 2 100 1 2477 3605 3356 3704
8812 4 2 100 1 3643 3937 2486 2683
8813 4 2 100 1 922 2837 1385 4007
8814 4 2 100 1 3871 3033 3150 3767
8815 4 2 100 1 2996 2123 2323 3348
8816 4 2 100 1 801 803 802 3066
8817 4 2 100 1 1707 2567 1870 3068
8818 4 2 100 1 460 2708 3928 673
8819 4 2 100 1 172 618 693 2845
8820 4 2 100 1 2071 3177 2460 3504
8821 4 2 100 1 2424 3076 3712 3997
8822 4 2 100 1 957 1040 2474 3408
8823 4 2 100 1 1550 1994 1923 2479
8824 4 2 100 1 2187 2444 3323 3560
8825 4 2 100 1 3947 3755 2993 2252
8826 4 2 100 1 2639 2949 3253 3502
8827 4 2 100 1 2216 2652 3363 3876
8828 4 2 100 1 3177 1557 1527 131
8829 4 2 100 1 98 3097 2390 4077
8830 4 2 100 1 2114 2659 3057 3929
8831 4 2 100 1 3988 1264 794 791
8832 4 2 100 1 2259 3237 3245 3607
8833 4 2 100 1 2161 3319 2781 2214
8834 4 2 100 1 2406 2663 3220 3305
8835 4 2 100 1 2285 3056 2559 3464
8836 4 2 100 1 2107 2912 3123 3239
8837 4 2 100 1 2176 2635 2916 2921
8838 4 2 100 1 301 2431 300 3496
8839 4 2 100 1 2125 3261 2949 3671
8840 4 2 100 1 3676 2273 3535 2807
8841 4 2 100 1 394 353 337 3336
8842 4 2 100 1 2637 3104 1090 3404
8843 4 2 100 1 788 789 909 3971
8844 4 2 100 1 1495 3178 834 1199
8845 4 2 100 1 1045 3107 2541 3361
8846 4 2 100 1 3631 1264 3988 3149
8847 4 2 100 1 749 1430 1453 4006
8848 4 2 100 1 2889 3369 2005 3517
8849 4 2 100 1 2210 2544 3026 3331
8850 4 2 100 1 130 2547 1892 3341
8851 4 2 100 1 2683 3456 1195 3063
8852 4 2 100 1 2913 3301 2410 2183
8853 4 2 100 1 2449 3347 3115 3790
8854 4 2 100 1 917 2896 2740 4097
8855 4 2 100 1 2265 3190 3144 3907
8856 4 2 100 1 3001 360 615 3156
8857 4 2 100 1 928 1450 2432 3688
8858 4 2 100 1 931 970 933 2917
8859 4 2 100 1 2327 3140 3061 2420
8860 4 2 100 1 1382 1180 1181 3908
8861 4 2 100 1 1305 2539 3248 4097
8862 4 2 100 1 1326 2473 3098 4002
8863 4 2 100 1 1376 1298 1066 2651
8864 4 2 100 1 2273 2871 2508 3289
8865 4 2 100 1 2326 2696 3305 3387
8866 4 2 100 1 2829 3235 3212 4081
8867 4 2 100 1 1639 2607 3265 3397
8868 4 2 100 1 1030 2620 986 1029
8869 4 2 100 1 775 773 2931 3441
8870 4 2 100 1 2497 3312 2247 3740
8871 4 2 100 1 2401 2308 3244 3199
8872 4 2 100 1 1800 2521 3639 2074
8873 4 2 100 1 3253 952 3502 4034
8874 4 2 100 1 4043 3791 2723 2194
8875 4 2 100 1 2586 2147 2760 3374
8876 4 2 100 1 1967 1903 1749 3448
8877 4 2 100 1 2776 3572 3107 3719
8878 4 2 100 1 2328 2742 3243 3435
8879 4 2 100 1 2163 3156 2885 3899
8880 4 2 100 1 2292 3630 3173 3731
8881 4 2 100 1 3150 3476 2535 3871
8882 4 2 100 1 4108 950 4092 2560
8883 4 2 100 1 2561 2792 2226 3691
8884 4 2 100 1 3453 3591 2568 3325
8885 4 2 100 1 1815 1817 1833 4005
8886 4 2 100 1 2220 2732 2609 3491
8887 4 2 100 1 2317 2637 3299 3670
8888 4 2 100 1 335 3117 478 3697
8889 4 2 100 1 2214 2585 2634 2420
8890 4 2 100 1 2242 3042 2761 3834
8891 4 2 100 1 2124 2950 2575 3573
8892 4 2 100 1 2232 3541 2109 2496
8893 4 2 100 1 1348 1042 2905 3215
8894 4 2 100 1 3247 3840 1628 1635
8895 4 2 100 1 3428 3671 3668 3003
8896 4 2 100 1 2407 2764 2444 3992
8897 4 2 100 1 319 655 2437 3869
8898 4 2 100 1 1792 2642 2072 3444
8899 4 2 100 1 2187 2498 2785 3513
8900 4 2 100 1 2329 2996 2931 3854
8901 4 2 100 1 3788 3722 1874 2965
8902 4 2 100 1 2728 3050 2223 3175
8903 4 2 100 1 2500 2812 2382 3857
8904 4 2 100 1 2506 3144 1304 3190
8905 4 2 100 1 1864 2044 1865 3621
8906 4 2 100 1 1898 2735 4116 4099
8907 4 2 100 1 1083 2758 1430 3838
8908 4 2 100 1 2191 3416 3002 3520
8909 4 2 100 1 931 2574 932 3688
8910 4 2 100 1 2170 2664 3403 3549
8911 4 2 100 1 2176 2635 2921 3191
8912 4 2 100 1 2455 2837 2191 2865
8913 4 2 100 1 1843 3228 2704 3760
8914 4 2 100 1 2655 3422 1837 3615
8915 4 2 100 1 4108 4092 950 806
8916 4 2 100 1 4048 3371 3725 2487
8917 4 2 100 1 2536 3120 2450 3263
8918 4 2 100 1 3440 2183 2844 4101
8919 4 2 100 1 1342 2490 3399 3344
8920 4 2 100 1 489 183 678 3383
8921 4 2 100 1 2198 3393 3144 3907
8922 4 2 100 1 1987 2635 1835 3154
8923 4 2 100 1 3420 3905 4103 2425
8924 4 2 100 1 1191 2860 1014 3452
8925 4 2 100 1 2243 3558 3519 3642
8926 4 2 100 1 1120 992 2825 3635
8927 4 2 100 1 3047 3239 3777 2107
8928 4 2 100 1 1051 2731 2879 3816
8929 4 2 100 1 1886 150 149 4138
8930 4 2 100 1 2688 2884 2316 3518
8931 4 2 100 1 2374 2250 3259 4053
8932 4 2 100 1 154 155 4123 1901
8933 4 2 100 1 1548 2784 3375 3819
8934 4 2 100 1 3557 2873 2785 306
8935 4 2 100 1 2306 2562 3123 4021
8936 4 2 100 1 2484 2533 3235 3650
8937 4 2 100 1 2605 2958 2547 3341
8938 4 2 100 1 3557 2873 306 2492
8939 4 2 100 1 2530 2181 2877 3143
8940 4 2 100 1 3158 2612 3475 3667
8941 4 2 100 1 2439 3052 2980 3649
8942 4 2 100 1 436 658 556 3805
8943 4 2 100 1 2881 2475 2202 3237
8944 4 2 100 1 2468 2234 2923 3818
8945 4 2 100 1 1351 2544 1095 3404
8946 4 2 100 1 2252 2979 2613 3755
8947 4 2 100 1 2526 2312 3329 3648
8948 4 2 100 1 4020 2427 2135 3933
8949 4 2 100 1 2221 3483 2633 3886
8950 4 2 100 1 975 1018 1274 3172
8951 4 2 100 1 3107 3882 3361 3945
8952 4 2 100 1 3345 3877 2417 4036
8953 4 2 100 1 2199 2560 2875 3962
8954 4 2 100 1 2595 3421 2656 3426
8955 4 2 100 1 2706 2947 173 3640
8956 4 2 100 1 1351 2544 3404 3545
8957 4 2 100 1 3699 1851 3766 1850
8958 4 2 100 1 2776 3350 2541 3572
8959 4 2 100 1 2494 2721 2146 3947
8960 4 2 100 1 2418 3669 410 3800
8961 4 2 100 1 2109 2736 3051 3352
8962 4 2 100 1 2129 3510 2627 3338
8963 4 2 100 1 283 2592 707 3672
8964 4 2 100 1 2137 2368 2669 2832
8965 4 2 100 1 130 2025 3296 3639
8966 4 2 100 1 3672 3496 2548 251
8967 4 2 100 1 2968 3293 83 3511
8968 4 2 100 1 2895 313 240 582
8969 4 2 100 1 3676 2273 2807 3315
8970 4 2 100 1 2164 3358 3960 4083
8971 4 2 100 1 829 830 831 2568
8972 4 2 100 1 164 681 631 3675
8973 4 2 100 1 3285 4042 2205 4107
8974 4 2 100 1 2196 2868 2471 3903
8975 4 2 100 1 3500 3694 11 555
8976 4 2 100 1 2828 3128 2430 3202
8977 4 2 100 1 2626 3018 2853 2233
8978 4 2 100 1 2350 3274 3123 3874
8979 4 2 100 1 1285 3406 2822 1377
8980 4 2 100 1 1852 1851 1853 2586
8981 4 2 100 1 2228 3287 3109 3744
8982 4 2 100 1 13 3334 167 3694
8983 4 2 100 1 2497 3189 2132 3740
8984 4 2 100 1 2258 3043 2588 3000
8985 4 2 100 1 2816 3306 3143 3958
8986 4 2 100 1 1025 3668 1392 4034
8987 4 2 100 1 2528 3571 2422 2229
8988 4 2 100 1 1093 1090 1350 3404
8989 4 2 100 1 1324 1084 1126 3481
8990 4 2 100 1 2960 3325 2295 3367
8991 4 2 100 1 2666 2712 2435 3488
8992 4 2 100 1 2333 2786 3198 3711
8993 4 2 100 1 2316 3411 2257 2817
8994 4 2 100 1 2480 2182 3165 3689
8995 4 2 100 1 514 639 177 3836
8996 4 2 100 1 3445 3508 2161 4032
8997 4 2 100 1 2384 3948 2534 3829
8998 4 2 100 1 2909 2232 3192 3541
8999 4 2 100 1 2580 2641 2171 3316
9000 4 2 100 1 4113 2826 3842 2554
9001 4 2 100 1 10 2630 11 3500
9002 4 2 100 1 2619 3081 2328 3243
9003 4 2 100 1 69 3108 2478 3779
9004 4 2 100 1 3882 3725 2541 2325
9005 4 2 100 1 2101 3267 3056 3551
9006 4 2 100 1 2395 2935 2563 3015
9007 4 2 100 1 2559 3464 2300 3844
9008 4 2 100 1 3478 4083 2777 2323
9009 4 2 100 1 225 2543 545 3244
9010 4 2 100 1 2278 2918 2847 3856
9011 4 2 100 1 3597 3944 3449 2434
9012 4 2 100 1 2166 3338 2710 3640
9013 4 2 100 1 2580 2171 2641 2974
9014 4 2 100 1 1935 1714 1724 3813
9015 4 2 100 1 2638 3384 3821 3663
9016 4 2 100 1 1108 2419 1393 3614
9017 4 2 100 1 818 2776 965 3107
9018 4 2 100 1 701 644 316 2492
9019 4 2 100 1 1856 1530 2001 4043
9020 4 2 100 1 2127 2595 2872 2355
9021 4 2 100 1 2110 2881 2463 3237
9022 4 2 100 1 1687 1589 1587 2924
9023 4 2 100 1 855 2490 856 857
9024 4 2 100 1 2810 2149 3283 3451
9025 4 2 100 1 2488 3362 3004 2298
9026 4 2 100 1 2146 3022 2411 2616
9027 4 2 100 1 3756 3496 2140 2431
9028 4 2 100 1 3812 3408 4083 2777
9029 4 2 100 1 2002 1591 1843 2704
9030 4 2 100 1 993 3153 4110 2973
9031 4 2 100 1 4056 3214 3574 2719
9032 4 2 100 1 2112 2512 3085 3231
9033 4 2 100 1 2153 2250 2511 3459
9034 4 2 100 1 3275 3701 2310 3919
9035 4 2 100 1 3934 3653 2207 4010
9036 4 2 100 1 2636 2281 2989 3437
9037 4 2 100 1 3223 3229 2616 3524
9038 4 2 100 1 2558 3523 2493 3777
9039 4 2 100 1 2382 3178 2687 3617
9040 4 2 100 1 2194 3409 2618 3791
9041 4 2 100 1 131 1557 130 3177
9042 4 2 100 1 320 586 2959 3064
9043 4 2 100 1 2464 2638 2799 3724
9044 4 2 100 1 2920 3546 3347 4112
9045 4 2 100 1 2308 3503 2747 2408
9046 4 2 100 1 3003 2502 3428 3671
9047 4 2 100 1 431 2615 429 3713
9048 4 2 100 1 2124 2950 3573 2297
9049 4 2 100 1 1880 1879 1737 3556
9050 4 2 100 1 1368 2473 1057 3751
9051 4 2 100 1 4045 2862 2793 2348
9052 4 2 100 1 2631 3109 2228 4071
9053 4 2 100 1 2290 3038 2480 3689
9054 4 2 100 1 3127 3535 2805 3784
9055 4 2 100 1 695 433 2483 3373
9056 4 2 100 1 1038 2902 2897 4031
9057 4 2 100 1 1152 2773 2566 3277
9058 4 2 100 1 526 690 681 3904
9059 4 2 100 1 3449 3944 3597 2720
9060 4 2 100 1 2168 2976 2558 3920
9061 4 2 100 1 1979 2694 1918 1920
9062 4 2 100 1 2119 2945 3304 3946
9063 4 2 100 1 1327 2917 931 3227
9064 4 2 100 1 3262 546 43 2947
9065 4 2 100 1 2216 2542 3376 3876
9066 4 2 100 1 3735 2598 3831 2660
9067 4 2 100 1 2913 3724 2144 2638
9068 4 2 100 1 3436 3620 2608 4090
9069 4 2 100 1 2453 3017 2243 2732
9070 4 2 100 1 893 895 3269 3332
9071 4 2 100 1 2181 2816 3143 3958
9072 4 2 100 1 3262 43 546 573
9073 4 2 100 1 820 2651 3113 1376
9074 4 2 100 1 4057 2266 2652 2185
9075 4 2 100 1 2429 2996 2323 3348
9076 4 2 100 1 2669 2211 3148 3785
9077 4 2 100 1 2652 2266 4057 2495
9078 4 2 100 1 2652 2551 4057 2185
9079 4 2 100 1 2794 3308 3163 3877
9080 4 2 100 1 2231 2899 2645 3492
9081 4 2 100 1 2404 808 3501 3588
9082 4 2 100 1 2651 3113 3682 3719
9083 4 2 100 1 1058 1260 3356 3704
9084 4 2 100 1 4057 2551 2652 2495
9085 4 2 100 1 1102 2570 1440 3796
9086 4 2 100 1 1646 3398 3039 3626
9087 4 2 100 1 1743 2074 2056 2521
9088 4 2 100 1 2401 244 3753 4080
9089 4 2 100 1 2133 2818 2783 3487
9090 4 2 100 1 1629 3692 3247 4024
9091 4 2 100 1 2134 2833 2911 3886
9092 4 2 100 1 3017 2214 2470 2585
9093 4 2 100 1 888 886 1250 3748
9094 4 2 100 1 3275 3405 3707 2623
9095 4 2 100 1 2588 2730 2101 2257
9096 4 2 100 1 2258 3829 2992 2127
9097 4 2 100 1 2234 2663 2468 3585
9098 4 2 100 1 2290 2480 3165 3689
9099 4 2 100 1 2919 3026 2582 3950
9100 4 2 100 1 1878 1600 2866 3559
9101 4 2 100 1 3248 2703 920 4007
9102 4 2 100 1 2552 2158 2854 4074
9103 4 2 100 1 2511 2892 2377 3459
9104 4 2 100 1 2289 2707 2472 3354
9105 4 2 100 1 89 1371 90 3797
9106 4 2 100 1 2793 2348 3873 4045
9107 4 2 100 1 751 1204 2443 3097
9108 4 2 100 1 2499 3032 2198 3189
9109 4 2 100 1 2992 3320 2258 2127
9110 4 2 100 1 2195 2516 2754 2853
9111 4 2 100 1 2159 2544 3026 3670
9112 4 2 100 1 2902 3070 1181 3908
9113 4 2 100 1 2378 3170 2733 4063
9114 4 2 100 1 1974 1949 2021 3273
9115 4 2 100 1 1554 2930 1973 3843
9116 4 2 100 1 2696 2808 551 3836
9117 4 2 100 1 3464 3581 4079 2594
9118 4 2 100 1 3463 3129 3724 2464
9119 4 2 100 1 2252 2721 2494 3947
9120 4 2 100 1 2213 3093 2418 3910
9121 4 2 100 1 2925 2384 3067 3982
9122 4 2 100 1 2314 3455 2648 2880
9123 4 2 100 1 694 373 543 2592
9124 4 2 100 1 2517 2592 2140 3114
9125 4 2 100 1 2345 2631 2453 4059
9126 4 2 100 1 2258 3043 2611 3510
9127 4 2 100 1 2636 2203 3410 3605
9128 4 2 100 1 2656 2166 2551 3749
9129 4 2 100 1 1034 3277 1104 3473
9130 4 2 100 1 3841 3931 2536 3534
9131 4 2 100 1 2016 3458 1998 2840
9132 4 2 100 1 3851 750 1186 1185
9133 4 2 100 1 2130 2338 2688 3499
9134 4 2 100 1 829 830 2568 3453
9135 4 2 100 1 2528 2125 2644 3678
9136 4 2 100 1 615 3001 2749 680
9137 4 2 100 1 2139 2531 3464 4087
9138 4 2 100 1 297 326 327 2517
9139 4 2 100 1 2480 3038 2182 3689
9140 4 2 100 1 2952 3150 2309 3857
9141 4 2 100 1 2915 3129 2464 3926
9142 4 2 100 1 2559 3056 2300 3464
9143 4 2 100 1 409 675 2845 3800
9144 4 2 100 1 888 2830 1250 3961
9145 4 2 100 1 2236 2972 2599 3054
9146 4 2 100 1 2343 3359 2890 2421
9147 4 2 100 1 331 3402 237 3955
9148 4 2 100 1 1034 2773 3277 3473
9149 4 2 100 1 2185 3167 2765 3433
9150 4 2 100 1 2592 2608 2140 3114
9151 4 2 100 1 2300 2940 2622 3161
9152 4 2 100 1 1652 2529 1651 3626
9153 4 2 100 1 3150 3591 2309 3857
9154 4 2 100 1 3238 2934 3899 2517
9155 4 2 100 1 2112 2716 2512 3231
9156 4 2 100 1 2426 2894 2263 2961
9157 4 2 100 1 2513 3193 2715 3990
9158 4 2 100 1 1648 3039 1791 3458
9159 4 2 100 1 3368 3851 1186 2715
9160 4 2 100 1 2167 3124 2952 3719
9161 4 2 100 1 2884 3403 2316 3953
9162 4 2 100 1 3067 3646 2925 3982
9163 4 2 100 1 2536 2647 2446 3841
9164 4 2 100 1 2189 2406 2744 2967
9165 4 2 100 1 2255 2624 3079 3317
9166 4 2 100 1 3836 3230 3387 2318
9167 4 2 100 1 24 760 25 3743
9168 4 2 100 1 2417 2836 2126 3071
9169 4 2 100 1 2108 3673 2422 2229
9170 4 2 100 1 3209 2465 2143 3780
9171 4 2 100 1 2745 3087 2248 3384
9172 4 2 100 1 944 977 1282 3995
9173 4 2 100 1 974 1288 3003 3428
9174 4 2 100 1 1429 2474 3225 3445
9175 4 2 100 1 3836 3387 3230 2696
9176 4 2 100 1 3719 2545 2354 3124
9177 4 2 100 1 2465 2538 2863 3332
9178 4 2 100 1 3730 4088 2860 4112
9179 4 2 100 1 1341 897 819 3090
9180 4 2 100 1 3130 3438 2430 2160
9181 4 2 100 1 2167 3882 3107 4012
9182 4 2 100 1 2839 2213 3093 3268
9183 4 2 100 1 2321 2499 3032 3982
9184 4 2 100 1 2307 2713 2824 3241
9185 4 2 100 1 85 1990 2968 3372
9186 4 2 100 1 2146 2643 2546 3586
9187 4 2 100 1 37 2770 3146 3280
9188 4 2 100 1 1608 3125 2993 3579
9189 4 2 100 1 2599 2665 2232 3192
9190 4 2 100 1 2133 2783 2946 3487
9191 4 2 100 1 2348 2937 3629 3873
9192 4 2 100 1 3950 2159 3026 2582
9193 4 2 100 1 2439 3344 1129 2541
9194 4 2 100 1 1141 3014 1239 3437
9195 4 2 100 1 1945 1909 2564 3039
9196 4 2 100 1 2654 2170 3119 3915
9197 4 2 100 1 2732 2609 3491 2099
9198 4 2 100 1 1338 863 2451 4086
9199 4 2 100 1 2546 2010 2460 2722
9200 4 2 100 1 3940 913 912 911
9201 4 2 100 1 1323 735 1464 2593
9202 4 2 100 1 2593 1322 2729 3333
9203 4 2 100 1 2799 3554 3724 2638
9204 4 2 100 1 477 2518 2718 3383
9205 4 2 100 1 2747 3076 2189 3712
9206 4 2 100 1 616 382 406 3302
9207 4 2 100 1 895 3269 3332 3961
9208 4 2 100 1 1088 2603 2861 4031
9209 4 2 100 1 2452 3602 3002 3703
9210 4 2 100 1 3519 3558 2734 3642
9211 4 2 100 1 2805 2714 2319 4058
9212 4 2 100 1 2494 2643 2146 3586
9213 4 2 100 1 105 1983 104 3937
9214 4 2 100 1 2492 316 439 644
9215 4 2 100 1 3940 912 913 3021
9216 4 2 100 1 772 2670 1011 1173
9217 4 2 100 1 2554 2815 2294 3580
9218 4 2 100 1 88 3303 4026 3895
9219 4 2 100 1 2103 2556 3169 3738
9220 4 2 100 1 3197 3777 3504 2284
9221 4 2 100 1 2832 3414 3337 3182
9222 4 2 100 1 2531 3043 2611 3071
9223 4 2 100 1 3255 2807 2974 2577
9224 4 2 100 1 2528 2125 3074 3261
9225 4 2 100 1 1706 1675 1637 2939
9226 4 2 100 1 2479 3957 3377 4089
9227 4 2 100 1 627 2525 3697 2790
9228 4 2 100 1 3616 2781 2214 3099
9229 4 2 100 1 2671 2983 2345 4059
9230 4 2 100 1 2105 2828 2646 2453
9231 4 2 100 1 2323 2509 3250 3348
9232 4 2 100 1 188 2654 3222 3272
9233 4 2 100 1 2127 2399 2872 3042
9234 4 2 100 1 1545 1926 2723 3013
9235 4 2 100 1 2491 2208 2487 3457
9236 4 2 100 1 3468 3503 2408 4093
9237 4 2 100 1 3238 3899 3717 2163
9238 4 2 100 1 2619 2909 2838 3007
9239 4 2 100 1 510 3595 2623 3707
9240 4 2 100 1 2812 3946 2685 2160
9241 4 2 100 1 713 2615 3180 3941
9242 4 2 100 1 2199 2834 2560 3962
9243 4 2 100 1 3616 2214 2781 2552
9244 4 2 100 1 2893 3451 2304 3754
9245 4 2 100 1 851 3205 2471 3799
9246 4 2 100 1 2360 3771 2891 3920
9247 4 2 100 1 2322 2684 2736 4072
9248 4 2 100 1 2286 3000 2645 3542
9249 4 2 100 1 4072 2183 3301 2913
9250 4 2 100 1 4017 3930 203 3027
9251 4 2 100 1 3301 2183 4072 2322
9252 4 2 100 1 2340 2724 2359 2135
9253 4 2 100 1 2517 373 374 327
9254 4 2 100 1 2231 3308 2772 3820
9255 4 2 100 1 3865 3199 2824 2307
9256 4 2 100 1 2231 3492 3000 3497
9257 4 2 100 1 1662 1660 3390 3480
9258 4 2 100 1 2132 3740 3189 3959
9259 4 2 100 1 2221 2833 2491 3540
9260 4 2 100 1 2298 3149 2711 3631
9261 4 2 100 1 895 3332 888 3961
9262 4 2 100 1 2197 3155 2519 3521
9263 4 2 100 1 1402 3533 1504 4006
9264 4 2 100 1 650 568 470 2801
9265 4 2 100 1 2305 3424 2665 2817
9266 4 2 100 1 1560 1563 2573 3185
9267 4 2 100 1 989 1470 3174 3389
9268 4 2 100 1 2954 3632 2709 2115
9269 4 2 100 1 2389 3154 1829 3300
9270 4 2 100 1 2226 2792 2561 3629
9271 4 2 100 1 2582 2788 2104 3950
9272 4 2 100 1 886 2465 887 3662
9273 4 2 100 1 257 2959 664 3447
9274 4 2 100 1 3988 3971 3149 1264
9275 4 2 100 1 820 2651 1376 1349
9276 4 2 100 1 701 644 2492 3630
9277 4 2 100 1 2799 3724 3554 2314
9278 4 2 100 1 1312 1313 2815 3842
9279 4 2 100 1 2158 2345 3005 2671
9280 4 2 100 1 1274 1397 2971 4091
9281 4 2 100 1 2442 3438 2826 3584
9282 4 2 100 1 3231 2624 3079 2255
9283 4 2 100 1 2426 3125 2494 3859
9284 4 2 100 1 3463 3129 2464 3541
9285 4 2 100 1 3301 2681 4072 2913
9286 4 2 100 1 235 3035 2557 4065
9287 4 2 100 1 3098 3329 2312 3648
9288 4 2 100 1 3012 3281 2343 3866
9289 4 2 100 1 2044 1973 1554 2930
9290 4 2 100 1 643 256 254 3512
9291 4 2 100 1 9 1289 3500 4066
9292 4 2 100 1 2255 3231 2624 2136
9293 4 2 100 1 3448 2359 3060 4024
9294 4 2 100 1 2280 2872 2399 3042
9295 4 2 100 1 2888 3235 2533 3650
9296 4 2 100 1 2420 2646 2634 3710
9297 4 2 100 1 3079 3231 2380 3868
9298 4 2 100 1 2796 3495 2414 2239
9299 4 2 100 1 2598 709 602 3756
9300 4 2 100 1 2358 2211 3065 3242
9301 4 2 100 1 2226 2818 2783 3208
9302 4 2 100 1 4072 3301 3665 2681
9303 4 2 100 1 2197 2926 2628 3155
9304 4 2 100 1 3931 1875 2073 2536
9305 4 2 100 1 3294 3075 2507 3920
9306 4 2 100 1 564 2790 555 3694
9307 4 2 100 1 991 1202 3269 3460
9308 4 2 100 1 2492 2376 3323 3560
9309 4 2 100 1 3931 2073 1875 1862
9310 4 2 100 1 130 3296 2547 3639
9311 4 2 100 1 914 916 915 4097
9312 4 2 100 1 2246 2446 2536 3758
9313 4 2 100 1 2113 2782 2491 2875
9314 4 2 100 1 4029 1934 1759 1838
9315 4 2 100 1 2850 3014 3314 3437
9316 4 2 100 1 2134 2653 2393 3124
9317 4 2 100 1 676 446 2399 3787
9318 4 2 100 1 2512 2666 2255 3687
9319 4 2 100 1 1113 1464 1130 3533
9320 4 2 100 1 2396 3740 3189 3956
9321 4 2 100 1 3178 3617 1466 2687
9322 4 2 100 1 1773 1772 1710 3810
9323 4 2 100 1 625 3336 428 3330
9324 4 2 100 1 516 515 576 3595
9325 4 2 100 1 3430 2531 3161 2129
9326 4 2 100 1 2447 2311 3638 2797
9327 4 2 100 1 2579 754 2814 4082
9328 4 2 100 1 240 582 303 2895
9329 4 2 100 1 2535 3476 3240 3871
9330 4 2 100 1 3638 2311 2447 3338
9331 4 2 100 1 2635 1827 3782 3023
9332 4 2 100 1 1687 3537 3458 4022
9333 4 2 100 1 2883 3454 2617 2209
9334 4 2 100 1 2123 2996 3289 3348
9335 4 2 100 1 4061 3610 2662 3479
9336 4 2 100 1 889 2538 896 3298
9337 4 2 100 1 4043 3791 2194 2606
9338 4 2 100 1 3949 3096 12 1375
9339 4 2 100 1 2217 2440 2901 3772
9340 4 2 100 1 3949 12 3096 3694
9341 4 2 100 1 1615 1804 1805 2907
9342 4 2 100 1 2227 2556 2764 2187
9343 4 2 100 1 2649 3158 2202 3010
9344 4 2 100 1 469 569 566 4003
9345 4 2 100 1 738 1455 3283 3451
9346 4 2 100 1 2190 2719 2590 2955
9347 4 2 100 1 2245 3239 3776 3777
9348 4 2 100 1 2213 3161 2392 3910
9349 4 2 100 1 2616 3223 2540 3229
9350 4 2 100 1 2929 3036 2824 2408
9351 4 2 100 1 2245 3239 3777 3902
9352 4 2 100 1 2207 2428 2825 3653
9353 4 2 100 1 351 3175 371 350
9354 4 2 100 1 1894 2567 3179 1871
9355 4 2 100 1 2680 3679 3016 3902
9356 4 2 100 1 1949 3185 2021 3273
9357 4 2 100 1 2543 254 453 252
9358 4 2 100 1 2466 2848 2192 3160
9359 4 2 100 1 2537 3633 2148 4018
9360 4 2 100 1 2500 2309 3279 3453
9361 4 2 100 1 2585 2420 3099 2224
9362 4 2 100 1 2396 3189 3740 3959
9363 4 2 100 1 3304 3571 2535 3742
9364 4 2 100 1 738 3283 1289 4066
9365 4 2 100 1 1551 2876 2667 3570
9366 4 2 100 1 2714 2463 3127 3237
9367 4 2 100 1 2128 2587 2972 3715
9368 4 2 100 1 2118 2838 2619 3081
9369 4 2 100 1 887 3298 2465 3332
9370 4 2 100 1 2348 3678 2937 3873
9371 4 2 100 1 2294 2539 2938 2532
9372 4 2 100 1 3438 3454 2617 2160
9373 4 2 100 1 1661 1662 1660 3390
9374 4 2 100 1 2486 105 3176 3600
9375 4 2 100 1 2777 3437 2281 3747
9376 4 2 100 1 2922 3184 2243 3401
9377 4 2 100 1 2295 3325 2687 3367
9378 4 2 100 1 1760 2427 2069 3458
9379 4 2 100 1 3460 3622 1202 2553
9380 4 2 100 1 168 493 621 2708
9381 4 2 100 1 2151 2561 2862 3256
9382 4 2 100 1 2449 2783 3806 3808
9383 4 2 100 1 3174 3361 1170 3734
9384 4 2 100 1 3775 403 367 2629
9385 4 2 100 1 2512 2255 2666 3085
9386 4 2 100 1 2145 2891 3920 3294
9387 4 2 100 1 2081 1792 1921 3570
9388 4 2 100 1 513 2696 2808 551
9389 4 2 100 1 1060 2980 1412 3052
9390 4 2 100 1 3775 367 403 689
9391 4 2 100 1 2281 2123 2695 3960
9392 4 2 100 1 681 3904 2988 526
9393 4 2 100 1 2652 3168 2216 3728
9394 4 2 100 1 4079 2106 2594 3581
9395 4 2 100 1 2227 3145 3076 2188
9396 4 2 100 1 1215 2906 1424 3825
9397 4 2 100 1 2917 3103 2276 3454
9398 4 2 100 1 3177 3296 2460 2976
9399 4 2 100 1 2542 2806 2307 3241
9400 4 2 100 1 2052 3273 3016 2476
9401 4 2 100 1 165 17 3073 3284
9402 4 2 100 1 2281 3960 2695 4111
9403 4 2 100 1 2139 2531 3355 3464
9404 4 2 100 1 1197 3178 1466 2639
9405 4 2 100 1 2244 2861 2590 3954
9406 4 2 100 1 2431 3496 301 3756
9407 4 2 100 1 2130 3212 2829 3235
9408 4 2 100 1 4043 3674 2194 2791
9409 4 2 100 1 2652 3168 3728 2551
9410 4 2 100 1 1347 1065 1381 2739
9411 4 2 100 1 2562 3211 1580 3822
9412 4 2 100 1 3937 741 105 3600
9413 4 2 100 1 3735 3064 3324 2249
9414 4 2 100 1 2232 2497 2838 3636
9415 4 2 100 1 2387 3827 303 3917
9416 4 2 100 1 2528 2644 2125 3261
9417 4 2 100 1 3937 105 741 104
9418 4 2 100 1 763 1449 1296 4063
9419 4 2 100 1 3525 70 166 3872
9420 4 2 100 1 2670 2928 2319 3989
9421 4 2 100 1 2624 2121 3868 3079
9422 4 2 100 1 3139 3142 2412 3767
9423 4 2 100 1 2745 2248 3087 3485
9424 4 2 100 1 2765 3641 3167 3890
9425 4 2 100 1 2142 2956 2640 3416
9426 4 2 100 1 2386 2304 2893 3451
9427 4 2 100 1 2426 3274 2263 3553
9428 4 2 100 1 2720 3449 3157 3597
9429 4 2 100 1 2568 2960 2295 3476
9430 4 2 100 1 1983 105 1522 3176
9431 4 2 100 1 3453 3591 3325 2500
9432 4 2 100 1 3724 3926 2314 2799
9433 4 2 100 1 100 743 101 3875
9434 4 2 100 1 2302 3982 2499 3646
9435 4 2 100 1 3669 593 3276 617
9436 4 2 100 1 2216 2806 3105 3376
9437 4 2 100 1 593 3276 617 287
9438 4 2 100 1 1015 1077 3193 3718
9439 4 2 100 1 2302 3646 3067 3982
9440 4 2 100 1 237 577 3171 3402
9441 4 2 100 1 773 2814 2931 3441
9442 4 2 100 1 2181 2816 2621 3854
9443 4 2 100 1 1140 1373 1442 3354
9444 4 2 100 1 2182 2480 2846 2368
9445 4 2 100 1 3960 4083 2281 2123
9446 4 2 100 1 2588 2940 2300 2531
9447 4 2 100 1 85 2968 3368 3372
9448 4 2 100 1 3628 3860 3493 2849
9449 4 2 100 1 4119 716 2864 729
9450 4 2 100 1 3099 2420 3637 2224
9451 4 2 100 1 1142 1052 1149 3668
9452 4 2 100 1 4012 2269 2651 3719
9453 4 2 100 1 2528 2987 3678 2229
9454 4 2 100 1 3960 2281 4083 3358
9455 4 2 100 1 1879 1600 1958 3556
9456 4 2 100 1 3468 3503 4093 213
9457 4 2 100 1 2779 3882 3589 3993
9458 4 2 100 1 2101 3056 2588 3318
9459 4 2 100 1 3323 3560 2376 2187
9460 4 2 100 1 3283 1081 1435 1290
9461 4 2 100 1 3862 2917 3474 1327
9462 4 2 100 1 2129 2611 3510 3338
9463 4 2 100 1 3283 1435 1081 2602
9464 4 2 100 1 1022 1059 3569 4100
9465 4 2 100 1 2416 2189 2929 2550
9466 4 2 100 1 2142 2956 2682 2454
9467 4 2 100 1 2974 2807 2233 3018
9468 4 2 100 1 2294 2938 2554 3858
9469 4 2 100 1 1220 1222 1383 4114
9470 4 2 100 1 2430 3438 2617 2160
9471 4 2 100 1 862 3135 3087 4086
9472 4 2 100 1 921 920 3248 2703
9473 4 2 100 1 2147 2521 2358 3028
9474 4 2 100 1 2934 3620 2592 3672
9475 4 2 100 1 695 2483 500 3867
9476 4 2 100 1 957 2897 2474 3360
9477 4 2 100 1 2118 2838 3081 3907
9478 4 2 100 1 1218 890 1257 2886
9479 4 2 100 1 2171 3255 2577 2732
9480 4 2 100 1 2892 1838 2655 4029
9481 4 2 100 1 2704 2751 1763 3894
9482 4 2 100 1 4045 2862 2348 3183
9483 4 2 100 1 1285 2672 2822 3406
9484 4 2 100 1 188 3222 445 3272
9485 4 2 100 1 3889 3700 812 813
9486 4 2 100 1 3468 3503 213 3762
9487 4 2 100 1 2251 3619 3020 4109
9488 4 2 100 1 1930 2016 2840 2939
9489 4 2 100 1 2298 3736 3362 3964
9490 4 2 100 1 2466 2977 3160 3634
9491 4 2 100 1 3938 3431 2831 1507
9492 4 2 100 1 2153 2614 3133 3619
9493 4 2 100 1 130 3296 3177 2547
9494 4 2 100 1 2303 3088 2544 2159
9495 4 2 100 1 2412 3033 2690 3589
9496 4 2 100 1 2268 3225 3149 3971
9497 4 2 100 1 164 2988 681 3675
9498 4 2 100 1 1713 1715 2605 3813
9499 4 2 100 1 974 3428 4105 973
9500 4 2 100 1 1459 2960 1286 3367
9501 4 2 100 1 2314 2870 2589 3141
9502 4 2 100 1 2491 3540 2487 3627
9503 4 2 100 1 1980 3375 2741 3450
9504 4 2 100 1 2847 2918 2278 3994
9505 4 2 100 1 2821 2872 2467 3249
9506 4 2 100 1 3889 812 3700 2969
9507 4 2 100 1 3172 3944 3942 2971
9508 4 2 100 1 2457 3352 3051 3543
9509 4 2 100 1 2191 2865 2837 3002
9510 4 2 100 1 3942 3944 3172 2434
9511 4 2 100 1 2437 2318 2823 3324
9512 4 2 100 1 2596 3410 2203 3605
9513 4 2 100 1 1877 2605 1788 3341
9514 4 2 100 1 1495 3178 1199 3584
9515 4 2 100 1 899 1005 1006 3605
9516 4 2 100 1 3443 4126 142 4133
9517 4 2 100 1 3839 3780 3240 3086
9518 4 2 100 1 2356 2960 3309 2822
9519 4 2 100 1 561 3144 2518 3606
9520 4 2 100 1 1598 2510 1628 3247
9521 4 2 100 1 2937 2987 2843 3678
9522 4 2 100 1 2206 2985 3142 3767
9523 4 2 100 1 2273 3289 2508 3784
9524 4 2 100 1 2882 2970 2302 3775
9525 4 2 100 1 2630 3283 2386 3500
9526 4 2 100 1 2382 2812 2687 2160
9527 4 2 100 1 3823 3434 2149 3299
9528 4 2 100 1 712 2518 477 3383
9529 4 2 100 1 2882 2970 185 3134
9530 4 2 100 1 1630 1599 1629 2939
9531 4 2 100 1 2106 3054 2789 2372
9532 4 2 100 1 2141 2764 2444 3323
9533 4 2 100 1 469 2801 2381 4003
9534 4 2 100 1 267 2806 261 3376
9535 4 2 100 1 886 2465 3662 3748
9536 4 2 100 1 4126 1906 3443 142
9537 4 2 100 1 566 184 650 4003
9538 4 2 100 1 1139 2472 1140 1490
9539 4 2 100 1 1246 3293 3511 83
9540 4 2 100 1 3373 168 2708 3867
9541 4 2 100 1 2195 2715 3193 3452
9542 4 2 100 1 1790 2008 1978 3987
9543 4 2 100 1 3511 1246 83 1426
9544 4 2 100 1 2451 3087 2745 3384
9545 4 2 100 1 3335 1224 1223 2813
9546 4 2 100 1 1170 2690 3174 1137
9547 4 2 100 1 1374 2743 800 1172
9548 4 2 100 1 1153 1064 3529 3911
9549 4 2 100 1 1074 3104 3278 4078
9550 4 2 100 1 2194 3023 2352 2723
9551 4 2 100 1 1992 1633 2020 3154
9552 4 2 100 1 3454 3502 2949 2639
9553 4 2 100 1 2578 2277 2880 3909
9554 4 2 100 1 2929 3241 2824 2416
9555 4 2 100 1 2543 2692 2307 3979
9556 4 2 100 1 2775 3122 3696 2373
9557 4 2 100 1 1129 3350 2541 966
9558 4 2 100 1 3189 3628 2132 3959
9559 4 2 100 1 2166 2595 3221 3421
9560 4 2 100 1 2546 3265 2643 3881
9561 4 2 100 1 1440 2570 2771 3796
9562 4 2 100 1 2584 2694 2282 3479
9563 4 2 100 1 2925 3497 2499 3509
9564 4 2 100 1 2465 2863 2296 3332
9565 4 2 100 1 2988 3230 526 3904
9566 4 2 100 1 2382 3090 2826 3584
9567 4 2 100 1 92 2928 2658 3613
9568 4 2 100 1 1304 3144 764 3190
9569 4 2 100 1 1331 3157 849 3205
9570 4 2 100 1 1901 4129 2735 4123
9571 4 2 100 1 2917 3227 2209 3370
9572 4 2 100 1 3505 3894 2360 3294
9573 4 2 100 1 3315 3676 3763 2807
9574 4 2 100 1 3544 2243 2470 2922
9575 4 2 100 1 2112 3085 2975 3231
9576 4 2 100 1 3347 3546 2842 4112
9577 4 2 100 1 2225 3117 2706 3221
9578 4 2 100 1 1338 1354 1492 3598
9579 4 2 100 1 3129 2870 2314 3465
9580 4 2 100 1 2221 2439 3649 3052
9581 4 2 100 1 2216 2806 2542 3241
9582 4 2 100 1 1285 3406 1377 1414
9583 4 2 100 1 3237 3487 2475 3010
9584 4 2 100 1 335 332 478 3117
9585 4 2 100 1 1072 1010 1071 3091
9586 4 2 100 1 666 3160 2848 3644
9587 4 2 100 1 4052 2846 3229 2341
9588 4 2 100 1 1603 1959 1686 3798
9589 4 2 100 1 2557 3035 235 3917
9590 4 2 100 1 862 860 3087 3135
9591 4 2 100 1 1824 2023 2067 4096
9592 4 2 100 1 2848 2357 3830 4009
9593 4 2 100 1 2645 3492 2899 3493
9594 4 2 100 1 2116 3018 2714 3804
9595 4 2 100 1 1847 3300 2760 3883
9596 4 2 100 1 1176 3288 2612 3475
9597 4 2 100 1 2915 2789 3129 2152
9598 4 2 100 1 2485 3073 679 3606
9599 4 2 100 1 1429 1182 1040 3360
9600 4 2 100 1 2392 3119 590 3538
9601 4 2 100 1 2688 3518 2316 2966
9602 4 2 100 1 2148 2537 3547 3633
9603 4 2 100 1 2400 3515 3195 4058
9604 4 2 100 1 889 894 896 2538
9605 4 2 100 1 2228 2609 3287 3744
9606 4 2 100 1 2323 2509 4083 3250
9607 4 2 100 1 2462 3459 3075 2301
9608 4 2 100 1 1486 2739 1509 3575
9609 4 2 100 1 1129 3350 966 1123
9610 4 2 100 1 280 2765 281 3110
9611 4 2 100 1 2140 2548 2934 3496
9612 4 2 100 1 217 3726 547 3503
9613 4 2 100 1 1549 113 2729 3527
9614 4 2 100 1 432 695 433 2483
9615 4 2 100 1 217 2747 3726 3503
9616 4 2 100 1 2328 3440 2995 3598
9617 4 2 100 1 3808 3786 3806 2449
9618 4 2 100 1 552 3064 2504 3831
9619 4 2 100 1 2277 2601 3562 2880
9620 4 2 100 1 1524 3527 2080 3450
9621 4 2 100 1 2458 2910 2240 3029
9622 4 2 100 1 4089 3957 3621 2479
9623 4 2 100 1 2146 2546 2722 3586
9624 4 2 100 1 257 2959 2692 3979
9625 4 2 100 1 2259 3018 2974 3698
9626 4 2 100 1 2032 1616 2075 2746
9627 4 2 100 1 273 3496 3717 2934
9628 4 2 100 1 2893 8 4066 3451
9629 4 2 100 1 1158 3344 2439 3666
9630 4 2 100 1 1152 1104 1034 3277
9631 4 2 100 1 776 2738 1023 3288
9632 4 2 100 1 2120 3549 2966 4011
9633 4 2 100 1 3320 2258 2627 3510
9634 4 2 100 1 2029 1787 1786 3859
9635 4 2 100 1 2466 3160 2192 3634
9636 4 2 100 1 2536 3680 2073 3841
9637 4 2 100 1 1606 3069 2993 4000
9638 4 2 100 1 2215 2458 2886 3100
9639 4 2 100 1 3523 2546 2146 3201
9640 4 2 100 1 1745 1971 1682 3228
9641 4 2 100 1 2340 2359 2724 2750
9642 4 2 100 1 2864 3516 2774 3913
9643 4 2 100 1 3589 3882 2325 3993
9644 4 2 100 1 970 2917 1403 3582
9645 4 2 100 1 3878 1558 1560 2958
9646 4 2 100 1 2427 3270 2939 2135
9647 4 2 100 1 3788 3722 2965 2763
9648 4 2 100 1 51 52 169 3867
9649 4 2 100 1 3583 2400 2857 2279
9650 4 2 100 1 2250 2462 2737 3260
9651 4 2 100 1 2414 2233 2927 3763
9652 4 2 100 1 370 562 418 3695
9653 4 2 100 1 3042 3194 2399 3834
9654 4 2 100 1 1387 3096 2630 3966
9655 4 2 100 1 2357 2766 2691 3312
9656 4 2 100 1 3621 3957 4089 2930
9657 4 2 100 1 2403 2906 2335 3292
9658 4 2 100 1 2535 3571 3309 3742
9659 4 2 100 1 432 500 695 2483
9660 4 2 100 1 2158 3005 2539 2532
9661 4 2 100 1 2899 3497 3509 3628
9662 4 2 100 1 2182 3038 2480 2368
9663 4 2 100 1 1656 1969 1655 3815
9664 4 2 100 1 4095 2981 3328 2533
9665 4 2 100 1 2682 2956 3416 2191
9666 4 2 100 1 3116 3378 2235 3773
9667 4 2 100 1 2306 3123 3239 4021
9668 4 2 100 1 498 2396 624 3180
9669 4 2 100 1 2210 2438 2995 3331
9670 4 2 100 1 1263 1190 1209 4031
9671 4 2 100 1 741 2683 1235 1195
9672 4 2 100 1 2804 2208 3084 3932
9673 4 2 100 1 2285 2972 3054 3267
9674 4 2 100 1 184 4082 4003 34
9675 4 2 100 1 3045 3343 3381 2371
9676 4 2 100 1 2854 2342 3329 3484
9677 4 2 100 1 1797 2784 2701 3375
9678 4 2 100 1 2547 2605 2168 2958
9679 4 2 100 1 2323 2777 3478 3747
9680 4 2 100 1 2174 3168 3585 3728
9681 4 2 100 1 72 3268 2423 2767
9682 4 2 100 1 2502 2369 4105 2886
9683 4 2 100 1 1349 2651 3279 3548
9684 4 2 100 1 3807 3587 3772 2731
9685 4 2 100 1 3788 3722 2763 2076
9686 4 2 100 1 2907 3684 1615 3729
9687 4 2 100 1 2132 3189 2497 3224
9688 4 2 100 1 2556 2103 3169 3363
9689 4 2 100 1 1788 2903 1893 3341
9690 4 2 100 1 2191 2865 2432 3295
9691 4 2 100 1 1118 3103 2639 3502
9692 4 2 100 1 3708 3979 256 3512
9693 4 2 100 1 3118 3120 3661 2476
9694 4 2 100 1 2743 2834 2199 3031
9695 4 2 100 1 2635 2916 2352 3782
9696 4 2 100 1 2361 2913 2638 3391
9697 4 2 100 1 255 3708 3979 256
9698 4 2 100 1 2437 2307 2959 3869
9699 4 2 100 1 3361 2756 2325 2541
9700 4 2 100 1 2606 3311 2194 3674
9701 4 2 100 1 2109 3326 2705 3943
9702 4 2 100 1 2383 2606 3791 3895
9703 4 2 100 1 2159 2582 3299 3670
9704 4 2 100 1 865 2673 1253 3217
9705 4 2 100 1 957 2474 1040 3360
9706 4 2 100 1 3938 3431 1507 734
9707 4 2 100 1 2118 2838 3007 2619
9708 4 2 100 1 1776 2052 3016 2476
9709 4 2 100 1 1180 751 1157 3908
9710 4 2 100 1 2287 2792 2693 2454
9711 4 2 100 1 2706 3117 2355 3221
9712 4 2 100 1 1060 3052 1059 4100
9713 4 2 100 1 2479 3293 2362 3400
9714 4 2 100 1 476 3383 3321 475
9715 4 2 100 1 1403 2917 3103 3582
9716 4 2 100 1 2970 3134 2198 3144
9717 4 2 100 1 2164 2734 2509 3558
9718 4 2 100 1 2240 2465 3298 4088
9719 4 2 100 1 2545 3603 897 3889
9720 4 2 100 1 757 123 122 2831
9721 4 2 100 1 130 2547 3341 3639
9722 4 2 100 1 1152 1034 2773 3277
9723 4 2 100 1 2876 2965 2156 3788
9724 4 2 100 1 361 709 3156 3756
9725 4 2 100 1 476 3321 3383 2718
9726 4 2 100 1 1923 3621 1554 3843
9727 4 2 100 1 768 3461 2513 3990
9728 4 2 100 1 2428 3378 3116 3773
9729 4 2 100 1 2101 2730 2817 2257
9730 4 2 100 1 2345 2220 2653 3202
9731 4 2 100 1 2716 2112 3427 4102
9732 4 2 100 1 2602 3283 2810 2149
9733 4 2 100 1 2732 2609 3184 3526
9734 4 2 100 1 2971 3942 2180 3944
9735 4 2 100 1 2741 3521 2419 3761
9736 4 2 100 1 2907 3524 3415 3684
9737 4 2 100 1 2486 3600 2683 3937
9738 4 2 100 1 2638 3821 3384 2144
9739 4 2 100 1 3463 3129 3541 2261
9740 4 2 100 1 2142 2682 2956 3416
9741 4 2 100 1 2881 2475 3237 2110
9742 4 2 100 1 3047 3239 2780 3902
9743 4 2 100 1 2537 2148 3393 4018
9744 4 2 100 1 3898 3321 3383 475
9745 4 2 100 1 2775 2839 2373 3741
9746 4 2 100 1 2687 2382 2500 2812
9747 4 2 100 1 300 275 3496 3717
9748 4 2 100 1 2155 2756 3344 3725
9749 4 2 100 1 2214 2634 3017 3710
9750 4 2 100 1 2716 4102 4046 2975
9751 4 2 100 1 1342 2490 3344 1013
9752 4 2 100 1 874 806 804 4108
9753 4 2 100 1 2840 2939 2427 3270
9754 4 2 100 1 2099 2577 3281 3315
9755 4 2 100 1 1156 2612 1176 3288
9756 4 2 100 1 899 1006 3014 3605
9757 4 2 100 1 3151 3329 2342 3484
9758 4 2 100 1 987 1029 986 3203
9759 4 2 100 1 893 3269 3153 3332
9760 4 2 100 1 2954 3632 2115 2370
9761 4 2 100 1 2232 3224 3732 2339
9762 4 2 100 1 3006 3035 575 4065
9763 4 2 100 1 2174 2663 2468 3522
9764 4 2 100 1 2574 3227 2432 3688
9765 4 2 100 1 2207 3379 2428 3653
9766 4 2 100 1 1107 1050 1185 3851
9767 4 2 100 1 2473 2346 3751 3974
9768 4 2 100 1 965 1045 990 3107
9769 4 2 100 1 2125 2762 2482 2366
9770 4 2 100 1 3898 3383 3321 2718
9771 4 2 100 1 1355 2490 3087 858
9772 4 2 100 1 2199 2743 2569 3900
9773 4 2 100 1 2295 2568 3476 3591
9774 4 2 100 1 2258 3043 3000 3820
9775 4 2 100 1 1095 2544 3088 3404
9776 4 2 100 1 2208 2804 2779 3932
9777 4 2 100 1 2670 3475 1174 3989
9778 4 2 100 1 2769 2197 3232 3826
9779 4 2 100 1 2406 2967 2189 3997
9780 4 2 100 1 2433 2727 2489 3746
9781 4 2 100 1 3115 3347 2783 3698
9782 4 2 100 1 2234 2923 3171 2355
9783 4 2 100 1 2841 3133 2614 3619
9784 4 2 100 1 2896 923 918 917
9785 4 2 100 1 78 1232 1 3754
9786 4 2 100 1 2473 2260 2686 3151
9787 4 2 100 1 2846 3555 2768 2341
9788 4 2 100 1 1046 3107 1045 3361
9789 4 2 100 1 2260 3210 3091 3826
9790 4 2 100 1 546 2710 2947 3262
9791 4 2 100 1 3540 3725 3572 2487
9792 4 2 100 1 2800 2889 2390 3973
9793 4 2 100 1 2300 2940 3161 2531
9794 4 2 100 1 3538 503 414 417
9795 4 2 100 1 2865 2703 2455 4007
9796 4 2 100 1 2281 3358 3960 4111
9797 4 2 100 1 2631 2983 2994 3446
9798 4 2 100 1 1257 3662 3029 4115
9799 4 2 100 1 2320 2953 2739 3575
9800 4 2 100 1 2809 2910 1048 3991
9801 4 2 100 1 2187 3164 2444 3560
9802 4 2 100 1 2147 2607 3374 4047
9803 4 2 100 1 3841 3931 3534 137
9804 4 2 100 1 826 3279 2500 3548
9805 4 2 100 1 895 888 1250 3961
9806 4 2 100 1 1973 2930 2901 3843
9807 4 2 100 1 1717 1765 2903 3746
9808 4 2 100 1 1225 1220 1383 4114
9809 4 2 100 1 2658 2928 2212 3613
9810 4 2 100 1 1926 1825 2064 2723
9811 4 2 100 1 2194 2941 2618 3409
9812 4 2 100 1 915 939 913 2740
9813 4 2 100 1 2308 2929 2425 3861
9814 4 2 100 1 645 2802 15 3284
9815 4 2 100 1 2593 1322 3333 735
9816 4 2 100 1 2161 2781 3319 3608
9817 4 2 100 1 2378 3170 2820 3196
9818 4 2 100 1 2100 3121 2693 3687
9819 4 2 100 1 390 669 578 3522
9820 4 2 100 1 1168 1232 2700 3349
9821 4 2 100 1 2681 3301 948 3995
9822 4 2 100 1 2539 2983 2740 3021
9823 4 2 100 1 325 324 301 2431
9824 4 2 100 1 3699 1851 1850 1852
9825 4 2 100 1 2127 2795 3042 2992
9826 4 2 100 1 1261 2515 3604 3748
9827 4 2 100 1 2463 3535 3127 3784
9828 4 2 100 1 2449 3347 2337 3786
9829 4 2 100 1 2268 3258 2711 3750
9830 4 2 100 1 737 3134 2506 3277
9831 4 2 100 1 2855 3668 2349 2604
9832 4 2 100 1 1300 827 3325 3617
9833 4 2 100 1 2750 3060 2359 3692
9834 4 2 100 1 2426 2263 2894 3553
9835 4 2 100 1 2350 3537 2924 4022
9836 4 2 100 1 2008 1652 1978 3987
9837 4 2 100 1 2973 3045 2516 3381
9838 4 2 100 1 2356 3062 3086 3780
9839 4 2 100 1 2737 3264 3038 2102
9840 4 2 100 1 2286 3163 3071 3355
9841 4 2 100 1 2252 3022 2721 3947
9842 4 2 100 1 2551 3852 3385 3338
9843 4 2 100 1 3097 96 2914 4077
9844 4 2 100 1 2409 2675 3206 4068
9845 4 2 100 1 3538 414 503 2797
9846 4 2 100 1 2535 3150 2119 3742
9847 4 2 100 1 2402 2999 3485 3663
9848 4 2 100 1 2522 3151 2452 3703
9849 4 2 100 1 2621 2813 2157 3879
9850 4 2 100 1 603 444 694 2592
9851 4 2 100 1 2185 2572 3433 3110
9852 4 2 100 1 876 948 3301 3995
9853 4 2 100 1 2109 2705 2684 3352
9854 4 2 100 1 2780 3239 3123 4021
9855 4 2 100 1 2608 3114 2592 3436
9856 4 2 100 1 937 3098 3648 4040
9857 4 2 100 1 181 2770 458 565
9858 4 2 100 1 2443 2293 2902 3574
9859 4 2 100 1 3771 2891 2573 2360
9860 4 2 100 1 2307 2806 2542 3708
9861 4 2 100 1 3985 3856 3210 2522
9862 4 2 100 1 2206 3142 3939 3139
9863 4 2 100 1 173 2947 42 3640
9864 4 2 100 1 2737 3414 3337 4013
9865 4 2 100 1 2165 3309 3086 3571
9866 4 2 100 1 2646 3017 2634 3710
9867 4 2 100 1 2918 3985 3210 2136
9868 4 2 100 1 2347 3461 3303 3797
9869 4 2 100 1 2613 2912 2264 2979
9870 4 2 100 1 2431 3156 2163 3899
9871 4 2 100 1 801 802 799 2569
9872 4 2 100 1 1262 758 1258 3792
9873 4 2 100 1 2650 2728 2185 2836
9874 4 2 100 1 1682 2751 3055 3566
9875 4 2 100 1 1569 3609 1567 2476
9876 4 2 100 1 1567 3609 1569 1568
9877 4 2 100 1 2444 3385 3166 3820
9878 4 2 100 1 1393 3614 2419 3761
9879 4 2 100 1 2261 2870 2438 2619
9880 4 2 100 1 3371 2325 3882 3993
9881 4 2 100 1 1679 2591 3480 3760
9882 4 2 100 1 2851 3157 1331 3205
9883 4 2 100 1 2445 3137 2582 3897
9884 4 2 100 1 3373 168 3867 695
9885 4 2 100 1 1292 2410 3301 3473
9886 4 2 100 1 1556 124 2051 3769
9887 4 2 100 1 2208 2487 3681 2648
9888 4 2 100 1 1312 1314 1313 3842
9889 4 2 100 1 2488 2631 3109 3446
9890 4 2 100 1 2298 2569 3362 3736
9891 4 2 100 1 1837 1659 1585 3422
9892 4 2 100 1 762 2630 3283 3966
9893 4 2 100 1 3440 2844 2183 2410
9894 4 2 100 1 2281 2777 2678 3470
9895 4 2 100 1 2733 3152 3132 3170
9896 4 2 100 1 2292 2629 2499 3646
9897 4 2 100 1 3907 3636 3290 2198
9898 4 2 100 1 1637 2724 3692 1943
9899 4 2 100 1 2768 3028 2676 4047
9900 4 2 100 1 1408 934 1425 3002
9901 4 2 100 1 1707 1870 1708 3068
9902 4 2 100 1 433 381 2483 3373
9903 4 2 100 1 2155 3344 3550 3725
9904 4 2 100 1 105 2486 1983 3937
9905 4 2 100 1 904 1274 1397 2971
9906 4 2 100 1 2237 3317 2847 2693
9907 4 2 100 1 1062 2960 3709 2822
9908 4 2 100 1 1432 1512 2566 3743
9909 4 2 100 1 2285 3267 3054 3551
9910 4 2 100 1 2705 3136 2157 3543
9911 4 2 100 1 2194 3311 2933 3674
9912 4 2 100 1 1679 2591 3760 1841
9913 4 2 100 1 2602 3278 2338 3299
9914 4 2 100 1 2553 3269 1202 3460
9915 4 2 100 1 933 3254 2574 3582
9916 4 2 100 1 2920 2860 4088 4112
9917 4 2 100 1 2639 1118 1027 1117
9918 4 2 100 1 2683 1195 3456 1161
9919 4 2 100 1 2137 3601 3024 4106
9920 4 2 100 1 2248 2835 3550 3649
9921 4 2 100 1 2416 2216 3168 3728
9922 4 2 100 1 1020 2602 1017 2434
9923 4 2 100 1 2313 3167 2765 3641
9924 4 2 100 1 754 2579 3441 772
9925 4 2 100 1 2866 2573 1562 3559
9926 4 2 100 1 1533 1957 1904 3534
9927 4 2 100 1 2481 2256 3357 3723
9928 4 2 100 1 4034 1025 955 954
9929 4 2 100 1 2405 3260 3055 3294
9930 4 2 100 1 3232 2138 2686 2278
9931 4 2 100 1 2197 3375 2701 3819
9932 4 2 100 1 3757 2150 2782 2571
9933 4 2 100 1 2394 3533 2953 4006
9934 4 2 100 1 1930 2510 1599 2939
9935 4 2 100 1 2371 3053 2553 3625
9936 4 2 100 1 4034 955 1025 3253
9937 4 2 100 1 2213 3093 2392 3623
9938 4 2 100 1 3933 3874 3626 2427
9939 4 2 100 1 3523 2546 3201 2460
9940 4 2 100 1 1687 1589 2924 4022
9941 4 2 100 1 2385 3263 3722 3931
9942 4 2 100 1 1956 1632 1623 3265
9943 4 2 100 1 588 2663 390 3818
9944 4 2 100 1 2113 3236 2835 3554
9945 4 2 100 1 2929 3241 2416 3363
9946 4 2 100 1 2311 3638 2797 3669
9947 4 2 100 1 3776 3777 3239 2107
9948 4 2 100 1 2039 2727 1540 3078
9949 4 2 100 1 3626 3874 3933 2263
9950 4 2 100 1 2162 3231 2624 3868
9951 4 2 100 1 2577 3519 2273 3535
9952 4 2 100 1 1339 897 3603 3889
9953 4 2 100 1 2743 799 797 3736
9954 4 2 100 1 382 2483 381 3489
9955 4 2 100 1 2101 2588 3056 3000
9956 4 2 100 1 2268 2164 2678 3358
9957 4 2 100 1 2589 3141 2520 4048
9958 4 2 100 1 956 2897 2702 3408
9959 4 2 100 1 1108 3091 2419 3614
9960 4 2 100 1 2935 2679 2288 3343
9961 4 2 100 1 2787 4084 3357 2820
9962 4 2 100 1 1444 1471 1312 3842
9963 4 2 100 1 2281 4051 2461 4111
9964 4 2 100 1 1281 838 831 2960
9965 4 2 100 1 4027 3235 3494 2533
9966 4 2 100 1 1058 3356 3605 3704
9967 4 2 100 1 3082 4052 2921 3191
9968 4 2 100 1 2959 3064 2437 3869
9969 4 2 100 1 2247 3395 2691 3704
9970 4 2 100 1 4027 3494 3235 2200
9971 4 2 100 1 1028 1295 1111 2324
9972 4 2 100 1 2463 3127 2173 3784
9973 4 2 100 1 3504 3523 2284 3777
9974 4 2 100 1 310 3513 2873 2785
9975 4 2 100 1 2310 3324 2823 3701
9976 4 2 100 1 3091 3210 2419 3826
9977 4 2 100 1 2292 2499 2629 3180
9978 4 2 100 1 2028 2058 1858 4029
9979 4 2 100 1 2509 2734 2164 3250
9980 4 2 100 1 2481 2787 2218 2951
9981 4 2 100 1 2307 2542 3512 3708
9982 4 2 100 1 129 1534 2025 3639
9983 4 2 100 1 235 2557 3138 4065
9984 4 2 100 1 4056 3214 2719 2190
9985 4 2 100 1 2259 2714 3018 3804
9986 4 2 100 1 164 573 44 3262
9987 4 2 100 1 2443 751 3097 3908
9988 4 2 100 1 707 710 444 2592
9989 4 2 100 1 2281 2850 2461 4051
9990 4 2 100 1 3468 230 4093 516
9991 4 2 100 1 1452 3596 3170 118
9992 4 2 100 1 763 3132 3170 4063
9993 4 2 100 1 3593 3613 3413 2579
9994 4 2 100 1 762 1387 2630 3966
9995 4 2 100 1 896 894 907 2538
9996 4 2 100 1 2145 2887 2591 2301
9997 4 2 100 1 2440 3587 2731 3772
9998 4 2 100 1 2631 2345 2983 4059
9999 4 2 100 1 3574 2585 2661 2332
10000 4 2 100 1 2848 2943 2357 4009
10001 4 2 100 1 2337 3347 2449 3790
10002 4 2 100 1 2584 1756 1988 3479
10003 4 2 100 1 2176 3191 2921 4052
10004 4 2 100 1 2253 2649 2914 3010
10005 4 2 100 1 2055 3176 1767 3809
10006 4 2 100 1 1676 3322 1916 2529
10007 4 2 100 1 2322 3352 2684 2477
10008 4 2 100 1 664 3447 2959 3539
10009 4 2 100 1 2758 2953 1124 4006
10010 4 2 100 1 974 3003 1514 3406
10011 4 2 100 1 2414 2927 2759 3763
10012 4 2 100 1 1279 2740 2469 939
10013 4 2 100 1 980 1034 3473 2773
10014 4 2 100 1 2191 2837 2854 3703
10015 4 2 100 1 1322 2729 3333 114
10016 4 2 100 1 1384 2404 1317 808
10017 4 2 100 1 2210 2438 3026 3346
10018 4 2 100 1 2847 3317 2237 3985
10019 4 2 100 1 3040 4046 3527 3711
10020 4 2 100 1 2507 3148 2676 3654
10021 4 2 100 1 1825 3013 1525 4096
10022 4 2 100 1 2291 2903 2605 3148
10023 4 2 100 1 2409 3206 2868 4068
10024 4 2 100 1 301 3496 670 3756
10025 4 2 100 1 2016 1998 3458 1766
10026 4 2 100 1 2108 3546 3506 3793
10027 4 2 100 1 2370 2933 3208 3632
10028 4 2 100 1 3643 3937 2683 3792
10029 4 2 100 1 2651 3107 1066 3945
10030 4 2 100 1 2245 3273 2583 2476
10031 4 2 100 1 863 862 860 3087
10032 4 2 100 1 3532 3552 2131 2456
10033 4 2 100 1 3527 4046 3040 2270
10034 4 2 100 1 2248 2589 2835 3554
10035 4 2 100 1 2444 2187 2764 3738
10036 4 2 100 1 3149 1446 3848 2711
10037 4 2 100 1 2472 1490 3432 3975
10038 4 2 100 1 3607 3519 2798 2577
10039 4 2 100 1 2159 2888 2533 3650
10040 4 2 100 1 2740 3021 913 4097
10041 4 2 100 1 2116 2853 3251 3515
10042 4 2 100 1 2269 3279 2500 3857
10043 4 2 100 1 2524 2982 2238 3366
10044 4 2 100 1 342 3321 3249 3898
10045 4 2 100 1 2140 2608 3620 4090
10046 4 2 100 1 1648 2427 2069 3987
10047 4 2 100 1 2513 2606 2254 3311
10048 4 2 100 1 2163 2864 2774 3913
10049 4 2 100 1 3362 3736 2743 3964
10050 4 2 100 1 3144 3190 2265 3677
10051 4 2 100 1 2982 3366 2524 3462
10052 4 2 100 1 2615 2849 429 3713
10053 4 2 100 1 12 1387 3096 3694
10054 4 2 100 1 1374 2743 1172 3354
10055 4 2 100 1 3094 1997 3412 1939
10056 4 2 100 1 3068 3197 1741 3759
10057 4 2 100 1 2295 2812 2500 3591
10058 4 2 100 1 3140 3214 2719 2110
10059 4 2 100 1 2246 2446 3758 3553
10060 4 2 100 1 649 2963 353 3041
10061 4 2 100 1 3054 3267 2599 3551
10062 4 2 100 1 603 2592 543 3436
10063 4 2 100 1 2335 2403 3885 3256
10064 4 2 100 1 3532 3552 2456 3846
10065 4 2 100 1 2125 2482 2949 2366
10066 4 2 100 1 973 974 906 4105
10067 4 2 100 1 919 3248 920 4007
10068 4 2 100 1 1069 1068 1143 3704
10069 4 2 100 1 706 4130 2774 3805
10070 4 2 100 1 2257 2316 2817 3318
10071 4 2 100 1 681 2988 2610 3675
10072 4 2 100 1 1005 898 1041 2636
10073 4 2 100 1 3503 212 4093 213
10074 4 2 100 1 4095 2981 2533 3424
10075 4 2 100 1 3149 1446 2711 1265
10076 4 2 100 1 2851 2434 1332 3597
10077 4 2 100 1 2510 2939 2840 3270
10078 4 2 100 1 1517 3354 1146 3963
10079 4 2 100 1 2211 2903 2605 3341
10080 4 2 100 1 2511 3112 1699 2655
10081 4 2 100 1 1770 1961 2898 3517
10082 4 2 100 1 498 2396 3180 2882
10083 4 2 100 1 1283 799 2569 3313
10084 4 2 100 1 3909 2852 2804 3084
10085 4 2 100 1 2342 2854 2837 3703
10086 4 2 100 1 1908 3125 2494 4060
10087 4 2 100 1 2624 2121 3079 3317
10088 4 2 100 1 2596 1224 2813 3410
10089 4 2 100 1 2158 2539 2896 2532
10090 4 2 100 1 2725 3736 2298 3964
10091 4 2 100 1 2994 3446 2205 3914
10092 4 2 100 1 92 93 2658 3779
10093 4 2 100 1 993 3153 2973 963
10094 4 2 100 1 2070 1774 1943 2750
10095 4 2 100 1 1914 2784 1548 3819
10096 4 2 100 1 1704 3498 2763 4024
10097 4 2 100 1 1658 3060 3692 4024
10098 4 2 100 1 3793 3209 2422 3546
10099 4 2 100 1 2236 3136 3958 2496
10100 4 2 100 1 2813 2365 3644 3879
10101 4 2 100 1 2502 3428 2215 3906
10102 4 2 100 1 3468 230 516 574
10103 4 2 100 1 2653 3491 2393 3660
10104 4 2 100 1 3768 2469 3258 2275
10105 4 2 100 1 1800 2521 2074 1743
10106 4 2 100 1 2181 2931 2814 3441
10107 4 2 100 1 487 165 2485 2802
10108 4 2 100 1 1498 3090 824 2826
10109 4 2 100 1 3117 3222 478 3697
10110 4 2 100 1 2437 3105 655 3188
10111 4 2 100 1 2474 3508 3445 4032
10112 4 2 100 1 2146 2546 2643 3881
10113 4 2 100 1 3016 3120 3902 3679
10114 4 2 100 1 2868 3371 2409 3993
10115 4 2 100 1 3532 3909 2239 2852
10116 4 2 100 1 2205 4042 2488 4107
10117 4 2 100 1 2230 2677 3071 3234
10118 4 2 100 1 1518 2900 3816 3825
10119 4 2 100 1 1599 1629 2939 3247
10120 4 2 100 1 2197 2519 2918 3521
10121 4 2 100 1 2124 2941 2921 3409
10122 4 2 100 1 802 1283 799 2569
10123 4 2 100 1 2372 3080 2679 3462
10124 4 2 100 1 2588 3318 2940 2257
10125 4 2 100 1 2636 3014 899 3437
10126 4 2 100 1 3497 3628 3189 2499
10127 4 2 100 1 740 1241 1457 3816
10128 4 2 100 1 2391 3943 3306 3958
10129 4 2 100 1 2779 3371 3882 3993
10130 4 2 100 1 2458 2240 2910 4112
10131 4 2 100 1 1275 91 755 3111
10132 4 2 100 1 4056 3214 2190 3908
10133 4 2 100 1 1512 3134 2566 3743
10134 4 2 100 1 3330 589 3407 3204
10135 4 2 100 1 2213 2392 3093 3910
10136 4 2 100 1 1379 1160 1394 3803
10137 4 2 100 1 2273 3519 3281 3866
10138 4 2 100 1 3094 1997 1939 1575
10139 4 2 100 1 2369 3086 3062 3780
10140 4 2 100 1 2477 2203 3356 3605
10141 4 2 100 1 2780 3123 3274 3874
10142 4 2 100 1 2202 2475 3010 3237
10143 4 2 100 1 203 3027 3930 202
10144 4 2 100 1 2665 2262 3424 3578
10145 4 2 100 1 2570 1491 3190 1127
10146 4 2 100 1 3071 3234 2677 3536
10147 4 2 100 1 3189 3628 3497 2132
10148 4 2 100 1 3988 1264 789 3971
10149 4 2 100 1 625 2542 259 3512
10150 4 2 100 1 1584 2510 1590 3412
10151 4 2 100 1 2396 2936 2566 3743
10152 4 2 100 1 2456 2235 3342 3939
10153 4 2 100 1 2268 2678 3225 3971
10154 4 2 100 1 2270 3521 2741 3761
10155 4 2 100 1 2613 2721 2252 3022
10156 4 2 100 1 1261 3604 971 3748
10157 4 2 100 1 2248 2835 2589 3550
10158 4 2 100 1 558 2392 3623 3271
10159 4 2 100 1 2712 2297 3488 2370
10160 4 2 100 1 2134 2994 2653 3297
10161 4 2 100 1 2254 3311 3208 3808
10162 4 2 100 1 2466 2943 2848 3644
10163 4 2 100 1 4017 3930 3027 2406
10164 4 2 100 1 3540 3725 2487 2835
10165 4 2 100 1 3540 3572 3649 2221
10166 4 2 100 1 3958 2752 3136 2236
10167 4 2 100 1 300 612 333 3717
10168 4 2 100 1 3668 1481 1288 3003
10169 4 2 100 1 274 707 704 3672
10170 4 2 100 1 4091 3653 2825 2971
10171 4 2 100 1 323 354 322 3831
10172 4 2 100 1 495 457 424 3105
10173 4 2 100 1 2897 2902 2332 4031
10174 4 2 100 1 2856 3135 857 3282
10175 4 2 100 1 1581 3392 2562 1578
10176 4 2 100 1 2425 2747 2308 4103
10177 4 2 100 1 3379 3460 2553 2207
10178 4 2 100 1 2775 3122 2373 2839
10179 4 2 100 1 2657 2737 2250 3264
10180 4 2 100 1 3029 3662 2369 4115
10181 4 2 100 1 2353 2794 2772 4035
10182 4 2 100 1 838 2568 3325 829
10183 4 2 100 1 432 500 2483 3302
10184 4 2 100 1 11 10 762 2630
10185 4 2 100 1 1027 3502 2639 3253
10186 4 2 100 1 2549 3018 2853 3804
10187 4 2 100 1 2925 3646 3067 3647
10188 4 2 100 1 2251 2486 2701 3046
10189 4 2 100 1 2378 2733 3170 3152
10190 4 2 100 1 1279 2740 939 1297
10191 4 2 100 1 1440 1294 746 3677
10192 4 2 100 1 754 2579 772 771
10193 4 2 100 1 1797 1985 2038 2701
10194 4 2 100 1 908 1338 2755 3598
10195 4 2 100 1 2113 2799 2638 3554
10196 4 2 100 1 1476 1131 1448 3111
10197 4 2 100 1 2665 3424 3007 3578
10198 4 2 100 1 2337 2449 3126 3790
10199 4 2 100 1 2582 2888 2159 3299
10200 4 2 100 1 2265 3081 3190 3907
10201 4 2 100 1 3668 1288 1481 1142
10202 4 2 100 1 1843 2704 3095 3760
10203 4 2 100 1 1193 2936 1477 3037
10204 4 2 100 1 2726 2135 2385 2359
10205 4 2 100 1 2948 3899 3489 2517
10206 4 2 100 1 2308 2929 2824 2408
10207 4 2 100 1 2783 2818 2327 3487
10208 4 2 100 1 3489 3899 2948 2483
10209 4 2 100 1 1565 3559 1564 1563
10210 4 2 100 1 1165 2844 2506 3190
10211 4 2 100 1 2181 3854 2931 2996
10212 4 2 100 1 1690 1689 2726 3263
10213 4 2 100 1 325 2431 301 3756
10214 4 2 100 1 1370 1390 942 3248
10215 4 2 100 1 2283 2623 3405 4090
10216 4 2 100 1 2148 3383 2518 2485
10217 4 2 100 1 2799 2915 2464 3926
10218 4 2 100 1 2512 2380 3418 4106
10219 4 2 100 1 3506 3018 3698 2974
10220 4 2 100 1 1560 1949 1563 3185
10221 4 2 100 1 3834 676 3787 364
10222 4 2 100 1 3420 4103 3905 584
10223 4 2 100 1 2608 2708 2140 3373
10224 4 2 100 1 2334 3226 2839 3623
10225 4 2 100 1 1172 3354 2743 3975
10226 4 2 100 1 1640 1956 1746 2546
10227 4 2 100 1 1190 3070 2902 4031
10228 4 2 100 1 2511 2892 2655 4029
10229 4 2 100 1 373 694 710 2592
10230 4 2 100 1 1303 1332 2434 3597
10231 4 2 100 1 3834 3787 676 2399
10232 4 2 100 1 2570 1491 1127 1294
10233 4 2 100 1 2281 2461 3358 4111
10234 4 2 100 1 1041 2636 898 3747
10235 4 2 100 1 560 3093 2839 3623
10236 4 2 100 1 3218 208 2967 2744
10237 4 2 100 1 2415 3146 2990 3219
10238 4 2 100 1 2539 3248 2896 2532
10239 4 2 100 1 2299 2799 2571 3757
10240 4 2 100 1 2596 2813 1224 3335
10241 4 2 100 1 2512 3687 2380 4106
10242 4 2 100 1 1013 858 856 2490
10243 4 2 100 1 2897 2902 1189 3657
10244 4 2 100 1 3601 4094 2778 2217
10245 4 2 100 1 2747 3503 2308 3726
10246 4 2 100 1 3862 2917 1327 3227
10247 4 2 100 1 2441 3195 2871 4016
10248 4 2 100 1 2317 2919 3299 3434
10249 4 2 100 1 504 379 3114 3373
10250 4 2 100 1 3948 2730 2384 2534
10251 4 2 100 1 3114 379 504 378
10252 4 2 100 1 3114 3489 504 3373
10253 4 2 100 1 1020 3278 2602 2434
10254 4 2 100 1 1200 1198 1403 3103
10255 4 2 100 1 2356 3086 2535 3240
10256 4 2 100 1 3204 3169 2266 3336
10257 4 2 100 1 2348 2528 3678 4045
10258 4 2 100 1 2129 2940 2757 3510
10259 4 2 100 1 2103 2551 2656 3852
10260 4 2 100 1 2443 2902 2293 3507
10261 4 2 100 1 504 3489 3114 378
10262 4 2 100 1 692 3513 2963 3905
10263 4 2 100 1 3154 3265 2272 3745
10264 4 2 100 1 2371 2553 3009 3625
10265 4 2 100 1 2357 2848 2466 2943
10266 4 2 100 1 3337 3182 3294 2507
10267 4 2 100 1 2837 2865 2455 4007
10268 4 2 100 1 2481 3357 981 3765
10269 4 2 100 1 996 1299 870 2745
10270 4 2 100 1 611 388 553 3913
10271 4 2 100 1 1713 1715 1788 2605
10272 4 2 100 1 2321 2925 2499 3982
10273 4 2 100 1 723 717 724 3805
10274 4 2 100 1 2240 2458 3029 2625
10275 4 2 100 1 3506 3018 2974 2233
10276 4 2 100 1 2584 2282 2489 3479
10277 4 2 100 1 2625 3209 2240 3546
10278 4 2 100 1 2674 3849 2188 2467
10279 4 2 100 1 833 832 835 3980
10280 4 2 100 1 1088 3360 2603 4031
10281 4 2 100 1 2182 2512 2666 3689
10282 4 2 100 1 2227 2187 3624 2556
10283 4 2 100 1 2105 2938 2617 3202
10284 4 2 100 1 1305 919 916 4097
10285 4 2 100 1 2144 2995 2619 3440
10286 4 2 100 1 3624 2187 2227 2632
10287 4 2 100 1 2450 3412 3270 2510
10288 4 2 100 1 173 2706 501 2947
10289 4 2 100 1 2391 3136 2705 3943
10290 4 2 100 1 2365 2813 2621 3879
10291 4 2 100 1 586 664 2959 3539
10292 4 2 100 1 930 3227 931 3688
10293 4 2 100 1 3132 763 1296 4063
10294 4 2 100 1 2775 3122 2839 3268
10295 4 2 100 1 3270 3412 2450 2241
10296 4 2 100 1 1260 3884 1478 3356
10297 4 2 100 1 773 2814 1179 2931
10298 4 2 100 1 2617 2177 2209 3438
10299 4 2 100 1 2767 3828 3396 2279
10300 4 2 100 1 1158 1129 1123 2439
10301 4 2 100 1 2161 2603 2332 3608
10302 4 2 100 1 2428 3379 3269 3929
10303 4 2 100 1 655 294 3105 3869
10304 4 2 100 1 3043 3510 2588 2531
10305 4 2 100 1 2929 3241 3363 2179
10306 4 2 100 1 2128 3795 2998 3879
10307 4 2 100 1 2588 3056 2300 3318
10308 4 2 100 1 1045 2541 1344 3361
10309 4 2 100 1 3891 2341 2375 2600
10310 4 2 100 1 528 677 541 3188
10311 4 2 100 1 2245 2891 2573 2558
10312 4 2 100 1 2061 1733 2008 2724
10313 4 2 100 1 2348 3115 3266 3673
10314 4 2 100 1 1035 2603 1088 3360
10315 4 2 100 1 1478 3884 1260 995
10316 4 2 100 1 820 3090 3113 3548
10317 4 2 100 1 2472 4051 3964 2725
10318 4 2 100 1 729 4137 721 2864
10319 4 2 100 1 138 1532 1862 3931
10320 4 2 100 1 165 2802 645 3284
10321 4 2 100 1 2241 3123 2780 3874
10322 4 2 100 1 2436 3694 13 3949
10323 4 2 100 1 2304 3451 3349 3754
10324 4 2 100 1 2534 3829 3042 2992
10325 4 2 100 1 1283 2569 802 3940
10326 4 2 100 1 2223 2836 2728 2417
10327 4 2 100 1 3002 3416 2432 3575
10328 4 2 100 1 587 340 339 2821
10329 4 2 100 1 2647 3972 1754 3322
10330 4 2 100 1 970 1403 1335 3582
10331 4 2 100 1 4119 535 2864 189
10332 4 2 100 1 2182 3024 2954 3789
10333 4 2 100 1 2167 2487 2779 3457
10334 4 2 100 1 3823 2149 2338 3299
10335 4 2 100 1 2570 3328 2265 3998
10336 4 2 100 1 2639 1118 1197 3178
10337 4 2 100 1 1734 2964 2750 3216
10338 4 2 100 1 2639 1197 1118 1117
10339 4 2 100 1 2504 2708 2310 3928
10340 4 2 100 1 3043 3071 2286 3308
10341 4 2 100 1 2307 3199 2824 3340
10342 4 2 100 1 1140 2472 3354 3975
10343 4 2 100 1 2896 3248 2539 4097
10344 4 2 100 1 4026 1926 1545 3013
10345 4 2 100 1 2772 3509 3323 3860
10346 4 2 100 1 1545 1926 4026 5
10347 4 2 100 1 1480 4006 1504 4050
10348 4 2 100 1 710 707 283 2592
10349 4 2 100 1 3607 3519 2577 3535
10350 4 2 100 1 2199 2569 3066 3900
10351 4 2 100 1 2299 2827 2421 3757
10352 4 2 100 1 2112 2737 3038 4013
10353 4 2 100 1 2750 2964 1734 3815
10354 4 2 100 1 2656 3585 3168 3728
10355 4 2 100 1 377 378 379 3114
10356 4 2 100 1 2204 3315 2578 3012
10357 4 2 100 1 915 2740 913 4097
10358 4 2 100 1 2782 3627 3287 3757
10359 4 2 100 1 3184 3401 2922 2827
10360 4 2 100 1 426 652 630 3890
10361 4 2 100 1 1337 1009 959 4040
10362 4 2 100 1 2134 2911 2491 3109
10363 4 2 100 1 2147 2760 2607 3612
10364 4 2 100 1 3298 1212 892 3029
10365 4 2 100 1 2573 2866 2360 3559
10366 4 2 100 1 2665 3424 2305 3690
10367 4 2 100 1 734 1507 121 3431
10368 4 2 100 1 1545 3013 2723 3895
10369 4 2 100 1 2285 3267 3056 3542
10370 4 2 100 1 2491 2833 2134 3744
10371 4 2 100 1 2141 3647 2925 3992
10372 4 2 100 1 548 506 621 3919
10373 4 2 100 1 2506 1427 737 3277
10374 4 2 100 1 2363 3545 3104 3670
10375 4 2 100 1 2600 2712 2370 2941
10376 4 2 100 1 1406 1349 2651 3279
10377 4 2 100 1 3762 3436 383 3468
10378 4 2 100 1 1524 2080 3527 1928
10379 4 2 100 1 1565 2583 3559 3273
10380 4 2 100 1 482 2424 3712 2967
10381 4 2 100 1 1923 1554 80 3843
10382 4 2 100 1 2839 3122 2334 3623
10383 4 2 100 1 2468 2174 2988 3969
10384 4 2 100 1 1957 2667 1904 3534
10385 4 2 100 1 1697 2063 3322 3901
10386 4 2 100 1 3478 4083 2323 2123
10387 4 2 100 1 7 3451 2893 3754
10388 4 2 100 1 1545 3895 4026 3013
10389 4 2 100 1 1270 89 90 3797
10390 4 2 100 1 807 2633 3588 4092
10391 4 2 100 1 2413 3653 2971 3942
10392 4 2 100 1 4026 1545 88 3895
10393 4 2 100 1 1540 3431 2727 4023
10394 4 2 100 1 217 547 3726 591
10395 4 2 100 1 2583 2360 3505 3894
10396 4 2 100 1 167 564 12 3694
10397 4 2 100 1 2181 2621 2816 3958
10398 4 2 100 1 2676 3148 2507 3920
10399 4 2 100 1 723 2774 3805 4041
10400 4 2 100 1 2821 3321 2895 2387
10401 4 2 100 1 1936 2614 1937 3618
10402 4 2 100 1 513 2696 551 518
10403 4 2 100 1 2242 2534 2829 3187
10404 4 2 100 1 1246 3293 83 82
10405 4 2 100 1 1958 1942 1764 3894
10406 4 2 100 1 55 4128 3159 491
10407 4 2 100 1 2221 2560 2875 2911
10408 4 2 100 1 2913 3724 2464 3463
10409 4 2 100 1 3980 836 832 835
10410 4 2 100 1 164 44 2988 3262
10411 4 2 100 1 1736 1712 1876 3263
10412 4 2 100 1 2360 3920 2891 3294
10413 4 2 100 1 452 641 661 3194
10414 4 2 100 1 3723 2574 3416 2739
10415 4 2 100 1 1740 1731 1730 3120
10416 4 2 100 1 2846 2368 2480 2102
10417 4 2 100 1 2583 2360 2891 3505
10418 4 2 100 1 3345 462 463 4036
10419 4 2 100 1 2159 3026 2544 3331
10420 4 2 100 1 2422 3086 2535 3571
10421 4 2 100 1 2483 3114 3489 3899
10422 4 2 100 1 3980 832 836 2985
10423 4 2 100 1 3379 3460 3269 2553
10424 4 2 100 1 2821 2895 339 3849
10425 4 2 100 1 2151 2503 2862 3807
10426 4 2 100 1 1432 2566 760 3743
10427 4 2 100 1 2316 3181 2527 3518
10428 4 2 100 1 2456 3495 2698 3532
10429 4 2 100 1 3140 3214 2110 2475
10430 4 2 100 1 2465 2538 3298 4088
10431 4 2 100 1 2805 2319 2714 3127
10432 4 2 100 1 2543 3353 2963 3861
10433 4 2 100 1 2585 3140 2634 2420
10434 4 2 100 1 2735 2876 2156 3788
10435 4 2 100 1 2716 3414 2333 3427
10436 4 2 100 1 2465 2863 2538 4088
10437 4 2 100 1 3003 3428 1288 3668
10438 4 2 100 1 2280 2399 3249 3834
10439 4 2 100 1 2481 2142 3092 3388
10440 4 2 100 1 442 646 243 3726
10441 4 2 100 1 2364 2921 2689 2176
10442 4 2 100 1 3269 3929 3379 4075
10443 4 2 100 1 1651 4033 1916 1962
10444 4 2 100 1 2147 2768 3555 2341
10445 4 2 100 1 2721 3022 2146 3947
10446 4 2 100 1 2110 2475 3237 3245
10447 4 2 100 1 391 2765 2819 4025
10448 4 2 100 1 861 1331 849 3205
10449 4 2 100 1 443 2592 3672 707
10450 4 2 100 1 2125 2949 2482 3671
10451 4 2 100 1 3501 1428 812 1404
10452 4 2 100 1 2918 3985 2136 2847
10453 4 2 100 1 2180 3011 2445 3942
10454 4 2 100 1 19 764 3144 3677
10455 4 2 100 1 2690 3589 3033 3882
10456 4 2 100 1 2663 2696 637 3522
10457 4 2 100 1 2269 2500 3279 3548
10458 4 2 100 1 4043 3674 2791 3372
10459 4 2 100 1 1744 3040 2786 3810
10460 4 2 100 1 3501 812 1428 2969
10461 4 2 100 1 3207 3242 2137 3439
10462 4 2 100 1 2307 3708 2959 3869
10463 4 2 100 1 92 1372 93 3779
10464 4 2 100 1 3650 3670 3404 2159
10465 4 2 100 1 2616 2768 2102 2676
10466 4 2 100 1 3434 3449 2445 3942
10467 4 2 100 1 2264 2979 2514 4069
10468 4 2 100 1 3085 2975 3155 2112
10469 4 2 100 1 606 607 2654 4067
10470 4 2 100 1 2423 3268 2845 2563
10471 4 2 100 1 2388 3070 2861 4056
10472 4 2 100 1 536 3913 2864 2948
10473 4 2 100 1 2504 2823 461 3928
10474 4 2 100 1 2796 3793 2501 3839
10475 4 2 100 1 361 2431 325 3756
10476 4 2 100 1 2649 3010 2253 4008
10477 4 2 100 1 2062 1611 2993 4060
10478 4 2 100 1 545 225 392 2543
10479 4 2 100 1 286 3641 295 2765
10480 4 2 100 1 4041 3159 718 727
10481 4 2 100 1 2242 2790 2525 3194
10482 4 2 100 1 3277 4101 2506 2844
10483 4 2 100 1 1651 4033 1962 3398
10484 4 2 100 1 1023 3507 2738 3657
10485 4 2 100 1 2783 3266 2580 2327
10486 4 2 100 1 756 1256 3292 3825
10487 4 2 100 1 896 2538 907 3730
10488 4 2 100 1 2981 3494 2533 4027
10489 4 2 100 1 2466 3160 2977 3644
10490 4 2 100 1 2152 2880 2578 3562
10491 4 2 100 1 2864 4128 3159 716
10492 4 2 100 1 2185 2765 3167 3276
10493 4 2 100 1 165 2485 2802 3284
10494 4 2 100 1 2277 2578 2880 3562
10495 4 2 100 1 620 3114 2608 3436
10496 4 2 100 1 928 930 1450 3688
10497 4 2 100 1 2934 3620 3672 2548
10498 4 2 100 1 1161 758 1262 2683
10499 4 2 100 1 2959 3064 2249 3340
10500 4 2 100 1 1060 1447 1412 2980
10501 4 2 100 1 2185 3276 3167 3577
10502 4 2 100 1 2653 3286 2393 3491
10503 4 2 100 1 2091 4116 2094 2098
10504 4 2 100 1 2700 1230 1231 3226
10505 4 2 100 1 1190 2902 1038 4031
10506 4 2 100 1 4041 718 3159 2749
10507 4 2 100 1 1041 1005 2636 3410
10508 4 2 100 1 2961 1610 1896 1618
10509 4 2 100 1 2577 2798 2243 3519
10510 4 2 100 1 2981 3328 2533 3494
10511 4 2 100 1 2416 2929 2189 3036
10512 4 2 100 1 2354 3297 3124 2545
10513 4 2 100 1 66 65 175 4136
10514 4 2 100 1 2187 3513 2632 3624
10515 4 2 100 1 2270 2741 3155 3450
10516 4 2 100 1 829 2568 3325 3453
10517 4 2 100 1 1233 3225 2678 3971
10518 4 2 100 1 331 3117 3402 3955
10519 4 2 100 1 2989 3314 2695 3048
10520 4 2 100 1 625 259 256 3512
10521 4 2 100 1 2741 3450 2270 3761
10522 4 2 100 1 2328 2995 2619 3243
10523 4 2 100 1 2664 3119 686 3271
10524 4 2 100 1 1952 145 144 4120
10525 4 2 100 1 3011 3653 2413 3942
10526 4 2 100 1 2513 2195 3193 3461
10527 4 2 100 1 759 1 1232 3754
10528 4 2 100 1 2418 2223 3050 3175
10529 4 2 100 1 253 252 254 3979
10530 4 2 100 1 2160 2644 2685 2949
10531 4 2 100 1 894 2538 889 3332
10532 4 2 100 1 2243 3526 2453 2732
10533 4 2 100 1 1893 2433 1765 2054
10534 4 2 100 1 2699 3356 1478 3884
10535 4 2 100 1 1017 2602 3172 2434
10536 4 2 100 1 3454 3502 2639 3103
10537 4 2 100 1 190 686 3119 3271
10538 4 2 100 1 1578 1580 1576 2562
10539 4 2 100 1 283 282 296 2934
10540 4 2 100 1 250 248 251 2548
10541 4 2 100 1 1336 3103 1118 3502
10542 4 2 100 1 2381 3163 2794 3634
10543 4 2 100 1 300 3496 2431 3717
10544 4 2 100 1 3871 3150 3033 2459
10545 4 2 100 1 3361 2756 2541 1344
10546 4 2 100 1 2989 2329 2203 3652
10547 4 2 100 1 3190 2328 2570 3863
10548 4 2 100 1 2188 3849 2821 2467
10549 4 2 100 1 2567 3068 1707 4038
10550 4 2 100 1 2700 1231 1230 742
10551 4 2 100 1 2295 3591 3476 3742
10552 4 2 100 1 4126 1555 143 4132
10553 4 2 100 1 2215 2503 2879 3807
10554 4 2 100 1 3369 102 3792 101
10555 4 2 100 1 2106 3054 2372 3581
10556 4 2 100 1 2767 2288 3108 3828
10557 4 2 100 1 2313 2765 3167 3433
10558 4 2 100 1 2885 3156 2163 3159
10559 4 2 100 1 2054 2433 3853 3065
10560 4 2 100 1 261 267 260 2806
10561 4 2 100 1 2781 2332 2244 3608
10562 4 2 100 1 1910 1594 1588 2924
10563 4 2 100 1 2800 3369 2889 3973
10564 4 2 100 1 123 2440 124 3769
10565 4 2 100 1 2534 2730 2384 2992
10566 4 2 100 1 2663 3220 2174 3585
10567 4 2 100 1 2462 2540 3075 3459
10568 4 2 100 1 1940 3259 2576 3442
10569 4 2 100 1 1136 3435 2742 3598
10570 4 2 100 1 434 3159 619 191
10571 4 2 100 1 1487 1365 1145 4100
10572 4 2 100 1 1952 4134 145 4120
10573 4 2 100 1 1348 1042 1002 2905
10574 4 2 100 1 2187 3560 2785 3706
10575 4 2 100 1 2870 3141 2314 3465
10576 4 2 100 1 2378 2271 3911 3531
10577 4 2 100 1 2630 3096 1387 3694
10578 4 2 100 1 2368 2737 3038 2102
10579 4 2 100 1 2021 3185 3016 3273
10580 4 2 100 1 2220 3286 2653 3491
10581 4 2 100 1 3953 2120 3549 2966
10582 4 2 100 1 3302 3899 2948 2163
10583 4 2 100 1 1893 2433 2054 3065
10584 4 2 100 1 1682 3566 1691 2751
10585 4 2 100 1 1737 1879 1958 3556
10586 4 2 100 1 1691 3566 1682 1683
10587 4 2 100 1 2062 2993 3125 4060
10588 4 2 100 1 2959 3064 586 3539
10589 4 2 100 1 1253 3217 2673 3257
10590 4 2 100 1 222 646 591 3726
10591 4 2 100 1 2163 2948 2864 3913
10592 4 2 100 1 477 2718 2518 3695
10593 4 2 100 1 3053 3462 2184 2505
10594 4 2 100 1 2242 2790 2436 3212
10595 4 2 100 1 1954 2476 3118 3811
10596 4 2 100 1 1313 1418 1311 3580
10597 4 2 100 1 2291 2507 3771 3182
10598 4 2 100 1 2348 3266 2987 3673
10599 4 2 100 1 613 4130 62 4125
10600 4 2 100 1 2871 2204 2441 3080
10601 4 2 100 1 2706 173 3272 3640
10602 4 2 100 1 2676 3028 2768 3785
10603 4 2 100 1 2209 2177 2826 3438
10604 4 2 100 1 1932 103 104 3937
10605 4 2 100 1 998 2349 1051 1003
10606 4 2 100 1 1032 2603 1035 3445
10607 4 2 100 1 1872 1873 1725 3931
10608 4 2 100 1 2209 2826 2177 2554
10609 4 2 100 1 494 2728 350 3050
10610 4 2 100 1 3621 1994 1923 1865
10611 4 2 100 1 2391 3136 3943 3958
10612 4 2 100 1 2705 3326 2391 3943
10613 4 2 100 1 2215 2886 2458 2625
10614 4 2 100 1 3621 1923 1994 2479
10615 4 2 100 1 3746 1756 1719 1718
10616 4 2 100 1 2511 1701 3618 4029
10617 4 2 100 1 2496 2178 3192 4028
10618 4 2 100 1 2264 2924 2514 2979
10619 4 2 100 1 3746 1719 1756 2489
10620 4 2 100 1 136 3680 3179 3841
10621 4 2 100 1 2517 3489 3114 3899
10622 4 2 100 1 498 403 600 2882
10623 4 2 100 1 36 567 35 3146
10624 4 2 100 1 2659 2414 3057 3927
10625 4 2 100 1 4126 1555 2035 143
10626 4 2 100 1 2379 3005 2532 2105
10627 4 2 100 1 1498 3090 1341 824
10628 4 2 100 1 478 3117 420 3222
10629 4 2 100 1 2108 3115 2842 3673
10630 4 2 100 1 970 933 2917 3582
10631 4 2 100 1 2217 2930 2901 3769
10632 4 2 100 1 1930 1742 1590 2840
10633 4 2 100 1 2152 2601 3562 2789
10634 4 2 100 1 1261 3062 2515 3748
10635 4 2 100 1 2688 2884 2130 3499
10636 4 2 100 1 1115 844 3157 3597
10637 4 2 100 1 419 445 420 3117
10638 4 2 100 1 2029 3586 2494 3859
10639 4 2 100 1 1989 2607 1639 1650
10640 4 2 100 1 2596 2691 2157 3335
10641 4 2 100 1 460 2708 673 169
10642 4 2 100 1 2151 2561 2709 4094
10643 4 2 100 1 2238 2717 2878 2982
10644 4 2 100 1 1350 1351 3404 3545
10645 4 2 100 1 2813 3644 2943 3879
10646 4 2 100 1 342 2821 3249 3321
10647 4 2 100 1 2105 2617 2938 3576
10648 4 2 100 1 1821 2005 3369 3517
10649 4 2 100 1 2675 2409 3993 4068
10650 4 2 100 1 848 847 846 3157
10651 4 2 100 1 2199 2875 2560 2911
10652 4 2 100 1 2929 3624 2556 2425
10653 4 2 100 1 3493 3634 2645 2128
10654 4 2 100 1 937 3098 4040 959
10655 4 2 100 1 2149 3434 3011 3942
10656 4 2 100 1 1145 1012 1415 3963
10657 4 2 100 1 2190 3973 2575 4015
10658 4 2 100 1 2765 3110 2185 3433
10659 4 2 100 1 213 211 212 4093
10660 4 2 100 1 383 605 304 3468
10661 4 2 100 1 1406 1349 1376 2651
10662 4 2 100 1 2616 3075 2411 2676
10663 4 2 100 1 3157 3449 2196 3597
10664 4 2 100 1 2113 2491 2782 3627
10665 4 2 100 1 1527 2493 1912 3185
10666 4 2 100 1 2890 3289 3012 3866
10667 4 2 100 1 1179 2931 2814 3855
10668 4 2 100 1 2970 600 418 3775
10669 4 2 100 1 2305 2534 2730 3547
10670 4 2 100 1 3501 812 2633 809
10671 4 2 100 1 2280 2859 3067 2387
10672 4 2 100 1 2634 2646 2420 2193
10673 4 2 100 1 2099 3255 3567 2732
10674 4 2 100 1 2467 3249 2872 3787
10675 4 2 100 1 2346 2486 2701 3600
10676 4 2 100 1 352 344 3173 3713
10677 4 2 100 1 2729 3533 2394 4050
10678 4 2 100 1 3907 3636 2198 2537
10679 4 2 100 1 1303 3597 2434 3944
10680 4 2 100 1 3235 3059 3494 2484
10681 4 2 100 1 1153 3531 1479 3911
10682 4 2 100 1 2099 3567 3255 2331
10683 4 2 100 1 2293 2881 2612 2173
10684 4 2 100 1 241 522 305 4073
10685 4 2 100 1 2286 3056 2588 3000
10686 4 2 100 1 375 2517 374 327
10687 4 2 100 1 2232 2665 2599 3732
10688 4 2 100 1 286 3641 2765 3890
10689 4 2 100 1 2473 2904 2312 3380
10690 4 2 100 1 2181 2429 3413 2996
10691 4 2 100 1 3047 3777 3239 3902
10692 4 2 100 1 2569 1283 3313 3940
10693 4 2 100 1 2166 2710 2947 3640
10694 4 2 100 1 768 1210 2513 3461
10695 4 2 100 1 1119 2687 1300 3367
10696 4 2 100 1 2249 2548 3620 3735
10697 4 2 100 1 2144 3384 2451 3821
10698 4 2 100 1 2567 2017 3197 3737
10699 4 2 100 1 2285 3054 2972 4079
10700 4 2 100 1 766 114 113 4050
10701 4 2 100 1 2110 2585 2719 3140
10702 4 2 100 1 2170 2893 2654 3850
10703 4 2 100 1 2726 2385 3722 2359
10704 4 2 100 1 2972 3715 2587 4079
10705 4 2 100 1 336 395 441 3194
10706 4 2 100 1 2636 3410 1005 3605
10707 4 2 100 1 2185 2572 2652 3433
10708 4 2 100 1 2108 3506 2641 3793
10709 4 2 100 1 2479 3885 3400 3891
10710 4 2 100 1 2200 3494 2981 4027
10711 4 2 100 1 118 3170 3132 3564
10712 4 2 100 1 87 88 3303 1210
10713 4 2 100 1 2258 3385 3186 3820
10714 4 2 100 1 555 176 10 3500
10715 4 2 100 1 2214 3099 2585 2420
10716 4 2 100 1 2230 2381 2990 4055
10717 4 2 100 1 3049 3521 2991 2270
10718 4 2 100 1 2113 2571 2799 3757
10719 4 2 100 1 3734 850 852 1352
10720 4 2 100 1 2296 2830 2465 3332
10721 4 2 100 1 2532 2938 2294 3858
10722 4 2 100 1 2215 3183 2458 3923
10723 4 2 100 1 1031 1032 1035 3445
10724 4 2 100 1 2600 2370 3789 2954
10725 4 2 100 1 2216 3363 3241 3876
10726 4 2 100 1 1648 1978 1647 3626
10727 4 2 100 1 2286 3056 3000 3542
10728 4 2 100 1 3947 3755 2252 3022
10729 4 2 100 1 2650 3110 271 4019
10730 4 2 100 1 1738 2786 3198 3610
10731 4 2 100 1 3239 3661 2780 3902
10732 4 2 100 1 2593 1322 735 3533
10733 4 2 100 1 2249 3620 2962 3735
10734 4 2 100 1 2296 2465 2830 2143
10735 4 2 100 1 2515 3062 1261 3686
10736 4 2 100 1 3460 1202 3622 1075
10737 4 2 100 1 3245 3607 2798 2580
10738 4 2 100 1 3951 251 248 2548
10739 4 2 100 1 2626 2807 2233 3763
10740 4 2 100 1 2448 2412 3651 3365
10741 4 2 100 1 3951 248 251 529
10742 4 2 100 1 2274 2976 2676 3201
10743 4 2 100 1 2461 2268 3149 3971
10744 4 2 100 1 280 2765 3110 3276
10745 4 2 100 1 108 3916 3375 107
10746 4 2 100 1 2256 2481 2787 3388
10747 4 2 100 1 2688 3403 2884 3499
10748 4 2 100 1 3291 3856 2847 3985
10749 4 2 100 1 2325 2448 2932 3174
10750 4 2 100 1 1770 1961 1535 2898
10751 4 2 100 1 2257 2316 3318 2940
10752 4 2 100 1 1219 3855 2814 3887
10753 4 2 100 1 2111 3036 3405 2408
10754 4 2 100 1 2955 3061 2224 2278
10755 4 2 100 1 2639 3103 1118 3178
10756 4 2 100 1 2491 2875 2221 3540
10757 4 2 100 1 662 3093 186 3623
10758 4 2 100 1 2311 3669 3276 3890
10759 4 2 100 1 2748 2847 2237 3291
10760 4 2 100 1 3247 3840 1635 2726
10761 4 2 100 1 2648 2314 2880 3968
10762 4 2 100 1 2256 2481 3388 3723
10763 4 2 100 1 2810 3349 2304 3451
10764 4 2 100 1 2565 3482 2271 3587
10765 4 2 100 1 2962 2283 3405 4090
10766 4 2 100 1 1246 3293 82 3978
10767 4 2 100 1 3877 2677 3345 2417
10768 4 2 100 1 1350 3404 1351 1093
10769 4 2 100 1 2834 3031 2743 3354
10770 4 2 100 1 1299 872 870 3477
10771 4 2 100 1 1652 2529 3626 3987
10772 4 2 100 1 3094 1997 1575 1577
10773 4 2 100 1 2107 3123 2780 3239
10774 4 2 100 1 2448 3589 2868 4068
10775 4 2 100 1 3107 3572 2167 3719
10776 4 2 100 1 105 741 1201 3600
10777 4 2 100 1 2768 2676 3201 4047
10778 4 2 100 1 630 3641 307 286
10779 4 2 100 1 2101 3318 2588 2257
10780 4 2 100 1 634 2467 714 3787
10781 4 2 100 1 2448 2868 2932 4068
10782 4 2 100 1 2257 2588 2992 3510
10783 4 2 100 1 1134 3282 2544 3545
10784 4 2 100 1 2296 2863 2465 2143
10785 4 2 100 1 2231 2444 3166 3820
10786 4 2 100 1 3464 4079 3581 2285
10787 4 2 100 1 468 469 2942 3160
10788 4 2 100 1 2919 3299 2582 3670
10789 4 2 100 1 2122 3329 2781 3380
10790 4 2 100 1 2144 2995 2451 3384
10791 4 2 100 1 1562 1563 3559 2573
10792 4 2 100 1 2513 3311 2254 3808
10793 4 2 100 1 1285 3406 1414 1483
10794 4 2 100 1 560 2839 75 3623
10795 4 2 100 1 2399 2872 2280 3249
10796 4 2 100 1 237 198 2923 3171
10797 4 2 100 1 1635 3840 1628 1883
10798 4 2 100 1 2362 2479 3400 3891
10799 4 2 100 1 2168 3148 2676 3920
10800 4 2 100 1 2337 3790 3126 4004
10801 4 2 100 1 2270 2975 2991 4046
10802 4 2 100 1 2273 2509 3519 3866
10803 4 2 100 1 2224 2719 2585 3140
10804 4 2 100 1 2181 2621 2998 3854
10805 4 2 100 1 2731 2831 1242 3938
10806 4 2 100 1 2706 3117 2225 3272
10807 4 2 100 1 3407 3794 2650 2266
10808 4 2 100 1 2278 2847 2748 3291
10809 4 2 100 1 2955 3061 2297 3702
10810 4 2 100 1 2580 2974 2641 3698
10811 4 2 100 1 2491 3287 2782 3627
10812 4 2 100 1 1872 1725 3263 3931
10813 4 2 100 1 2511 2655 1699 4029
10814 4 2 100 1 723 3805 724 4041
10815 4 2 100 1 2699 2322 4072 2684
10816 4 2 100 1 2203 2596 2705 3658
10817 4 2 100 1 546 401 2710 3262
10818 4 2 100 1 2636 2989 2203 3014
10819 4 2 100 1 2303 3243 2742 3435
10820 4 2 100 1 3074 3310 3261 3976
10821 4 2 100 1 1567 1955 1569 2476
10822 4 2 100 1 2256 2787 2481 3357
10823 4 2 100 1 2342 3484 2854 3703
10824 4 2 100 1 2323 3471 2738 3812
10825 4 2 100 1 2305 3200 2817 3411
10826 4 2 100 1 2162 2729 2991 4046
10827 4 2 100 1 2291 2489 2903 3207
10828 4 2 100 1 2848 2943 666 3644
10829 4 2 100 1 4052 2846 2341 2182
10830 4 2 100 1 2355 2923 2706 3421
10831 4 2 100 1 2317 3278 2602 3299
10832 4 2 100 1 169 2708 673 51
10833 4 2 100 1 4128 56 57 599
10834 4 2 100 1 944 876 943 3995
10835 4 2 100 1 2421 3287 2208 3627
10836 4 2 100 1 2278 2686 3291 3637
10837 4 2 100 1 1452 3596 118 117
10838 4 2 100 1 2570 1491 1294 3677
10839 4 2 100 1 3132 1296 763 119
10840 4 2 100 1 637 2696 2663 3305
10841 4 2 100 1 2435 2712 2666 3689
10842 4 2 100 1 2743 3362 2569 3736
10843 4 2 100 1 820 817 1376 3113
10844 4 2 100 1 110 1524 3450 3761
10845 4 2 100 1 2227 3162 3145 2188
10846 4 2 100 1 3400 3126 2697 2403
10847 4 2 100 1 1417 1451 1206 4110
10848 4 2 100 1 1078 1148 3396 3718
10849 4 2 100 1 2962 3199 3340 2111
10850 4 2 100 1 2333 2716 3427 4102
10851 4 2 100 1 2188 2674 4044 3997
10852 4 2 100 1 2621 2816 2391 2329
10853 4 2 100 1 3488 3121 2666 3789
10854 4 2 100 1 2165 3261 2528 3310
10855 4 2 100 1 2216 2542 2806 3376
10856 4 2 100 1 3948 2730 2534 3547
10857 4 2 100 1 2659 3057 2863 3927
10858 4 2 100 1 2835 3725 2487 4048
10859 4 2 100 1 3414 3427 2716 4013
10860 4 2 100 1 2254 3368 2968 3674
10861 4 2 100 1 2768 2846 2102 3785
10862 4 2 100 1 3718 3381 2279 2853
10863 4 2 100 1 2489 2584 1756 4023
10864 4 2 100 1 1804 2907 1615 3729
10865 4 2 100 1 2929 3624 2425 3861
10866 4 2 100 1 1736 3263 2536 3931
10867 4 2 100 1 2934 3620 2548 2140
10868 4 2 100 1 505 2608 379 3373
10869 4 2 100 1 3235 3494 3059 2200
10870 4 2 100 1 2070 1869 2750 3060
10871 4 2 100 1 2390 3394 2950 3973
10872 4 2 100 1 2520 3026 2919 3346
10873 4 2 100 1 2631 2488 2983 3446
10874 4 2 100 1 1549 113 1924 2729
10875 4 2 100 1 3566 1695 2786 1684
10876 4 2 100 1 413 2797 415 3638
10877 4 2 100 1 2765 2819 2313 3641
10878 4 2 100 1 270 318 595 3869
10879 4 2 100 1 2504 3064 2823 3324
10880 4 2 100 1 2570 1491 3677 3190
10881 4 2 100 1 2166 2551 3167 3338
10882 4 2 100 1 2227 3145 3162 2764
10883 4 2 100 1 1195 1235 1161 2683
10884 4 2 100 1 452 3194 661 3334
10885 4 2 100 1 2114 2659 3116 3495
10886 4 2 100 1 820 3090 3548 821
10887 4 2 100 1 1393 749 111 3761
10888 4 2 100 1 2121 3079 3317 2287
10889 4 2 100 1 2474 4083 2678 2164
10890 4 2 100 1 2104 2601 3455 3465
10891 4 2 100 1 240 3035 2895 3917
10892 4 2 100 1 2539 2867 3147 3914
10893 4 2 100 1 286 295 3641 307
10894 4 2 100 1 602 3756 354 2598
10895 4 2 100 1 3148 3654 2669 3785
10896 4 2 100 1 336 335 395 2525
10897 4 2 100 1 152 151 1538 4131
10898 4 2 100 1 3467 3277 2566 2773
10899 4 2 100 1 1411 1176 1156 2612
10900 4 2 100 1 1603 1686 1605 3798
10901 4 2 100 1 1777 3016 1778 3679
10902 4 2 100 1 2245 3016 3273 2476
10903 4 2 100 1 2110 3642 2661 2585
10904 4 2 100 1 2107 2912 2613 2979
10905 4 2 100 1 799 2569 3313 3736
10906 4 2 100 1 2114 2505 3053 3057
10907 4 2 100 1 725 721 719 3516
10908 4 2 100 1 2429 2323 2996 3471
10909 4 2 100 1 2950 3394 2575 3973
10910 4 2 100 1 2584 2489 2282 3721
10911 4 2 100 1 1112 2810 1018 3172
10912 4 2 100 1 130 3177 3296 2077
10913 4 2 100 1 2476 2245 3016 3902
10914 4 2 100 1 2528 3261 3074 3310
10915 4 2 100 1 1402 1124 2953 4006
10916 4 2 100 1 3194 627 448 3334
10917 4 2 100 1 4019 2185 3110 2572
10918 4 2 100 1 2179 3876 3169 3336
10919 4 2 100 1 1238 3153 893 3269
10920 4 2 100 1 2252 2993 3069 3755
10921 4 2 100 1 2374 3259 2784 4053
10922 4 2 100 1 277 278 2555 3407
10923 4 2 100 1 3116 2180 2673 3653
10924 4 2 100 1 2588 3510 2940 2531
10925 4 2 100 1 132 2493 1527 3177
10926 4 2 100 1 2545 2969 2354 3297
10927 4 2 100 1 2346 2701 2486 3046
10928 4 2 100 1 937 3098 959 958
10929 4 2 100 1 4044 2550 2188 3997
10930 4 2 100 1 1908 2494 2029 4060
10931 4 2 100 1 2220 2609 2732 3526
10932 4 2 100 1 1713 3813 2605 3878
10933 4 2 100 1 2575 2950 2190 2955
10934 4 2 100 1 696 4036 462 4037
10935 4 2 100 1 2117 2858 2671 3768
10936 4 2 100 1 2564 2924 1910 4022
10937 4 2 100 1 1577 3094 1576 1575
10938 4 2 100 1 2368 3038 2737 4013
10939 4 2 100 1 2657 2250 2153 3264
10940 4 2 100 1 3644 3795 2977 2466
10941 4 2 100 1 2681 2169 2699 4072
10942 4 2 100 1 2056 3374 2521 3565
10943 4 2 100 1 3823 3434 3299 2582
10944 4 2 100 1 2201 3715 2530 4079
10945 4 2 100 1 1017 3172 976 2434
10946 4 2 100 1 1450 1486 1144 3575
10947 4 2 100 1 3950 2159 2582 2262
10948 4 2 100 1 2456 2675 2878 3552
10949 4 2 100 1 2452 2905 2260 3091
10950 4 2 100 1 954 988 953 4034
10951 4 2 100 1 172 2845 597 3268
10952 4 2 100 1 1460 1260 2477 3884
10953 4 2 100 1 2281 2636 3478 3747
10954 4 2 100 1 3012 3289 2273 3866
10955 4 2 100 1 3151 3484 2342 3703
10956 4 2 100 1 2391 3306 2816 3958
10957 4 2 100 1 3214 3574 2443 3908
10958 4 2 100 1 1744 1803 2786 3711
10959 4 2 100 1 3884 1478 985 995
10960 4 2 100 1 3756 3899 2140 2598
10961 4 2 100 1 1563 2573 3185 3273
10962 4 2 100 1 2666 2512 3085 3689
10963 4 2 100 1 2208 3744 2609 3932
10964 4 2 100 1 2423 3872 72 2767
10965 4 2 100 1 1841 3095 2591 3760
10966 4 2 100 1 697 2424 3006 3712
10967 4 2 100 1 1129 3350 1123 2439
10968 4 2 100 1 3884 985 1478 2699
10969 4 2 100 1 1253 3257 2673 3378
10970 4 2 100 1 527 178 3836 3904
10971 4 2 100 1 3362 4042 3109 2199
10972 4 2 100 1 3958 2752 2236 2998
10973 4 2 100 1 460 2504 2708 2598
10974 4 2 100 1 493 621 2708 3919
10975 4 2 100 1 1438 3282 3135 4086
10976 4 2 100 1 1156 1196 1023 3288
10977 4 2 100 1 2974 2798 3607 2580
10978 4 2 100 1 3171 3955 2923 237
10979 4 2 100 1 627 3697 564 2790
10980 4 2 100 1 2977 3634 2466 3795
10981 4 2 100 1 3309 3571 2685 3742
10982 4 2 100 1 2261 2438 3578 2619
10983 4 2 100 1 2580 2987 2641 3316
10984 4 2 100 1 432 433 381 2483
10985 4 2 100 1 2929 3241 2179 2824
10986 4 2 100 1 2769 3215 2346 3916
10987 4 2 100 1 951 947 936 3254
10988 4 2 100 1 2318 3387 2808 3405
10989 4 2 100 1 951 3254 936 3582
10990 4 2 100 1 2295 2960 2568 3325
10991 4 2 100 1 3305 513 2696 3707
10992 4 2 100 1 74 75 560 2839
10993 4 2 100 1 2187 2785 2873 3513
10994 4 2 100 1 1040 1233 1429 3225
10995 4 2 100 1 2171 2798 2974 2580
10996 4 2 100 1 3788 3722 2076 1874
10997 4 2 100 1 2386 3283 2338 2149
10998 4 2 100 1 1027 3502 3253 1325
10999 4 2 100 1 2461 2850 2281 3470
11000 4 2 100 1 858 3087 860 3135
11001 4 2 100 1 2241 2840 3270 3412
11002 4 2 100 1 4048 3725 3371 2155
11003 4 2 100 1 2826 3090 2545 3842
11004 4 2 100 1 2915 2789 2152 3306
11005 4 2 100 1 3153 3935 2371 4075
11006 4 2 100 1 3115 3183 2842 3673
11007 4 2 100 1 627 564 3697 396
11008 4 2 100 1 2309 3150 2568 3591
11009 4 2 100 1 1506 1491 1133 3190
11010 4 2 100 1 289 2555 285 288
11011 4 2 100 1 2567 2017 3737 1871
11012 4 2 100 1 2620 3445 3225 3508
11013 4 2 100 1 555 564 3697 2790
11014 4 2 100 1 3488 2666 3121 2100
11015 4 2 100 1 1482 2856 3282 3545
11016 4 2 100 1 3511 3293 3400 2968
11017 4 2 100 1 2666 3994 2255 2100
11018 4 2 100 1 3548 823 825 822
11019 4 2 100 1 2323 2777 3747 3812
11020 4 2 100 1 2310 2708 2608 3919
11021 4 2 100 1 772 2670 1173 2579
11022 4 2 100 1 2675 3206 2878 3552
11023 4 2 100 1 2243 2577 3281 2732
11024 4 2 100 1 3064 3324 2249 3340
11025 4 2 100 1 2733 3132 1296 4063
11026 4 2 100 1 1671 1678 3498 3722
11027 4 2 100 1 2761 3042 2280 3834
11028 4 2 100 1 2544 2210 3282 3331
11029 4 2 100 1 903 902 864 3944
11030 4 2 100 1 396 478 623 3697
11031 4 2 100 1 2321 3032 2499 3189
11032 4 2 100 1 4128 491 2864 3159
11033 4 2 100 1 2635 1827 3023 3154
11034 4 2 100 1 1755 3179 3972 3841
11035 4 2 100 1 1102 1100 3435 3796
11036 4 2 100 1 2100 2792 3131 2693
11037 4 2 100 1 1103 3598 1354 3863
11038 4 2 100 1 1796 1799 1940 3259
11039 4 2 100 1 705 2848 2849 3830
11040 4 2 100 1 3053 3462 2505 2114
11041 4 2 100 1 1373 1146 1442 3354
11042 4 2 100 1 1619 3039 1909 1646
11043 4 2 100 1 555 3697 564 396
11044 4 2 100 1 3639 3952 3065 4104
11045 4 2 100 1 3656 379 2608 620
11046 4 2 100 1 3465 3578 2438 3950
11047 4 2 100 1 471 3345 635 2801
11048 4 2 100 1 1047 896 983 3730
11049 4 2 100 1 3815 1698 1709 1677
11050 4 2 100 1 2199 2834 2743 3900
11051 4 2 100 1 3036 3387 2111 3405
11052 4 2 100 1 2373 3122 3015 3213
11053 4 2 100 1 3815 1709 1698 2964
11054 4 2 100 1 2802 3059 15 3284
11055 4 2 100 1 3156 438 544 2885
11056 4 2 100 1 2511 3618 1701 3133
11057 4 2 100 1 1060 1059 1022 4100
11058 4 2 100 1 2244 2683 2861 3954
11059 4 2 100 1 2035 6 142 4126
11060 4 2 100 1 2305 3424 2981 3690
11061 4 2 100 1 3068 1741 3197 1870
11062 4 2 100 1 2292 2499 3509 3646
11063 4 2 100 1 2851 3157 2196 3597
11064 4 2 100 1 706 3238 2774 435
11065 4 2 100 1 1138 1018 1112 2810
11066 4 2 100 1 2739 3357 2481 3765
11067 4 2 100 1 2626 2233 2414 3763
11068 4 2 100 1 2437 3105 2806 3869
11069 4 2 100 1 2808 3275 2310 3405
11070 4 2 100 1 2553 3025 2207 3460
11071 4 2 100 1 486 2650 271 4019
11072 4 2 100 1 2646 2843 2193 3316
11073 4 2 100 1 4137 58 59 535
11074 4 2 100 1 2133 2818 3487 4049
11075 4 2 100 1 2029 2494 1908 3859
11076 4 2 100 1 2555 2785 2353 3706
11077 4 2 100 1 2441 3583 3195 4016
11078 4 2 100 1 2499 2292 3509 3628
11079 4 2 100 1 2196 3597 3449 3893
11080 4 2 100 1 1629 1630 2939 3692
11081 4 2 100 1 2236 2599 2972 2339
11082 4 2 100 1 1952 1792 2072 3444
11083 4 2 100 1 3449 3206 3893 2445
11084 4 2 100 1 1156 2612 1023 3507
11085 4 2 100 1 1133 1128 1164 3863
11086 4 2 100 1 2667 2964 2340 3901
11087 4 2 100 1 2889 3517 2005 3764
11088 4 2 100 1 1460 1069 1192 3704
11089 4 2 100 1 3156 544 438 389
11090 4 2 100 1 211 605 230 4093
11091 4 2 100 1 3140 3214 2475 3702
11092 4 2 100 1 2662 3364 2036 3556
11093 4 2 100 1 1219 33 748 3887
11094 4 2 100 1 589 3336 3330 428
11095 4 2 100 1 233 523 2467 714
11096 4 2 100 1 568 2990 471 2801
11097 4 2 100 1 2658 2857 92 3779
11098 4 2 100 1 2285 2587 3464 4079
11099 4 2 100 1 2133 3311 2618 4008
11100 4 2 100 1 2145 3920 3075 3294
11101 4 2 100 1 820 3090 821 819
11102 4 2 100 1 1691 2751 1763 3228
11103 4 2 100 1 2882 3134 185 3743
11104 4 2 100 1 3192 3541 2496 4028
11105 4 2 100 1 179 2885 3302 54
11106 4 2 100 1 2243 3526 2732 3184
11107 4 2 100 1 2241 2562 3123 3392
11108 4 2 100 1 2845 410 409 3800
11109 4 2 100 1 2474 4083 2164 2661
11110 4 2 100 1 2183 2838 2497 3290
11111 4 2 100 1 556 550 162 3805
11112 4 2 100 1 3668 1288 1003 3428
11113 4 2 100 1 1569 1955 1954 2476
11114 4 2 100 1 3908 1157 1181 2902
11115 4 2 100 1 2851 3597 2196 3893
11116 4 2 100 1 976 903 1303 3944
11117 4 2 100 1 820 3090 819 3113
11118 4 2 100 1 2717 2982 2114 3846
11119 4 2 100 1 807 2633 4092 810
11120 4 2 100 1 2185 3167 3433 2551
11121 4 2 100 1 2349 3668 3671 2604
11122 4 2 100 1 1464 2593 735 3533
11123 4 2 100 1 1286 2960 2672 3367
11124 4 2 100 1 2077 130 2025 3296
11125 4 2 100 1 2713 2824 2416 3036
11126 4 2 100 1 877 2932 3174 3734
11127 4 2 100 1 2039 3078 1922 3102
11128 4 2 100 1 1765 1771 3102 3746
11129 4 2 100 1 2212 3195 3583 4016
11130 4 2 100 1 2160 2639 3178 3454
11131 4 2 100 1 2436 3096 2630 3694
11132 4 2 100 1 2970 3695 2302 3775
11133 4 2 100 1 2190 3101 3097 3908
11134 4 2 100 1 165 488 487 2485
11135 4 2 100 1 2196 3449 3157 4068
11136 4 2 100 1 1149 1392 1142 3668
11137 4 2 100 1 2193 2987 2580 3316
11138 4 2 100 1 3377 3885 3891 2115
11139 4 2 100 1 242 583 449 3783
11140 4 2 100 1 2240 4088 3730 4112
11141 4 2 100 1 1941 1839 1592 2591
11142 4 2 100 1 1134 1482 1513 3282
11143 4 2 100 1 2108 2641 3506 3698
11144 4 2 100 1 1140 1490 2472 3975
11145 4 2 100 1 2305 2829 3200 3411
11146 4 2 100 1 3448 2359 4024 2763
11147 4 2 100 1 429 653 439 2849
11148 4 2 100 1 3869 320 427 2959
11149 4 2 100 1 2704 2751 3894 3294
11150 4 2 100 1 2118 2838 2537 3690
11151 4 2 100 1 2169 3528 2684 4072
11152 4 2 100 1 512 509 520 3275
11153 4 2 100 1 313 697 484 2424
11154 4 2 100 1 2203 2477 3356 2699
11155 4 2 100 1 2189 2416 3036 3220
11156 4 2 100 1 2323 3478 3034 3747
11157 4 2 100 1 2181 2814 2579 3441
11158 4 2 100 1 754 771 35 4082
11159 4 2 100 1 2510 2726 2450 3840
11160 4 2 100 1 2365 2998 2621 3854
11161 4 2 100 1 2107 2912 2979 3123
11162 4 2 100 1 2970 3393 3032 2148
11163 4 2 100 1 3869 427 320 318
11164 4 2 100 1 2236 3054 2789 3143
11165 4 2 100 1 2296 2863 2659 3057
11166 4 2 100 1 4079 2998 2236 2972
11167 4 2 100 1 894 3153 2538 3332
11168 4 2 100 1 2990 3345 471 2801
11169 4 2 100 1 2236 2998 4079 2530
11170 4 2 100 1 2444 2764 2407 3385
11171 4 2 100 1 2236 3054 4079 2972
11172 4 2 100 1 2237 2956 2640 2454
11173 4 2 100 1 2342 3329 2526 2854
11174 4 2 100 1 4079 3054 2236 2530
11175 4 2 100 1 2962 3199 2111 2283
11176 4 2 100 1 2294 2867 2815 3147
11177 4 2 100 1 2095 2083 2087 3444
11178 4 2 100 1 2924 3615 2514 4085
11179 4 2 100 1 2131 2779 3033 3589
11180 4 2 100 1 2875 3031 3962 2571
11181 4 2 100 1 2506 3144 3190 3907
11182 4 2 100 1 764 3190 3144 3677
11183 4 2 100 1 1321 1453 1480 4006
11184 4 2 100 1 2373 3015 3122 3696
11185 4 2 100 1 1366 2837 1116 3307
11186 4 2 100 1 3606 3383 712 183
11187 4 2 100 1 1650 3397 3374 2607
11188 4 2 100 1 1799 2957 1662 3112
11189 4 2 100 1 2468 2663 2174 3585
11190 4 2 100 1 3825 3772 2503 3256
11191 4 2 100 1 1319 989 2985 3389
11192 4 2 100 1 2633 3483 2221 4092
11193 4 2 100 1 2152 2601 3129 3926
11194 4 2 100 1 2142 2640 2454 3388
11195 4 2 100 1 2470 2243 3017 3642
11196 4 2 100 1 3607 3519 3535 2463
11197 4 2 100 1 3606 712 3383 2518
11198 4 2 100 1 2431 2163 3001 3717
11199 4 2 100 1 3154 3265 1638 3300
11200 4 2 100 1 3225 3445 1029 1125
11201 4 2 100 1 779 1229 3657 3812
11202 4 2 100 1 3002 934 1443 2865
11203 4 2 100 1 13 167 3334 559
11204 4 2 100 1 2814 2998 2415 3795
11205 4 2 100 1 443 2592 707 444
11206 4 2 100 1 3907 4101 3290 2838
11207 4 2 100 1 2253 2908 3013 3409
11208 4 2 100 1 3242 3853 2358 4089
11209 4 2 100 1 1731 1712 1730 3120
11210 4 2 100 1 1076 1015 1077 3193
11211 4 2 100 1 706 3238 435 436
11212 4 2 100 1 1091 1074 1090 2637
11213 4 2 100 1 2198 3032 2970 3393
11214 4 2 100 1 3506 3018 2233 2549
11215 4 2 100 1 2398 2850 3014 3314
11216 4 2 100 1 2280 2872 2821 3249
11217 4 2 100 1 3225 1029 3445 2620
11218 4 2 100 1 344 3713 345 3173
11219 4 2 100 1 2605 2958 1877 3878
11220 4 2 100 1 621 3373 2708 3919
11221 4 2 100 1 2775 3122 3268 3696
11222 4 2 100 1 1019 1303 1332 2434
11223 4 2 100 1 1097 1098 3088 3417
11224 4 2 100 1 4061 3610 3479 2282
11225 4 2 100 1 345 3713 344 348
11226 4 2 100 1 2114 3116 2659 3929
11227 4 2 100 1 2157 2813 2621 3658
11228 4 2 100 1 1055 1162 1163 4084
11229 4 2 100 1 2096 4138 2086 150
11230 4 2 100 1 2502 2369 2886 3310
11231 4 2 100 1 2281 2989 2695 2123
11232 4 2 100 1 3458 3537 2350 4022
11233 4 2 100 1 308 3321 309 476
11234 4 2 100 1 2260 3232 2686 3856
11235 4 2 100 1 1522 3176 105 3600
11236 4 2 100 1 1968 1629 3247 4024
11237 4 2 100 1 1713 1643 3813 3878
11238 4 2 100 1 2338 3299 2637 3650
11239 4 2 100 1 2401 2308 3199 2283
11240 4 2 100 1 308 3321 476 3827
11241 4 2 100 1 2538 3298 889 3332
11242 4 2 100 1 2448 2720 3651 4068
11243 4 2 100 1 4016 2530 3143 2106
11244 4 2 100 1 566 34 184 4003
11245 4 2 100 1 2314 2589 2870 3724
11246 4 2 100 1 2150 2299 2695 3048
11247 4 2 100 1 2566 2936 2396 3740
11248 4 2 100 1 3191 2616 3524 2272
11249 4 2 100 1 1183 3134 737 3277
11250 4 2 100 1 2426 2894 2567 3553
11251 4 2 100 1 1092 2637 1090 3404
11252 4 2 100 1 2437 2959 2307 3340
11253 4 2 100 1 2741 2769 3614 3826
11254 4 2 100 1 3449 3651 2720 4068
11255 4 2 100 1 3264 3664 2480 2102
11256 4 2 100 1 1157 751 1155 3507
11257 4 2 100 1 2110 3140 2475 3245
11258 4 2 100 1 3726 442 547 2874
11259 4 2 100 1 2573 3273 1563 3559
11260 4 2 100 1 2538 896 3298 3730
11261 4 2 100 1 2493 133 1912 2680
11262 4 2 100 1 2439 1129 3344 1158
11263 4 2 100 1 826 827 825 2500
11264 4 2 100 1 2313 2819 2610 3675
11265 4 2 100 1 1129 1422 966 2541
11266 4 2 100 1 2316 3181 2559 3693
11267 4 2 100 1 2567 3068 2284 3197
11268 4 2 100 1 2847 3291 2278 3856
11269 4 2 100 1 3190 4101 3907 3081
11270 4 2 100 1 2326 2406 3305 3824
11271 4 2 100 1 3523 2546 2460 2722
11272 4 2 100 1 3726 547 442 591
11273 4 2 100 1 2237 2847 2748 2693
11274 4 2 100 1 2593 2256 2820 3196
11275 4 2 100 1 361 2431 3756 3156
11276 4 2 100 1 1337 1366 1116 3307
11277 4 2 100 1 2402 3236 2999 3663
11278 4 2 100 1 2132 3312 2497 3740
11279 4 2 100 1 789 3470 790 3988
11280 4 2 100 1 2893 8 3451 7
11281 4 2 100 1 2107 2721 2613 2411
11282 4 2 100 1 2268 3089 3258 3984
11283 4 2 100 1 1482 2856 3545 866
11284 4 2 100 1 2257 2534 3411 2795
11285 4 2 100 1 2166 3338 3640 3645
11286 4 2 100 1 2012 1754 2063 2647
11287 4 2 100 1 109 2741 1980 3375
11288 4 2 100 1 3707 3824 515 3595
11289 4 2 100 1 2436 2790 2242 3334
11290 4 2 100 1 738 9 8 4066
11291 4 2 100 1 106 2701 1522 3600
11292 4 2 100 1 2299 2421 2799 3757
11293 4 2 100 1 1755 3179 3841 1993
11294 4 2 100 1 428 625 643 3041
11295 4 2 100 1 695 3373 2483 3867
11296 4 2 100 1 2244 2686 2781 3380
11297 4 2 100 1 3053 3462 2114 2524
11298 4 2 100 1 3995 2361 2707 2681
11299 4 2 100 1 3051 3352 2736 2322
11300 4 2 100 1 1313 2554 1439 3580
11301 4 2 100 1 2175 2751 3055 3294
11302 4 2 100 1 2845 2984 2418 3800
11303 4 2 100 1 3050 3430 2418 2311
11304 4 2 100 1 2112 2975 2716 3231
11305 4 2 100 1 2165 3261 3310 3976
11306 4 2 100 1 2856 2210 2520 2490
11307 4 2 100 1 3927 2920 2501 2233
11308 4 2 100 1 2645 3308 2231 3000
11309 4 2 100 1 2349 3671 3074 2604
11310 4 2 100 1 2970 185 600 2882
11311 4 2 100 1 2668 3257 1330 3604
11312 4 2 100 1 2325 2448 3174 3589
11313 4 2 100 1 2610 2313 3675 3969
11314 4 2 100 1 2990 3146 2770 3219
11315 4 2 100 1 1996 1829 3300 3883
11316 4 2 100 1 4113 2554 3147 2177
11317 4 2 100 1 2937 2843 2987 2193
11318 4 2 100 1 3523 2546 2722 2146
11319 4 2 100 1 2440 2901 2900 3769
11320 4 2 100 1 915 917 1297 2740
11321 4 2 100 1 3078 3102 2217 3769
11322 4 2 100 1 2752 2978 2339 2128
11323 4 2 100 1 1538 1885 2041 4099
11324 4 2 100 1 878 2960 1281 2986
11325 4 2 100 1 2970 600 185 563
11326 4 2 100 1 1548 108 109 3375
11327 4 2 100 1 3167 3276 2311 3577
11328 4 2 100 1 3528 3391 3386 2571
11329 4 2 100 1 2328 2742 2995 3243
11330 4 2 100 1 1782 1790 1978 3987
11331 4 2 100 1 2907 3415 1805 3684
11332 4 2 100 1 2584 2489 3721 4023
11333 4 2 100 1 570 660 181 3525
11334 4 2 100 1 2385 2965 2667 3534
11335 4 2 100 1 3583 2400 2279 3195
11336 4 2 100 1 181 565 2 3280
11337 4 2 100 1 2555 2353 3486 3706
11338 4 2 100 1 1131 3396 2754 3718
11339 4 2 100 1 1776 1740 2476 3120
11340 4 2 100 1 3454 3438 3178 2160
11341 4 2 100 1 2674 3027 523 2467
11342 4 2 100 1 2148 3982 2302 3067
11343 4 2 100 1 511 513 517 3707
11344 4 2 100 1 2316 2688 2966 3403
11345 4 2 100 1 356 552 461 2504
11346 4 2 100 1 462 2417 580 4037
11347 4 2 100 1 3853 3769 1975 2930
11348 4 2 100 1 942 1346 925 2703
11349 4 2 100 1 2407 3166 2444 3385
11350 4 2 100 1 1401 1170 3361 3734
11351 4 2 100 1 3601 4094 2217 2709
11352 4 2 100 1 3140 3214 3702 2719
11353 4 2 100 1 2786 3055 2175 3566
11354 4 2 100 1 2561 2862 3629 2151
11355 4 2 100 1 1346 2703 942 3580
11356 4 2 100 1 136 3179 2043 3841
11357 4 2 100 1 2189 3712 3076 3997
11358 4 2 100 1 2334 2700 3549 4011
11359 4 2 100 1 3164 3486 2353 3706
11360 4 2 100 1 2564 2514 2924 2979
11361 4 2 100 1 2198 2970 3144 3393
11362 4 2 100 1 2230 2587 3219 3234
11363 4 2 100 1 3218 208 2744 209
11364 4 2 100 1 2580 3607 2259 3245
11365 4 2 100 1 92 2658 1437 3613
11366 4 2 100 1 2482 2218 2855 4034
11367 4 2 100 1 1470 1137 3174 3389
11368 4 2 100 1 2208 2804 3084 3965
11369 4 2 100 1 524 520 548 3919
11370 4 2 100 1 2362 2760 2791 3766
11371 4 2 100 1 327 373 297 2517
11372 4 2 100 1 2580 2259 3607 2974
11373 4 2 100 1 2199 3031 2834 3962
11374 4 2 100 1 3656 379 620 592
11375 4 2 100 1 1877 1788 1892 3341
11376 4 2 100 1 2996 2323 2123 3478
11377 4 2 100 1 3295 3370 2432 3416
11378 4 2 100 1 3105 3188 2318 3904
11379 4 2 100 1 2470 2858 2214 3544
11380 4 2 100 1 2323 3747 3034 3812
11381 4 2 100 1 2223 3071 2677 3536
11382 4 2 100 1 2401 2308 2283 2874
11383 4 2 100 1 272 280 281 3110
11384 4 2 100 1 1735 1844 1918 3610
11385 4 2 100 1 2562 3094 2306 3095
11386 4 2 100 1 292 289 581 2785
11387 4 2 100 1 2113 2875 2491 3540
11388 4 2 100 1 2316 2527 3181 3693
11389 4 2 100 1 2157 2705 2596 3658
11390 4 2 100 1 2610 2819 2313 3168
11391 4 2 100 1 1482 2856 866 1361
11392 4 2 100 1 2593 3533 2256 4001
11393 4 2 100 1 1551 1904 1905 2667
11394 4 2 100 1 2324 1027 1026 1028
11395 4 2 100 1 2464 2913 2736 4072
11396 4 2 100 1 1924 2729 1529 3198
11397 4 2 100 1 188 445 3222 674
11398 4 2 100 1 1999 2965 1964 1543
11399 4 2 100 1 108 3916 107 1269
11400 4 2 100 1 2548 2660 2249 3951
11401 4 2 100 1 1194 1460 3037 3884
11402 4 2 100 1 2736 2909 2619 3463
11403 4 2 100 1 956 2702 2897 3657
11404 4 2 100 1 1091 1074 2637 3278
11405 4 2 100 1 95 767 96 3936
11406 4 2 100 1 1999 2965 1543 2876
11407 4 2 100 1 835 1280 837 3980
11408 4 2 100 1 185 2970 702 3134
11409 4 2 100 1 2491 3109 3287 3744
11410 4 2 100 1 2561 3121 2792 3691
11411 4 2 100 1 405 351 580 2417
11412 4 2 100 1 2295 3476 3309 3742
11413 4 2 100 1 3197 3777 2284 3047
11414 4 2 100 1 838 1286 1459 2960
11415 4 2 100 1 394 3041 353 3336
11416 4 2 100 1 2122 2522 3151 3856
11417 4 2 100 1 3810 2786 3427 2333
11418 4 2 100 1 1322 3333 735 115
11419 4 2 100 1 3762 383 3436 312
11420 4 2 100 1 383 3468 3436 3656
11421 4 2 100 1 3427 2786 3810 2581
11422 4 2 100 1 271 2728 279 3110
11423 4 2 100 1 279 3110 2728 3276
11424 4 2 100 1 1251 2850 790 3470
11425 4 2 100 1 937 3098 958 3648
11426 4 2 100 1 2381 2801 2794 3877
11427 4 2 100 1 2625 2842 2458 3183
11428 4 2 100 1 434 191 531 2749
11429 4 2 100 1 2561 2226 3632 3691
11430 4 2 100 1 2881 2475 2110 3214
11431 4 2 100 1 4080 3979 253 2692
11432 4 2 100 1 1901 4129 4123 154
11433 4 2 100 1 2200 3284 2485 3998
11434 4 2 100 1 2892 3594 2172 4069
11435 4 2 100 1 2906 3292 1256 3825
11436 4 2 100 1 741 2683 1195 3063
11437 4 2 100 1 4080 253 3979 252
11438 4 2 100 1 760 1432 1152 2566
11439 4 2 100 1 2134 3109 2491 3744
11440 4 2 100 1 3950 2159 2262 2438
11441 4 2 100 1 756 1228 1424 3825
11442 4 2 100 1 215 213 3503 3762
11443 4 2 100 1 2224 3061 3140 2420
11444 4 2 100 1 2305 2981 2537 3690
11445 4 2 100 1 2710 3638 456 3640
11446 4 2 100 1 1032 1086 1035 2603
11447 4 2 100 1 2263 3274 3039 3874
11448 4 2 100 1 2273 2807 2577 3535
11449 4 2 100 1 2468 3817 193 3818
11450 4 2 100 1 302 239 240 3917
11451 4 2 100 1 2239 2698 3495 3532
11452 4 2 100 1 1252 2678 1233 3408
11453 4 2 100 1 2200 2485 3187 4018
11454 4 2 100 1 2591 2301 2887 3390
11455 4 2 100 1 2206 3686 2668 3980
11456 4 2 100 1 2487 2835 3627 3540
11457 4 2 100 1 498 23 24 3743
11458 4 2 100 1 1007 3217 1253 3257
11459 4 2 100 1 1138 2413 1018 2810
11460 4 2 100 1 1134 2544 3282 3417
11461 4 2 100 1 2206 2668 3240 4070
11462 4 2 100 1 2945 3660 2430 3946
11463 4 2 100 1 2809 1484 1248 2906
11464 4 2 100 1 1215 1228 1217 3825
11465 4 2 100 1 2291 2903 2489 3364
11466 4 2 100 1 2062 3125 1908 4060
11467 4 2 100 1 2620 3225 1029 3848
11468 4 2 100 1 2951 981 997 946
11469 4 2 100 1 1017 1020 1081 2602
11470 4 2 100 1 960 1000 962 3892
11471 4 2 100 1 1843 1679 1861 3760
11472 4 2 100 1 2946 3237 2714 3010
11473 4 2 100 1 1635 2726 1671 3498
11474 4 2 100 1 284 277 278 2555
11475 4 2 100 1 946 2951 3254 1353
11476 4 2 100 1 915 917 2740 4097
11477 4 2 100 1 3044 2176 2869 3832
11478 4 2 100 1 2118 2981 3424 3690
11479 4 2 100 1 1794 3176 2784 3442
11480 4 2 100 1 2455 2703 3248 4007
11481 4 2 100 1 657 653 171 3830
11482 4 2 100 1 615 3001 680 362
11483 4 2 100 1 809 812 1404 3501
11484 4 2 100 1 2506 1427 3277 2844
11485 4 2 100 1 2963 3624 2179 3861
11486 4 2 100 1 2622 3161 3466 3781
11487 4 2 100 1 1680 3055 2581 2786
11488 4 2 100 1 2157 2752 2621 3879
11489 4 2 100 1 2706 2947 2166 3421
11490 4 2 100 1 2365 2998 2814 3795
11491 4 2 100 1 3765 2481 946 981
11492 4 2 100 1 2842 3183 2625 3673
11493 4 2 100 1 3765 946 2481 3254
11494 4 2 100 1 1298 3113 815 3682
11495 4 2 100 1 1204 2914 767 3667
11496 4 2 100 1 3184 3281 2243 3401
11497 4 2 100 1 2353 3164 2794 3486
11498 4 2 100 1 2362 3293 2968 3400
11499 4 2 100 1 1484 3978 1256 2906
11500 4 2 100 1 429 2849 397 3713
11501 4 2 100 1 2297 3702 3061 4049
11502 4 2 100 1 4043 3674 3372 2606
11503 4 2 100 1 3076 3035 2424 3006
11504 4 2 100 1 3213 3469 2524 3934
11505 4 2 100 1 1280 2668 1054 3980
11506 4 2 100 1 2303 2771 2570 3796
11507 4 2 100 1 806 874 950 4108
11508 4 2 100 1 2539 3147 2867 2294
11509 4 2 100 1 21 3134 2970 3144
11510 4 2 100 1 1568 2583 1567 3609
11511 4 2 100 1 38 685 606 3915
11512 4 2 100 1 2816 2508 3289 2996
11513 4 2 100 1 2105 2843 2828 3128
11514 4 2 100 1 781 3034 3747 3812
11515 4 2 100 1 3071 3308 2126 3877
11516 4 2 100 1 3650 3670 2159 3299
11517 4 2 100 1 1256 3978 1484 745
11518 4 2 100 1 2267 3020 2841 3619
11519 4 2 100 1 2372 3080 3462 3562
11520 4 2 100 1 675 3175 2523 3800
11521 4 2 100 1 2238 3137 2527 3752
11522 4 2 100 1 2560 2221 3052 4092
11523 4 2 100 1 3336 2963 2498 2179
11524 4 2 100 1 3628 2396 3189 2499
11525 4 2 100 1 2192 2645 2899 3493
11526 4 2 100 1 2346 3232 3046 2138
11527 4 2 100 1 2403 2697 3400 3885
11528 4 2 100 1 2206 2985 2568 2986
11529 4 2 100 1 2212 3195 2928 3583
11530 4 2 100 1 543 2592 373 3114
11531 4 2 100 1 3626 4033 3398 3933
11532 4 2 100 1 2301 3075 2887 3459
11533 4 2 100 1 2433 2211 3207 3242
11534 4 2 100 1 1343 1344 1422 2541
11535 4 2 100 1 2210 3026 2520 3346
11536 4 2 100 1 1372 92 2857 3779
11537 4 2 100 1 2266 3336 3169 3876
11538 4 2 100 1 2352 3013 2908 3409
11539 4 2 100 1 1134 1482 3282 3545
11540 4 2 100 1 2315 3223 3524 3684
11541 4 2 100 1 2377 3223 2869 2176
11542 4 2 100 1 2371 3053 2505 3057
11543 4 2 100 1 585 2934 296 282
11544 4 2 100 1 2238 2527 3030 3752
11545 4 2 100 1 1254 3257 1253 3378
11546 4 2 100 1 2412 3142 2985 3767
11547 4 2 100 1 1826 3782 1827 3023
11548 4 2 100 1 2444 3166 2407 3992
11549 4 2 100 1 2526 3648 924 3655
11550 4 2 100 1 3009 3935 2371 4110
11551 4 2 100 1 2680 3504 1542 3197
11552 4 2 100 1 1582 1580 3211 3822
11553 4 2 100 1 2118 2537 2981 3690
11554 4 2 100 1 2245 2583 2891 3776
11555 4 2 100 1 1989 2607 1650 1981
11556 4 2 100 1 332 420 478 3117
11557 4 2 100 1 137 2073 136 3841
11558 4 2 100 1 2107 2780 3047 3239
11559 4 2 100 1 2445 2878 2675 3206
11560 4 2 100 1 2898 1770 2841 3809
11561 4 2 100 1 1521 2019 1995 3679
11562 4 2 100 1 3238 3899 2163 2948
11563 4 2 100 1 2171 3316 2646 2580
11564 4 2 100 1 2183 3051 2736 2322
11565 4 2 100 1 2324 1027 1028 2639
11566 4 2 100 1 3692 1953 1636 1658
11567 4 2 100 1 2676 3075 3920 2507
11568 4 2 100 1 218 2747 480 3006
11569 4 2 100 1 2996 3034 2931 3471
11570 4 2 100 1 1650 3374 3397 1859
11571 4 2 100 1 2814 3795 2415 3887
11572 4 2 100 1 3644 3795 3887 2977
11573 4 2 100 1 2367 2508 2871 3289
11574 4 2 100 1 2229 3571 3304 3946
11575 4 2 100 1 3029 3298 2240 3662
11576 4 2 100 1 1619 3039 1646 3398
11577 4 2 100 1 2294 3248 2703 3580
11578 4 2 100 1 1965 2961 1617 3579
11579 4 2 100 1 2495 3169 2652 2266
11580 4 2 100 1 2567 1692 2894 4038
11581 4 2 100 1 720 4128 730 716
11582 4 2 100 1 1504 4006 3533 4050
11583 4 2 100 1 3273 2021 2052 3016
11584 4 2 100 1 2129 2757 2627 3510
11585 4 2 100 1 2367 3306 2890 3012
11586 4 2 100 1 2319 3158 3127 3475
11587 4 2 100 1 2408 2283 2874 3762
11588 4 2 100 1 2061 1943 1774 2750
11589 4 2 100 1 2678 3408 2777 4083
11590 4 2 100 1 3305 513 3707 517
11591 4 2 100 1 2219 2565 2778 4094
11592 4 2 100 1 1797 2784 1794 3176
11593 4 2 100 1 2875 3031 2571 2782
11594 4 2 100 1 559 14 182 3334
11595 4 2 100 1 976 975 903 3944
11596 4 2 100 1 2221 2633 2911 3886
11597 4 2 100 1 2680 1542 3504 133
11598 4 2 100 1 2353 2785 2555 3659
11599 4 2 100 1 2766 3740 3312 3959
11600 4 2 100 1 2335 2403 3292 3885
11601 4 2 100 1 3607 2714 3237 2463
11602 4 2 100 1 2126 2794 3164 3486
11603 4 2 100 1 2691 2766 2357 3727
11604 4 2 100 1 2527 3518 3823 2966
11605 4 2 100 1 3047 3197 2567 2284
11606 4 2 100 1 1522 2701 3176 3600
11607 4 2 100 1 178 3230 3836 3904
11608 4 2 100 1 3607 3237 2714 2259
11609 4 2 100 1 1562 3559 1563 1564
11610 4 2 100 1 2330 3132 3152 3170
11611 4 2 100 1 2232 3007 2909 3192
11612 4 2 100 1 2479 2362 3293 3699
11613 4 2 100 1 3815 2724 2340 2529
11614 4 2 100 1 2524 3462 3366 2184
11615 4 2 100 1 1760 2069 2427 3987
11616 4 2 100 1 427 586 664 2959
11617 4 2 100 1 1877 1713 2605 3878
11618 4 2 100 1 1662 1665 1664 2957
11619 4 2 100 1 3400 3126 2403 3511
11620 4 2 100 1 2681 2699 2169 3802
11621 4 2 100 1 1579 1578 1577 3392
11622 4 2 100 1 2776 3107 818 3682
11623 4 2 100 1 3761 3049 3521 2419
11624 4 2 100 1 1160 3088 2484 3733
11625 4 2 100 1 1451 1207 1206 2775
11626 4 2 100 1 967 1238 893 3269
11627 4 2 100 1 2507 3654 3337 3182
11628 4 2 100 1 1975 125 126 2930
11629 4 2 100 1 1046 990 1045 3107
11630 4 2 100 1 2153 3264 2540 3664
11631 4 2 100 1 1223 2943 2813 3644
11632 4 2 100 1 2513 2715 3368 3990
11633 4 2 100 1 733 1178 1245 3614
11634 4 2 100 1 2913 3477 2361 3821
11635 4 2 100 1 574 2623 516 3468
11636 4 2 100 1 1480 1504 766 4050
11637 4 2 100 1 3761 3521 3049 2270
11638 4 2 100 1 2648 3455 2409 3965
11639 4 2 100 1 1629 2939 3247 3692
11640 4 2 100 1 2214 3544 2453 3017
11641 4 2 100 1 3740 3941 2766 2936
11642 4 2 100 1 2881 2475 3214 2202
11643 4 2 100 1 2347 3158 3111 3797
11644 4 2 100 1 398 2660 654 3539
11645 4 2 100 1 3040 2786 2333 3711
11646 4 2 100 1 2235 2698 2659 4070
11647 4 2 100 1 3449 3893 3206 2196
11648 4 2 100 1 1839 1592 2591 3422
11649 4 2 100 1 130 3341 129 3639
11650 4 2 100 1 463 471 459 3345
11651 4 2 100 1 980 3473 3301 2773
11652 4 2 100 1 2363 2520 2919 3903
11653 4 2 100 1 855 853 3399 3799
11654 4 2 100 1 2106 3058 2594 2679
11655 4 2 100 1 2060 2694 1919 3333
11656 4 2 100 1 3209 2143 2465 2863
11657 4 2 100 1 1102 1127 1294 2570
11658 4 2 100 1 1399 1400 1188 3622
11659 4 2 100 1 2943 3879 2978 2157
11660 4 2 100 1 2448 2932 3157 4068
11661 4 2 100 1 768 1405 1184 3990
11662 4 2 100 1 2412 2690 3033 3389
11663 4 2 100 1 4110 2767 3045 2371
11664 4 2 100 1 3952 3065 3341 3639
11665 4 2 100 1 1317 2944 1318 3285
11666 4 2 100 1 443 2592 444 3077
11667 4 2 100 1 1206 4110 3045 1417
11668 4 2 100 1 82 3292 3978 3293
11669 4 2 100 1 3899 2885 3867 2598
11670 4 2 100 1 2286 3071 2531 3355
11671 4 2 100 1 3805 3238 3001 2163
11672 4 2 100 1 2946 3237 3010 3487
11673 4 2 100 1 1991 2036 1696 2662
11674 4 2 100 1 2659 3888 2143 4070
11675 4 2 100 1 2705 3136 2109 3943
11676 4 2 100 1 2409 3141 2520 3206
11677 4 2 100 1 2312 3329 3098 3380
11678 4 2 100 1 2964 3815 2340 3901
11679 4 2 100 1 3953 2120 2966 3423
11680 4 2 100 1 2851 3205 3104 4098
11681 4 2 100 1 1318 912 3285 3922
11682 4 2 100 1 3336 2963 2179 3041
11683 4 2 100 1 2589 3384 2870 3724
11684 4 2 100 1 2217 3102 3078 3439
11685 4 2 100 1 408 383 3436 3656
11686 4 2 100 1 2199 2569 2743 3362
11687 4 2 100 1 1998 2840 3458 3537
11688 4 2 100 1 11 2630 1387 3694
11689 4 2 100 1 1486 1381 1509 2739
11690 4 2 100 1 2444 3164 2495 3186
11691 4 2 100 1 3154 3265 3300 2272
11692 4 2 100 1 2963 3513 2498 3624
11693 4 2 100 1 180 40 525 3896
11694 4 2 100 1 2902 3507 1189 3657
11695 4 2 100 1 3116 3846 2717 2114
11696 4 2 100 1 3269 3379 2553 4075
11697 4 2 100 1 2552 2671 2158 4074
11698 4 2 100 1 993 3153 963 999
11699 4 2 100 1 587 2821 339 3849
11700 4 2 100 1 2950 3394 2390 3490
11701 4 2 100 1 2187 2444 3164 3738
11702 4 2 100 1 1437 93 1510 2658
11703 4 2 100 1 2195 2853 2754 3251
11704 4 2 100 1 2300 3056 2588 2531
11705 4 2 100 1 2175 3337 2737 3414
11706 4 2 100 1 3414 3418 2832 4013
11707 4 2 100 1 2344 3147 2994 3297
11708 4 2 100 1 1075 3460 3025 3622
11709 4 2 100 1 1241 2731 1147 3816
11710 4 2 100 1 3899 3867 2885 2483
11711 4 2 100 1 2410 3473 2844 2183
11712 4 2 100 1 1164 2844 1165 3190
11713 4 2 100 1 2109 2457 3051 2232
11714 4 2 100 1 854 853 852 3399
11715 4 2 100 1 2961 3039 2263 3274
11716 4 2 100 1 1910 2066 2564 4022
11717 4 2 100 1 2943 657 4009 2848
11718 4 2 100 1 4014 3316 2828 2646
11719 4 2 100 1 1607 1608 1606 3579
11720 4 2 100 1 2210 3026 2438 3331
11721 4 2 100 1 2259 3698 2783 3806
11722 4 2 100 1 3594 4069 2892 4085
11723 4 2 100 1 2570 2771 2303 3328
11724 4 2 100 1 3482 2604 2855 2349
11725 4 2 100 1 2621 2813 2365 3854
11726 4 2 100 1 2270 3450 3155 4102
11727 4 2 100 1 2534 2242 3042 3187
11728 4 2 100 1 1243 1389 1150 3938
11729 4 2 100 1 116 2593 1323 3596
11730 4 2 100 1 713 3180 2615 3713
11731 4 2 100 1 2398 3386 3314 3048
11732 4 2 100 1 270 294 318 3869
11733 4 2 100 1 34 4003 3887 4082
11734 4 2 100 1 2960 3309 2295 3476
11735 4 2 100 1 2726 1671 3498 3722
11736 4 2 100 1 2981 2265 3328 3998
11737 4 2 100 1 4017 205 207 206
11738 4 2 100 1 497 2885 2598 3867
11739 4 2 100 1 2107 2558 3592 3776
11740 4 2 100 1 1206 2775 1207 2767
11741 4 2 100 1 2523 2478 3234 3525
11742 4 2 100 1 1854 2586 1853 3565
11743 4 2 100 1 4108 2199 2834 2560
11744 4 2 100 1 2617 2209 2177 2938
11745 4 2 100 1 2363 3799 2520 3903
11746 4 2 100 1 4108 2199 2560 3066
11747 4 2 100 1 1779 2019 1777 3679
11748 4 2 100 1 2430 3660 2812 3946
11749 4 2 100 1 1793 1740 1730 3118
11750 4 2 100 1 1160 1094 3088 3733
11751 4 2 100 1 2404 3501 2633 3588
11752 4 2 100 1 2221 3350 2776 3572
11753 4 2 100 1 2355 3221 3117 2127
11754 4 2 100 1 1799 3514 1665 2957
11755 4 2 100 1 2212 2508 2877 3413
11756 4 2 100 1 2345 2453 2671 4059
11757 4 2 100 1 3500 3697 623 4067
11758 4 2 100 1 1832 3252 1811 3832
11759 4 2 100 1 2437 2823 2318 3188
11760 4 2 100 1 2251 2841 3020 3619
11761 4 2 100 1 2929 3624 3861 2179
11762 4 2 100 1 4017 207 205 3824
11763 4 2 100 1 200 233 3027 3171
11764 4 2 100 1 2703 3227 2865 3295
11765 4 2 100 1 919 921 920 3248
11766 4 2 100 1 2187 3164 3560 3706
11767 4 2 100 1 2757 2940 2257 3510
11768 4 2 100 1 898 2636 899 3437
11769 4 2 100 1 25 624 24 3743
11770 4 2 100 1 314 466 291 3659
11771 4 2 100 1 299 241 305 4073
11772 4 2 100 1 2164 3960 2509 4083
11773 4 2 100 1 956 1229 2702 3657
11774 4 2 100 1 4014 3316 2646 2171
11775 4 2 100 1 2200 3998 2485 4018
11776 4 2 100 1 2727 3102 1771 3746
11777 4 2 100 1 756 3825 3292 3843
11778 4 2 100 1 2363 2919 2520 3026
11779 4 2 100 1 1894 1694 1755 3972
11780 4 2 100 1 1799 1665 3514 1674
11781 4 2 100 1 2410 3477 2913 3821
11782 4 2 100 1 2206 2698 3939 4070
11783 4 2 100 1 3527 1970 2080 3040
11784 4 2 100 1 3221 3320 2225 4054
11785 4 2 100 1 2984 3161 2213 3910
11786 4 2 100 1 3368 3372 2968 3674
11787 4 2 100 1 2065 1908 2029 4060
11788 4 2 100 1 2354 2776 3682 3719
11789 4 2 100 1 2702 3657 1229 3812
11790 4 2 100 1 2125 3671 2482 2604
11791 4 2 100 1 80 756 1256 3292
11792 4 2 100 1 2215 2879 2503 3100
11793 4 2 100 1 2651 3113 2269 3548
11794 4 2 100 1 2468 3421 2234 3585
11795 4 2 100 1 3277 4101 2844 2183
11796 4 2 100 1 2303 2544 3331 2159
11797 4 2 100 1 2648 3681 2208 3965
11798 4 2 100 1 2217 3772 2901 3957
11799 4 2 100 1 2201 3280 2770 3563
11800 4 2 100 1 1710 2581 1863 3810
11801 4 2 100 1 2304 3349 2700 3754
11802 4 2 100 1 1245 2741 109 3614
11803 4 2 100 1 2145 2301 2591 3760
11804 4 2 100 1 2472 3386 3031 3964
11805 4 2 100 1 3527 2080 1970 1928
11806 4 2 100 1 2285 2972 3267 3542
11807 4 2 100 1 3316 2193 2646 2580
11808 4 2 100 1 3107 3682 2776 3719
11809 4 2 100 1 2997 2459 3150 3871
11810 4 2 100 1 952 955 954 4034
11811 4 2 100 1 1825 1926 1525 3013
11812 4 2 100 1 2891 3505 2360 3294
11813 4 2 100 1 1251 3437 2850 3470
11814 4 2 100 1 1897 1893 2054 3065
11815 4 2 100 1 1835 2635 1814 3415
11816 4 2 100 1 2164 2509 3250 4083
11817 4 2 100 1 2291 3207 3148 3654
11818 4 2 100 1 1334 2820 1464 3357
11819 4 2 100 1 2219 3079 2565 2561
11820 4 2 100 1 219 3726 217 4103
11821 4 2 100 1 1820 1831 2614 3517
11822 4 2 100 1 2886 4105 890 4115
11823 4 2 100 1 1313 1315 1439 2554
11824 4 2 100 1 2215 2502 2886 3310
11825 4 2 100 1 1608 2062 1611 2993
11826 4 2 100 1 2180 2673 2971 3217
11827 4 2 100 1 3004 2827 2397 4111
11828 4 2 100 1 2213 3122 2839 3623
11829 4 2 100 1 2686 2781 2122 3637
11830 4 2 100 1 3936 1525 94 3013
11831 4 2 100 1 2134 3286 3109 3744
11832 4 2 100 1 2531 3161 2984 3430
11833 4 2 100 1 2305 2829 2534 3633
11834 4 2 100 1 2235 3116 2456 3342
11835 4 2 100 1 2111 3036 2713 3387
11836 4 2 100 1 3995 2999 1299 1067
11837 4 2 100 1 2939 3270 2510 2135
11838 4 2 100 1 2459 2239 2852 3532
11839 4 2 100 1 346 3787 2467 634
11840 4 2 100 1 2176 2635 3191 3524
11841 4 2 100 1 2452 3002 3481 3520
11842 4 2 100 1 2929 3624 2179 2556
11843 4 2 100 1 847 1115 844 3157
11844 4 2 100 1 1836 3060 2753 3216
11845 4 2 100 1 1020 1081 2602 3278
11846 4 2 100 1 1814 1813 2916 3782
11847 4 2 100 1 2358 2586 3019 3621
11848 4 2 100 1 3167 3641 2710 3890
11849 4 2 100 1 2309 3150 3033 3767
11850 4 2 100 1 1219 3855 3887 748
11851 4 2 100 1 2845 2984 2523 2563
11852 4 2 100 1 1436 1419 861 3205
11853 4 2 100 1 2351 3651 3365 3835
11854 4 2 100 1 2007 2374 3810 1773
11855 4 2 100 1 19 3144 3606 3677
11856 4 2 100 1 3659 2794 2942 2801
11857 4 2 100 1 2182 3038 2512 3689
11858 4 2 100 1 4095 2981 3424 2118
11859 4 2 100 1 2474 2268 3225 3508
11860 4 2 100 1 2200 3187 3633 4018
11861 4 2 100 1 311 304 215 3762
11862 4 2 100 1 1386 1254 1253 3378
11863 4 2 100 1 3719 4012 2167 3107
11864 4 2 100 1 3644 3795 2466 3879
11865 4 2 100 1 3910 3669 3093 2418
11866 4 2 100 1 2361 3663 2638 3821
11867 4 2 100 1 3997 3849 2424 2188
11868 4 2 100 1 981 3357 1065 3765
11869 4 2 100 1 2488 3109 2631 4071
11870 4 2 100 1 1587 3211 1960 3537
11871 4 2 100 1 3907 4101 2838 3081
11872 4 2 100 1 118 763 3132 3170
11873 4 2 100 1 3414 3610 2282 3999
11874 4 2 100 1 1704 2027 2763 3498
11875 4 2 100 1 2812 3130 2382 3857
11876 4 2 100 1 2272 2768 2616 3201
11877 4 2 100 1 1635 3247 2726 3498
11878 4 2 100 1 2663 3522 390 3818
11879 4 2 100 1 2994 3147 2345 2653
11880 4 2 100 1 2638 3384 3554 3724
11881 4 2 100 1 814 3483 2776 3700
11882 4 2 100 1 108 3916 1269 2769
11883 4 2 100 1 2200 2802 2485 3284
11884 4 2 100 1 1671 3498 1678 1642
11885 4 2 100 1 1503 1239 1141 3014
11886 4 2 100 1 2519 2847 2255 3994
11887 4 2 100 1 2905 3215 1042 4002
11888 4 2 100 1 1589 1785 1910 4022
11889 4 2 100 1 2127 3402 3194 2525
11890 4 2 100 1 517 3707 3305 3824
11891 4 2 100 1 1518 1227 1228 3825
11892 4 2 100 1 2233 3255 3506 3793
11893 4 2 100 1 2117 2671 2858 3544
11894 4 2 100 1 3147 3297 2344 4113
11895 4 2 100 1 32 31 1221 3644
11896 4 2 100 1 1263 1262 1258 2861
11897 4 2 100 1 2131 2804 2779 3993
11898 4 2 100 1 273 3717 3496 275
11899 4 2 100 1 2128 2587 3163 3542
11900 4 2 100 1 2219 2565 3079 3918
11901 4 2 100 1 357 2874 393 3077
11902 4 2 100 1 1670 2581 3055 3770
11903 4 2 100 1 2244 2590 2138 3954
11904 4 2 100 1 3936 94 1525 95
11905 4 2 100 1 1331 3205 1419 2851
11906 4 2 100 1 2630 3096 2436 3685
11907 4 2 100 1 2454 2640 3317 3388
11908 4 2 100 1 2366 2937 2843 3678
11909 4 2 100 1 2589 3141 2870 3346
11910 4 2 100 1 2550 2188 3246 4044
11911 4 2 100 1 2261 3463 2870 2619
11912 4 2 100 1 3033 3589 2779 3882
11913 4 2 100 1 2718 3321 2280 2387
11914 4 2 100 1 789 3971 3470 3988
11915 4 2 100 1 1565 3559 1563 3273
11916 4 2 100 1 3610 1979 1991 3479
11917 4 2 100 1 1434 2766 26 3941
11918 4 2 100 1 2206 3939 2668 4070
11919 4 2 100 1 2322 2477 3037 2247
11920 4 2 100 1 2870 2995 2438 2619
11921 4 2 100 1 279 280 3110 3276
11922 4 2 100 1 2195 2754 2516 3193
11923 4 2 100 1 3610 1991 1979 1735
11924 4 2 100 1 2378 2820 2787 3196
11925 4 2 100 1 999 3935 1039 4110
11926 4 2 100 1 3467 3277 2773 2183
11927 4 2 100 1 3220 3997 2189 2550
11928 4 2 100 1 2952 3660 2393 3981
11929 4 2 100 1 3573 3774 3689 2435
11930 4 2 100 1 2116 3195 3515 4058
11931 4 2 100 1 2780 3123 2241 4021
11932 4 2 100 1 2707 3386 2169 3391
11933 4 2 100 1 3593 3613 2658 2212
11934 4 2 100 1 2109 2496 3541 3943
11935 4 2 100 1 937 938 924 3648
11936 4 2 100 1 2294 2867 2539 3248
11937 4 2 100 1 3689 3774 3573 2290
11938 4 2 100 1 2540 3223 2377 2176
11939 4 2 100 1 2316 2527 3693 2966
11940 4 2 100 1 2734 3519 2509 3558
11941 4 2 100 1 1032 1086 2603 3456
11942 4 2 100 1 1165 1304 1506 3190
11943 4 2 100 1 1940 1700 2576 3112
11944 4 2 100 1 585 2934 282 3717
11945 4 2 100 1 550 64 63 4118
11946 4 2 100 1 3856 3826 2918 3210
11947 4 2 100 1 173 501 42 2947
11948 4 2 100 1 3004 3089 2298 3568
11949 4 2 100 1 2738 3657 2702 3812
11950 4 2 100 1 1792 2642 3444 3570
11951 4 2 100 1 2695 2123 3866 3960
11952 4 2 100 1 1493 1203 1270 2649
11953 4 2 100 1 2666 3994 2100 2435
11954 4 2 100 1 2238 3011 2717 3934
11955 4 2 100 1 2747 3006 218 4103
11956 4 2 100 1 2409 2648 3681 4048
11957 4 2 100 1 2868 3993 2409 4068
11958 4 2 100 1 2590 2719 2190 4056
11959 4 2 100 1 1091 2637 3733 3966
11960 4 2 100 1 4017 3930 2406 3824
11961 4 2 100 1 2657 3038 3264 2290
11962 4 2 100 1 1722 2753 3060 1748
11963 4 2 100 1 1722 2753 1748 2042
11964 4 2 100 1 3365 3651 2448 3835
11965 4 2 100 1 3997 3849 2188 2674
11966 4 2 100 1 3439 3853 3242 4089
11967 4 2 100 1 2648 2409 3455 3141
11968 4 2 100 1 2312 3098 2473 3380
11969 4 2 100 1 3927 2920 2233 2154
11970 4 2 100 1 2958 3185 2573 2558
11971 4 2 100 1 2075 2869 2746 3684
11972 4 2 100 1 1808 1814 1813 2916
11973 4 2 100 1 855 3399 2856 3799
11974 4 2 100 1 2412 2690 3174 3589
11975 4 2 100 1 2590 2861 2332 4056
11976 4 2 100 1 2515 2830 2143 4070
11977 4 2 100 1 2727 3721 2489 4023
11978 4 2 100 1 2655 2887 2301 3390
11979 4 2 100 1 1722 2753 2042 1836
11980 4 2 100 1 2208 3287 2609 3744
11981 4 2 100 1 3088 3417 1098 3796
11982 4 2 100 1 781 3034 1244 3747
11983 4 2 100 1 1210 3303 2513 3461
11984 4 2 100 1 2212 3413 2877 3593
11985 4 2 100 1 2204 3012 2578 3562
11986 4 2 100 1 2309 3033 2690 3389
11987 4 2 100 1 2336 3500 3499 3850
11988 4 2 100 1 253 255 257 3979
11989 4 2 100 1 3979 4080 2543 2692
11990 4 2 100 1 2159 2888 2582 2262
11991 4 2 100 1 2535 3476 3150 3742
11992 4 2 100 1 932 2574 933 3765
11993 4 2 100 1 999 1039 993 4110
11994 4 2 100 1 2589 3554 3384 3724
11995 4 2 100 1 2878 2982 2717 3846
11996 4 2 100 1 3428 3668 3671 2349
11997 4 2 100 1 572 653 429 3830
11998 4 2 100 1 2375 3377 2954 3601
11999 4 2 100 1 1901 155 4123 2030
12000 4 2 100 1 2104 3206 3141 3455
12001 4 2 100 1 1744 3040 1970 3711
12002 4 2 100 1 1875 2019 1521 3680
12003 4 2 100 1 2880 3455 2648 3965
12004 4 2 100 1 921 925 922 2703
12005 4 2 100 1 2113 2648 2835 3627
12006 4 2 100 1 5 1500 94 4026
12007 4 2 100 1 2729 3049 2270 3527
12008 4 2 100 1 3582 1403 1336 3103
12009 4 2 100 1 1068 3605 2596 3704
12010 4 2 100 1 1108 1079 1430 3838
12011 4 2 100 1 2701 3375 2784 3819
12012 4 2 100 1 2767 2775 2184 2371
12013 4 2 100 1 769 2579 1173 3613
12014 4 2 100 1 2409 3141 3206 3455
12015 4 2 100 1 2157 2457 2978 3543
12016 4 2 100 1 949 2681 944 3802
12017 4 2 100 1 1348 1010 1072 3091
12018 4 2 100 1 2320 3481 3002 3520
12019 4 2 100 1 592 542 408 3656
12020 4 2 100 1 3825 3772 3256 2335
12021 4 2 100 1 2235 2143 2830 4070
12022 4 2 100 1 2218 2482 2803 4034
12023 4 2 100 1 339 340 309 3321
12024 4 2 100 1 3097 96 4077 97
12025 4 2 100 1 2433 3102 2727 3746
12026 4 2 100 1 1562 1564 1878 3559
12027 4 2 100 1 2679 3462 3080 2441
12028 4 2 100 1 3379 3460 2207 2428
12029 4 2 100 1 2586 3621 1854 3699
12030 4 2 100 1 3371 3681 2409 3993
12031 4 2 100 1 2140 2660 2548 3496
12032 4 2 100 1 1717 1765 1893 2903
12033 4 2 100 1 2379 2532 2682 2105
12034 4 2 100 1 2569 3362 2488 2298
12035 4 2 100 1 2945 3660 3981 3491
12036 4 2 100 1 1746 2546 1956 3586
12037 4 2 100 1 2157 2813 2943 3879
12038 4 2 100 1 2537 2981 2305 3633
12039 4 2 100 1 1915 1914 1548 3819
12040 4 2 100 1 2197 3521 2918 3826
12041 4 2 100 1 2377 2892 2511 3618
12042 4 2 100 1 2646 3017 2171 2580
12043 4 2 100 1 2063 2012 2647 3901
12044 4 2 100 1 2259 2946 2714 3804
12045 4 2 100 1 1900 2033 1999 3788
12046 4 2 100 1 2281 2678 2461 3470
12047 4 2 100 1 754 2579 771 4082
12048 4 2 100 1 2749 2163 3156 3159
12049 4 2 100 1 2783 2818 2226 2327
12050 4 2 100 1 2128 2587 3715 4055
12051 4 2 100 1 608 3447 688 664
12052 4 2 100 1 2764 3145 2407 3385
12053 4 2 100 1 2111 3405 2283 2408
12054 4 2 100 1 2244 2332 2781 2224
12055 4 2 100 1 2753 3060 1748 3448
12056 4 2 100 1 2109 3136 2457 2232
12057 4 2 100 1 2117 3258 2858 3768
12058 4 2 100 1 1175 1173 2670 3613
12059 4 2 100 1 2129 2940 3510 2531
12060 4 2 100 1 1635 1634 1628 3247
12061 4 2 100 1 110 3450 2741 3761
12062 4 2 100 1 2673 3217 2180 3342
12063 4 2 100 1 3840 1690 1730 1881
12064 4 2 100 1 2668 3142 2206 3980
12065 4 2 100 1 1193 1477 1454 3037
12066 4 2 100 1 2341 2768 3191 3612
12067 4 2 100 1 3263 3840 1730 2450
12068 4 2 100 1 1482 2856 1361 3282
12069 4 2 100 1 2632 2873 2376 3783
12070 4 2 100 1 1285 2960 1062 2822
12071 4 2 100 1 172 597 73 3268
12072 4 2 100 1 1576 1578 2562 3392
12073 4 2 100 1 2276 2574 3254 3582
12074 4 2 100 1 120 1296 2733 3132
12075 4 2 100 1 1633 1835 2907 3154
12076 4 2 100 1 2286 3308 2645 3000
12077 4 2 100 1 1640 3265 2546 3397
12078 4 2 100 1 2360 3182 2507 3294
12079 4 2 100 1 712 477 678 3383
12080 4 2 100 1 3240 3871 2698 3888
12081 4 2 100 1 2031 1531 1920 3564
12082 4 2 100 1 2466 3634 3493 2128
12083 4 2 100 1 3553 3179 2446 3972
12084 4 2 100 1 2605 2168 2958 3878
12085 4 2 100 1 1637 2724 1943 1706
12086 4 2 100 1 2128 2466 3795 3879
12087 4 2 100 1 2300 3056 2559 3318
12088 4 2 100 1 1510 2658 93 3280
12089 4 2 100 1 3475 3667 2612 1411
12090 4 2 100 1 706 4130 3805 162
12091 4 2 100 1 2187 2873 2785 3560
12092 4 2 100 1 2915 3306 2391 3943
12093 4 2 100 1 2913 3724 3463 2144
12094 4 2 100 1 1180 2800 3097 3908
12095 4 2 100 1 2981 3494 3998 3328
12096 4 2 100 1 3114 3373 2483 3489
12097 4 2 100 1 3853 3439 2433 3102
12098 4 2 100 1 3189 3740 2497 3956
12099 4 2 100 1 1835 2907 2635 3415
12100 4 2 100 1 568 471 635 2801
12101 4 2 100 1 2371 3057 2505 3381
12102 4 2 100 1 3292 745 81 82
12103 4 2 100 1 2944 3501 2344 3561
12104 4 2 100 1 1203 767 95 3936
12105 4 2 100 1 2007 1915 1980 3450
12106 4 2 100 1 2320 3416 3002 3575
12107 4 2 100 1 2185 2728 2650 3110
12108 4 2 100 1 3292 745 82 3978
12109 4 2 100 1 2329 2931 2996 3034
12110 4 2 100 1 1931 1849 1990 3372
12111 4 2 100 1 2564 2924 2514 3798
12112 4 2 100 1 3233 3695 3827 329
12113 4 2 100 1 2190 2388 4015 4056
12114 4 2 100 1 3074 3261 2125 3671
12115 4 2 100 1 2651 3682 3107 3719
12116 4 2 100 1 2334 3213 2700 4011
12117 4 2 100 1 2477 2322 3037 3884
12118 4 2 100 1 3668 1003 1288 1142
12119 4 2 100 1 2139 3355 2587 3464
12120 4 2 100 1 2337 3126 2809 4004
12121 4 2 100 1 266 499 263 2572
12122 4 2 100 1 3927 2920 2154 4088
12123 4 2 100 1 2162 3472 3231 3868
12124 4 2 100 1 2253 3010 2914 3101
12125 4 2 100 1 1201 3600 3063 3751
12126 4 2 100 1 2482 3671 3668 2604
12127 4 2 100 1 2145 2912 2887 3592
12128 4 2 100 1 2268 3258 3750 3984
12129 4 2 100 1 2782 2199 3031 3362
12130 4 2 100 1 3050 3276 2311 3669
12131 4 2 100 1 531 659 434 2749
12132 4 2 100 1 1923 3292 2479 3843
12133 4 2 100 1 1991 1758 3364 3479
12134 4 2 100 1 262 626 264 3330
12135 4 2 100 1 356 552 2504 3831
12136 4 2 100 1 3513 3624 2963 3905
12137 4 2 100 1 2307 2692 3199 3340
12138 4 2 100 1 2616 2102 3229 2540
12139 4 2 100 1 2124 3394 2950 3490
12140 4 2 100 1 2161 2781 2585 2214
12141 4 2 100 1 4030 2792 2693 3131
12142 4 2 100 1 2305 2981 3424 4027
12143 4 2 100 1 2175 3055 2581 3260
12144 4 2 100 1 2122 2781 2686 3380
12145 4 2 100 1 232 234 231 4065
12146 4 2 100 1 1729 3397 2460 1732
12147 4 2 100 1 2719 2955 2190 3702
12148 4 2 100 1 555 10 11 3500
12149 4 2 100 1 2424 3076 3006 3712
12150 4 2 100 1 2660 3539 398 3831
12151 4 2 100 1 2779 2804 2208 3681
12152 4 2 100 1 538 584 231 3420
12153 4 2 100 1 1352 1401 1344 3734
12154 4 2 100 1 1582 1580 1581 3211
12155 4 2 100 1 2968 1536 3699 3766
12156 4 2 100 1 2946 3237 3487 2259
12157 4 2 100 1 3192 3181 2788 2178
12158 4 2 100 1 55 4128 491 665
12159 4 2 100 1 937 924 923 3307
12160 4 2 100 1 2136 2918 2519 3521
12161 4 2 100 1 3116 3846 2114 3495
12162 4 2 100 1 2522 2122 3291 3856
12163 4 2 100 1 2487 3627 2835 2648
12164 4 2 100 1 2224 3140 2585 2420
12165 4 2 100 1 1954 2476 1740 3118
12166 4 2 100 1 2052 1641 3273 2476
12167 4 2 100 1 1768 3259 1940 3442
12168 4 2 100 1 776 1023 1196 3288
12169 4 2 100 1 3281 3519 3401 3866
12170 4 2 100 1 2161 3508 2620 3750
12171 4 2 100 1 2034 1723 1766 3458
12172 4 2 100 1 2273 3012 3281 3315
12173 4 2 100 1 2322 2477 2247 3352
12174 4 2 100 1 2483 3373 381 3489
12175 4 2 100 1 2053 1973 125 2901
12176 4 2 100 1 1756 2489 1719 3479
12177 4 2 100 1 2634 3017 2646 2580
12178 4 2 100 1 1985 1797 1794 3176
12179 4 2 100 1 2475 3487 3245 4049
12180 4 2 100 1 537 2885 3159 619
12181 4 2 100 1 2313 2610 3168 3969
12182 4 2 100 1 1662 2957 1664 3480
12183 4 2 100 1 2120 3015 3213 3469
12184 4 2 100 1 2890 2915 2299 2421
12185 4 2 100 1 2568 3453 2985 3767
12186 4 2 100 1 2365 3795 2814 3887
12187 4 2 100 1 674 420 445 3222
12188 4 2 100 1 837 3686 2986 3980
12189 4 2 100 1 3101 3214 2443 3908
12190 4 2 100 1 3908 1181 1157 1180
12191 4 2 100 1 1332 2434 2851 4078
12192 4 2 100 1 1998 1687 1960 3537
12193 4 2 100 1 182 3059 2802 3334
12194 4 2 100 1 2343 2695 3401 2827
12195 4 2 100 1 2920 2516 3786 2853
12196 4 2 100 1 2170 2654 3327 3850
12197 4 2 100 1 1437 92 93 2658
12198 4 2 100 1 278 589 3204 3407
12199 4 2 100 1 2190 2575 2955 4015
12200 4 2 100 1 2602 3434 3172 2434
12201 4 2 100 1 2498 2785 3204 3706
12202 4 2 100 1 2308 2747 3726 4103
12203 4 2 100 1 2263 2961 2894 3398
12204 4 2 100 1 2700 3213 2334 3226
12205 4 2 100 1 2220 2453 2732 4014
12206 4 2 100 1 2502 2215 2886 3906
12207 4 2 100 1 887 2465 3298 3662
12208 4 2 100 1 3853 3769 2930 2217
12209 4 2 100 1 3220 3997 2550 4044
12210 4 2 100 1 3540 3725 2835 3649
12211 4 2 100 1 1957 2667 3534 3901
12212 4 2 100 1 1319 989 836 2985
12213 4 2 100 1 2875 3031 2782 2199
12214 4 2 100 1 1576 2562 1580 3822
12215 4 2 100 1 2691 2943 2157 3335
12216 4 2 100 1 2119 3150 2952 3857
12217 4 2 100 1 2629 3173 352 4073
12218 4 2 100 1 2559 3551 2285 3912
12219 4 2 100 1 165 3073 2485 3284
12220 4 2 100 1 534 2523 675 3175
12221 4 2 100 1 2616 2102 2540 3075
12222 4 2 100 1 2120 3015 3122 3213
12223 4 2 100 1 4006 1430 1083 2758
12224 4 2 100 1 2698 3139 2206 3939
12225 4 2 100 1 1736 2536 1875 3931
12226 4 2 100 1 2212 2928 2670 3613
12227 4 2 100 1 3400 3126 3511 2254
12228 4 2 100 1 4006 1083 1430 1453
12229 4 2 100 1 2391 3326 2915 3943
12230 4 2 100 1 1030 2620 1029 3848
12231 4 2 100 1 101 3792 3369 3875
12232 4 2 100 1 2148 2485 3187 3716
12233 4 2 100 1 179 2885 54 53
12234 4 2 100 1 782 956 1229 2702
12235 4 2 100 1 2174 2988 2610 3230
12236 4 2 100 1 395 2525 335 3697
12237 4 2 100 1 1941 2591 1592 3390
12238 4 2 100 1 2956 3985 3291 2237
12239 4 2 100 1 1174 1175 1173 2670
12240 4 2 100 1 2723 3023 2352 3782
12241 4 2 100 1 2278 3291 2748 3637
12242 4 2 100 1 2291 2507 3182 3654
12243 4 2 100 1 2533 3424 2981 4027
12244 4 2 100 1 2756 3344 1342 3399
12245 4 2 100 1 1945 1909 1965 2564
12246 4 2 100 1 3656 379 592 505
12247 4 2 100 1 3167 3276 2765 3890
12248 4 2 100 1 2509 2273 3289 3866
12249 4 2 100 1 1275 2857 92 2928
12250 4 2 100 1 3104 3404 2637 3670
12251 4 2 100 1 2236 2998 3143 3958
12252 4 2 100 1 1958 1764 2751 3894
12253 4 2 100 1 1030 2620 3848 3590
12254 4 2 100 1 2367 3012 2890 3289
12255 4 2 100 1 2466 2848 2357 3493
12256 4 2 100 1 2676 3920 3075 2411
12257 4 2 100 1 2369 3029 2886 2625
12258 4 2 100 1 2614 2153 2176 3983
12259 4 2 100 1 2205 2994 2983 3446
12260 4 2 100 1 4101 3190 2506 2844
12261 4 2 100 1 3073 679 165 2485
12262 4 2 100 1 2161 2620 3319 3750
12263 4 2 100 1 1751 1734 2964 3815
12264 4 2 100 1 2736 2913 2464 3463
12265 4 2 100 1 3073 165 679 17
12266 4 2 100 1 3126 3790 2186 4004
12267 4 2 100 1 2255 2693 2847 3317
12268 4 2 100 1 1751 2964 1734 3216
12269 4 2 100 1 289 288 317 3204
12270 4 2 100 1 245 545 252 4080
12271 4 2 100 1 4019 2185 2572 2266
12272 4 2 100 1 2224 3061 2748 2278
12273 4 2 100 1 167 2790 3694 3334
12274 4 2 100 1 3094 1997 1577 3412
12275 4 2 100 1 2132 2899 3493 3628
12276 4 2 100 1 2122 3291 2686 3637
12277 4 2 100 1 2416 2824 2929 3036
12278 4 2 100 1 1319 2985 830 3453
12279 4 2 100 1 425 541 495 3904
12280 4 2 100 1 2585 3099 2781 2224
12281 4 2 100 1 2192 2645 3493 3634
12282 4 2 100 1 2392 3466 3161 3781
12283 4 2 100 1 2513 3368 2606 3990
12284 4 2 100 1 2161 3319 2858 3750
12285 4 2 100 1 2426 2961 2263 3274
12286 4 2 100 1 369 648 552 2823
12287 4 2 100 1 3192 3181 2178 3551
12288 4 2 100 1 813 816 1339 3889
12289 4 2 100 1 2313 3168 2819 3433
12290 4 2 100 1 534 166 2523 3525
12291 4 2 100 1 2881 3127 2463 3237
12292 4 2 100 1 2147 3106 2760 3612
12293 4 2 100 1 954 1392 988 4034
12294 4 2 100 1 2676 3148 2211 3785
12295 4 2 100 1 1005 899 898 2636
12296 4 2 100 1 2150 2299 3048 2571
12297 4 2 100 1 3284 3494 3059 3803
12298 4 2 100 1 2206 3686 3980 2986
12299 4 2 100 1 2337 3452 2715 3786
12300 4 2 100 1 3938 3431 734 2733
12301 4 2 100 1 2433 3242 3207 3439
12302 4 2 100 1 1907 142 2030 3443
12303 4 2 100 1 2645 3163 2794 3308
12304 4 2 100 1 2168 2605 3148 3771
12305 4 2 100 1 2316 3403 2966 3953
12306 4 2 100 1 2248 3384 2589 3554
12307 4 2 100 1 2256 2820 2787 3357
12308 4 2 100 1 2408 2744 3595 4093
12309 4 2 100 1 314 467 466 3659
12310 4 2 100 1 3730 3029 2240 2910
12311 4 2 100 1 738 1289 9 4066
12312 4 2 100 1 2235 2659 3116 3773
12313 4 2 100 1 1164 1165 1133 3190
12314 4 2 100 1 406 536 687 2864
12315 4 2 100 1 4070 3604 2830 2235
12316 4 2 100 1 2368 2832 3418 4013
12317 4 2 100 1 3335 1223 1224 1516
12318 4 2 100 1 1512 737 1183 3134
12319 4 2 100 1 2689 2921 2124 3165
12320 4 2 100 1 891 890 4105 4115
12321 4 2 100 1 1041 3410 3034 4114
12322 4 2 100 1 4017 3930 3824 203
12323 4 2 100 1 2270 2729 3527 4046
12324 4 2 100 1 2509 3289 2273 3784
12325 4 2 100 1 2246 3047 2780 3902
12326 4 2 100 1 2959 595 3869 3708
12327 4 2 100 1 4070 2830 3604 2515
12328 4 2 100 1 390 588 637 2663
12329 4 2 100 1 4043 3791 2606 3895
12330 4 2 100 1 455 450 451 3905
12331 4 2 100 1 350 371 372 3175
12332 4 2 100 1 140 1551 141 2876
12333 4 2 100 1 1710 1669 1863 2581
12334 4 2 100 1 193 501 195 3817
12335 4 2 100 1 2185 2572 2266 2652
12336 4 2 100 1 3245 3487 2327 4049
12337 4 2 100 1 2404 3501 2944 3561
12338 4 2 100 1 2741 3450 3375 3819
12339 4 2 100 1 2624 2991 2162 4001
12340 4 2 100 1 3607 3519 2463 2798
12341 4 2 100 1 2154 2626 2233 3927
12342 4 2 100 1 3042 3829 2127 2992
12343 4 2 100 1 540 2848 473 3419
12344 4 2 100 1 3369 102 101 1933
12345 4 2 100 1 1187 1191 1014 3452
12346 4 2 100 1 3082 4052 3191 2341
12347 4 2 100 1 2445 3206 2675 3449
12348 4 2 100 1 2230 3163 3071 3877
12349 4 2 100 1 2419 2758 4006 2394
12350 4 2 100 1 2155 2325 3725 3371
12351 4 2 100 1 2271 2565 2604 3482
12352 4 2 100 1 506 3373 621 3919
12353 4 2 100 1 2890 3012 2343 3866
12354 4 2 100 1 4093 210 212 3218
12355 4 2 100 1 973 3906 3428 4105
12356 4 2 100 1 2184 2679 2935 3343
12357 4 2 100 1 2981 3998 3494 2200
12358 4 2 100 1 98 1180 99 2800
12359 4 2 100 1 2104 3425 2601 3752
12360 4 2 100 1 1916 1651 1653 2529
12361 4 2 100 1 2259 2783 2946 3806
12362 4 2 100 1 4093 212 210 211
12363 4 2 100 1 2870 3346 3141 3465
12364 4 2 100 1 294 2806 3105 3869
12365 4 2 100 1 2590 2332 2719 4056
12366 4 2 100 1 3995 2999 1067 2707
12367 4 2 100 1 2012 1762 1754 2647
12368 4 2 100 1 3397 1743 1732 1688
12369 4 2 100 1 2800 3070 2388 4056
12370 4 2 100 1 2610 3230 2988 3904
12371 4 2 100 1 2113 2835 3540 3627
12372 4 2 100 1 2915 2789 3306 2496
12373 4 2 100 1 2855 3083 2271 3911
12374 4 2 100 1 1129 3350 2439 2541
12375 4 2 100 1 2704 2751 3294 3228
12376 4 2 100 1 771 2579 769 3146
12377 4 2 100 1 1946 2753 3847 3216
12378 4 2 100 1 1269 1367 2769 3215
12379 4 2 100 1 2250 2581 3260 3427
12380 4 2 100 1 1858 2377 1857 2040
12381 4 2 100 1 2170 2654 2893 3915
12382 4 2 100 1 1640 2546 1673 3397
12383 4 2 100 1 1625 1626 2894 3398
12384 4 2 100 1 445 173 2706 698
12385 4 2 100 1 2644 2843 2366 3837
12386 4 2 100 1 1170 877 3174 3734
12387 4 2 100 1 2104 2601 2788 3752
12388 4 2 100 1 2609 3084 2852 2099
12389 4 2 100 1 9 176 554 4066
12390 4 2 100 1 2333 3414 2716 3999
12391 4 2 100 1 2900 2335 3825 3843
12392 4 2 100 1 3345 463 462 459
12393 4 2 100 1 2397 3401 2695 2827
12394 4 2 100 1 2406 2744 2967 4017
12395 4 2 100 1 168 51 493 2708
12396 4 2 100 1 1724 3556 3364 3813
12397 4 2 100 1 3397 1732 1743 3296
12398 4 2 100 1 3927 2920 4088 2501
12399 4 2 100 1 2614 3044 2377 3618
12400 4 2 100 1 2114 3053 2524 3379
12401 4 2 100 1 772 1173 771 2579
12402 4 2 100 1 2217 2709 3772 3957
12403 4 2 100 1 2601 2372 3562 2789
12404 4 2 100 1 2062 2993 1608 3125
12405 4 2 100 1 2756 1352 3734 852
12406 4 2 100 1 2671 3005 2158 4074
12407 4 2 100 1 2233 3506 2501 3793
12408 4 2 100 1 2257 2992 3320 3510
12409 4 2 100 1 3038 3085 2512 3689
12410 4 2 100 1 2345 3005 2671 2453
12411 4 2 100 1 2528 2987 2348 3678
12412 4 2 100 1 3330 589 428 626
12413 4 2 100 1 2181 2530 2877 3593
12414 4 2 100 1 3818 199 2663 3599
12415 4 2 100 1 2362 2968 3699 3766
12416 4 2 100 1 2688 3823 3518 2966
12417 4 2 100 1 814 3483 3700 1340
12418 4 2 100 1 235 522 2557 3917
12419 4 2 100 1 1328 989 1470 3174
12420 4 2 100 1 2725 2298 3568 3964
12421 4 2 100 1 3887 4003 2415 4082
12422 4 2 100 1 2568 2309 3453 3767
12423 4 2 100 1 2246 2446 3179 2536
12424 4 2 100 1 1650 1649 1859 3397
12425 4 2 100 1 2287 3629 2937 3873
12426 4 2 100 1 1707 3068 1708 4038
12427 4 2 100 1 2271 3083 2604 2565
12428 4 2 100 1 2568 2986 2960 3476
12429 4 2 100 1 2270 2975 2519 2991
12430 4 2 100 1 2249 3447 2692 3753
12431 4 2 100 1 2789 3306 2367 3012
12432 4 2 100 1 1999 2735 3443 1901
12433 4 2 100 1 2132 2978 2457 3312
12434 4 2 100 1 2651 2269 3279 3548
12435 4 2 100 1 2399 3787 3402 2355
12436 4 2 100 1 2665 2305 3072 3690
12437 4 2 100 1 2658 3058 2201 3593
12438 4 2 100 1 1540 122 3078 3431
12439 4 2 100 1 3002 1443 934 1425
12440 4 2 100 1 949 944 1282 3802
12441 4 2 100 1 302 303 3827 3917
12442 4 2 100 1 2401 3753 244 3845
12443 4 2 100 1 2579 2814 2181 3967
12444 4 2 100 1 2756 1352 852 1004
12445 4 2 100 1 2323 2738 2702 3812
12446 4 2 100 1 2226 3266 2783 2327
12447 4 2 100 1 2119 3660 2945 3946
12448 4 2 100 1 2681 2169 2707 3802
12449 4 2 100 1 2161 2603 3445 4032
12450 4 2 100 1 257 664 688 3447
12451 4 2 100 1 2439 2248 3666 3550
12452 4 2 100 1 3400 3885 2115 3891
12453 4 2 100 1 2276 3254 2574 3092
12454 4 2 100 1 2427 2939 2724 2135
12455 4 2 100 1 2489 3364 1719 3479
12456 4 2 100 1 2600 2712 2941 2182
12457 4 2 100 1 1880 2036 3364 3556
12458 4 2 100 1 3629 3115 2862 3977
12459 4 2 100 1 2636 3437 898 3747
12460 4 2 100 1 450 3513 3905 2632
12461 4 2 100 1 2230 2587 3234 3355
12462 4 2 100 1 2737 3427 3414 4013
12463 4 2 100 1 2662 3556 1737 3566
12464 4 2 100 1 1260 3356 2477 3884
12465 4 2 100 1 3699 1550 2479 1994
12466 4 2 100 1 2888 3200 2533 3235
12467 4 2 100 1 2216 2652 2572 3433
12468 4 2 100 1 2871 3195 2441 3676
12469 4 2 100 1 2146 3022 2721 2411
12470 4 2 100 1 2655 2892 4069 4085
12471 4 2 100 1 659 434 2749 3156
12472 4 2 100 1 2241 3270 2840 3874
12473 4 2 100 1 1933 2898 1961 3517
12474 4 2 100 1 2703 2865 2455 3295
12475 4 2 100 1 2632 242 3138 538
12476 4 2 100 1 2427 3270 2135 3933
12477 4 2 100 1 2663 2234 3599 3930
12478 4 2 100 1 1658 1657 1636 3692
12479 4 2 100 1 2356 3062 2515 3686
12480 4 2 100 1 2142 3370 2682 3416
12481 4 2 100 1 1644 1693 1895 4038
12482 4 2 100 1 2116 2714 3251 3804
12483 4 2 100 1 2685 2812 2295 3742
12484 4 2 100 1 2291 2489 2832 4061
12485 4 2 100 1 2766 2936 1434 3395
12486 4 2 100 1 1377 974 3406 4105
12487 4 2 100 1 2874 3503 547 3726
12488 4 2 100 1 956 3408 957 2897
12489 4 2 100 1 2328 2619 2995 3440
12490 4 2 100 1 2806 3708 2307 3869
12491 4 2 100 1 3362 3568 2298 3964
12492 4 2 100 1 3259 3683 2784 4053
12493 4 2 100 1 1654 2724 2008 1733
12494 4 2 100 1 1951 3044 2869 3832
12495 4 2 100 1 2999 3391 2289 2707
12496 4 2 100 1 2200 2485 2802 3187
12497 4 2 100 1 2614 3133 1937 3618
12498 4 2 100 1 2161 2858 3508 3750
12499 4 2 100 1 1587 3211 2924 3615
12500 4 2 100 1 1982 1764 1942 3894
12501 4 2 100 1 770 1205 70 3108
12502 4 2 100 1 2282 2489 3479 4061
12503 4 2 100 1 2478 2770 3280 3563
12504 4 2 100 1 2373 2775 3009 3625
12505 4 2 100 1 918 2896 919 4007
12506 4 2 100 1 3330 589 626 3407
12507 4 2 100 1 2418 3050 2223 3430
12508 4 2 100 1 1296 1449 1154 4063
12509 4 2 100 1 2103 2550 3426 3728
12510 4 2 100 1 1055 3357 1334 1021
12511 4 2 100 1 3039 3398 2263 3626
12512 4 2 100 1 1894 1993 1871 3179
12513 4 2 100 1 1302 2720 844 3597
12514 4 2 100 1 3823 2149 2688 2338
12515 4 2 100 1 2255 3085 2512 3231
12516 4 2 100 1 3574 2585 2332 2719
12517 4 2 100 1 72 1207 3268 2767
12518 4 2 100 1 1994 3621 2479 3699
12519 4 2 100 1 2215 2793 3074 4045
12520 4 2 100 1 1027 3502 1325 1118
12521 4 2 100 1 2217 2901 2440 3769
12522 4 2 100 1 429 397 348 3713
12523 4 2 100 1 2603 2332 3360 4032
12524 4 2 100 1 2391 2329 2816 3652
12525 4 2 100 1 2123 2816 2329 3652
12526 4 2 100 1 1984 138 137 3534
12527 4 2 100 1 3155 3705 4053 2926
12528 4 2 100 1 2573 2360 2583 3559
12529 4 2 100 1 2119 2812 3660 3946
12530 4 2 100 1 2113 2799 3554 3968
12531 4 2 100 1 2276 4062 3454 2949
12532 4 2 100 1 3514 1798 2079 1674
12533 4 2 100 1 2231 2899 3492 3497
12534 4 2 100 1 2126 2836 2417 3794
12535 4 2 100 1 2626 3676 2204 2441
12536 4 2 100 1 1292 876 948 3301
12537 4 2 100 1 2208 3457 2491 3744
12538 4 2 100 1 1514 2324 3003 1287
12539 4 2 100 1 3206 3346 2104 3141
12540 4 2 100 1 2363 2856 2520 3799
12541 4 2 100 1 3033 3139 2412 3767
12542 4 2 100 1 2110 2734 2661 3642
12543 4 2 100 1 2631 2228 3526 4071
12544 4 2 100 1 1017 1016 976 3172
12545 4 2 100 1 2199 3109 2911 4042
12546 4 2 100 1 2468 2988 2174 3522
12547 4 2 100 1 1090 1074 1089 3104
12548 4 2 100 1 1563 3185 1949 3273
12549 4 2 100 1 706 3238 436 3805
12550 4 2 100 1 3952 3341 3065 2211
12551 4 2 100 1 2436 2242 3212 4081
12552 4 2 100 1 1183 1152 2566 3277
12553 4 2 100 1 336 335 2525 3402
12554 4 2 100 1 2991 2624 2136 4001
12555 4 2 100 1 2385 4020 2135 2536
12556 4 2 100 1 2397 2827 2695 4111
12557 4 2 100 1 54 3159 2885 3302
12558 4 2 100 1 756 3292 80 3843
12559 4 2 100 1 2887 2912 2613 3592
12560 4 2 100 1 12 13 3694 3949
12561 4 2 100 1 2647 3322 2063 3901
12562 4 2 100 1 2593 2256 3196 4001
12563 4 2 100 1 2809 2906 2403 3978
12564 4 2 100 1 3448 2359 2763 2156
12565 4 2 100 1 859 858 860 3135
12566 4 2 100 1 3514 2079 1798 3259
12567 4 2 100 1 545 3244 2543 4080
12568 4 2 100 1 1004 2756 1342 3399
12569 4 2 100 1 460 2504 2598 356
12570 4 2 100 1 3400 3126 2254 2697
12571 4 2 100 1 2535 3304 2422 3571
12572 4 2 100 1 2374 2581 3427 3810
12573 4 2 100 1 2399 3787 3249 3834
12574 4 2 100 1 2530 3715 2998 4079
12575 4 2 100 1 2591 2301 3480 3760
12576 4 2 100 1 2131 2675 3552 3993
12577 4 2 100 1 2745 2999 2361 3663
12578 4 2 100 1 1587 3615 1583 3211
12579 4 2 100 1 1432 1183 1152 2566
12580 4 2 100 1 2562 2264 3211 3822
12581 4 2 100 1 2970 2302 3695 2148
12582 4 2 100 1 2276 3103 2917 3582
12583 4 2 100 1 929 931 930 3227
12584 4 2 100 1 1602 2746 3069 4000
12585 4 2 100 1 250 2548 3672 3845
12586 4 2 100 1 2150 3568 4051 4111
12587 4 2 100 1 1753 1754 1694 3322
12588 4 2 100 1 2199 3066 2569 4042
12589 4 2 100 1 1180 2800 98 3097
12590 4 2 100 1 3240 3476 2206 3871
12591 4 2 100 1 3115 3266 2226 3629
12592 4 2 100 1 2623 2408 3595 4093
12593 4 2 100 1 2629 2557 3731 4073
12594 4 2 100 1 3076 3035 3006 2227
12595 4 2 100 1 160 2518 561 3144
12596 4 2 100 1 1583 3615 1587 1586
12597 4 2 100 1 2302 2718 3647 3827
12598 4 2 100 1 2594 2679 2935 3581
12599 4 2 100 1 289 2555 288 3204
12600 4 2 100 1 110 2741 1245 3761
12601 4 2 100 1 1456 2766 739 3395
12602 4 2 100 1 3304 3793 2229 2641
12603 4 2 100 1 2907 3154 2635 3191
12604 4 2 100 1 2444 3164 3186 3820
12605 4 2 100 1 3735 3064 2249 3831
12606 4 2 100 1 2612 1411 1489 1156
12607 4 2 100 1 1329 1029 3225 3848
12608 4 2 100 1 807 809 808 3588
12609 4 2 100 1 156 648 528 2823
12610 4 2 100 1 2448 3651 2720 3835
12611 4 2 100 1 1619 1620 2961 3398
12612 4 2 100 1 2229 3793 3304 2422
12613 4 2 100 1 1811 1832 1817 3252
12614 4 2 100 1 2299 2571 2799 3528
12615 4 2 100 1 109 1245 110 2741
12616 4 2 100 1 241 235 2557 3138
12617 4 2 100 1 2700 1168 1231 742
12618 4 2 100 1 2286 3043 2531 3071
12619 4 2 100 1 932 935 1347 3765
12620 4 2 100 1 473 2848 3160 3419
12621 4 2 100 1 2506 1427 2844 1165
12622 4 2 100 1 2639 2949 2324 3253
12623 4 2 100 1 1318 3285 2944 3922
12624 4 2 100 1 2317 3299 2919 3670
12625 4 2 100 1 1131 2754 3396 3111
12626 4 2 100 1 197 237 198 2923
12627 4 2 100 1 2107 2613 2912 3592
12628 4 2 100 1 1522 106 1985 2701
12629 4 2 100 1 1858 2040 2047 3618
12630 4 2 100 1 2686 3232 2346 2138
12631 4 2 100 1 1311 1418 1390 3580
12632 4 2 100 1 2176 3229 3191 4052
12633 4 2 100 1 2427 3874 3270 3933
12634 4 2 100 1 2623 2326 3405 3707
12635 4 2 100 1 116 2593 3596 3333
12636 4 2 100 1 2716 2282 3414 3418
12637 4 2 100 1 2125 2604 2762 3873
12638 4 2 100 1 2775 3625 2371 3009
12639 4 2 100 1 1046 1082 1066 3945
12640 4 2 100 1 3000 2339 3267 3732
12641 4 2 100 1 116 2593 3333 735
12642 4 2 100 1 1269 3215 2769 3916
12643 4 2 100 1 3210 3520 3481 2320
12644 4 2 100 1 3528 3386 3391 2169
12645 4 2 100 1 3481 3520 3210 2452
12646 4 2 100 1 2989 2636 2329 3478
12647 4 2 100 1 2372 2982 3366 3425
12648 4 2 100 1 2484 3404 3650 3733
12649 4 2 100 1 2632 2376 2873 2187
12650 4 2 100 1 670 3496 2660 3756
12651 4 2 100 1 2258 3385 2407 3852
12652 4 2 100 1 2181 2579 3413 3441
12653 4 2 100 1 1635 1634 3247 3498
12654 4 2 100 1 2898 2841 1770 3517
12655 4 2 100 1 1701 1703 3133 3618
12656 4 2 100 1 2520 3799 2471 3903
12657 4 2 100 1 1394 765 1379 3803
12658 4 2 100 1 2320 3002 3416 3520
12659 4 2 100 1 2256 3388 2640 3723
12660 4 2 100 1 1768 3259 3442 1795
12661 4 2 100 1 1880 3364 1724 3556
12662 4 2 100 1 1255 1391 1386 2825
12663 4 2 100 1 1540 121 122 3431
12664 4 2 100 1 2476 3239 2245 3902
12665 4 2 100 1 825 2500 827 3617
12666 4 2 100 1 159 3160 666 3644
12667 4 2 100 1 2264 2613 2887 2912
12668 4 2 100 1 2706 501 2947 3817
12669 4 2 100 1 781 780 3034 3812
12670 4 2 100 1 1488 1129 1158 3344
12671 4 2 100 1 1987 1827 1823 3782
12672 4 2 100 1 2416 2824 2713 3241
12673 4 2 100 1 2105 2617 3128 3202
12674 4 2 100 1 2497 3224 3189 3636
12675 4 2 100 1 2595 3421 2234 2355
12676 4 2 100 1 2188 2387 3035 3162
12677 4 2 100 1 473 3160 2942 3419
12678 4 2 100 1 1873 2965 1874 3722
12679 4 2 100 1 263 261 262 3330
12680 4 2 100 1 864 2971 3217 3944
12681 4 2 100 1 3719 2545 3124 2269
12682 4 2 100 1 2162 3868 2624 2330
12683 4 2 100 1 1231 3025 2700 3226
12684 4 2 100 1 172 618 2845 3093
12685 4 2 100 1 1452 3596 117 1323
12686 4 2 100 1 1197 1466 1117 2639
12687 4 2 100 1 2506 1427 1165 737
12688 4 2 100 1 2519 2255 2847 2136
12689 4 2 100 1 3804 2714 2347 2946
12690 4 2 100 1 2490 3135 2856 2210
12691 4 2 100 1 2689 3394 2364 3983
12692 4 2 100 1 203 601 201 3930
12693 4 2 100 1 3804 2347 2714 3251
12694 4 2 100 1 3262 3969 3675 2313
12695 4 2 100 1 1361 2856 857 3282
12696 4 2 100 1 1633 1987 1835 3154
12697 4 2 100 1 2602 3299 2338 2149
12698 4 2 100 1 2718 3067 2302 3647
12699 4 2 100 1 2706 3117 419 3955
12700 4 2 100 1 2470 3558 2243 3642
12701 4 2 100 1 1888 2869 2075 3684
12702 4 2 100 1 2188 2467 2872 3246
12703 4 2 100 1 1391 992 3460 2825
12704 4 2 100 1 2317 3299 2602 3434
12705 4 2 100 1 3011 3934 2597 4010
12706 4 2 100 1 3225 3445 2474 3508
12707 4 2 100 1 3560 3860 3323 2492
12708 4 2 100 1 219 591 217 3726
12709 4 2 100 1 2517 3114 2140 3899
12710 4 2 100 1 1137 2690 3389 3921
12711 4 2 100 1 2493 3185 2958 2558
12712 4 2 100 1 854 855 853 3399
12713 4 2 100 1 1755 2647 3972 1754
12714 4 2 100 1 2264 2613 2979 4069
12715 4 2 100 1 3675 3969 3262 2988
12716 4 2 100 1 1079 1080 1083 3838
12717 4 2 100 1 2131 2779 3589 3993
12718 4 2 100 1 2326 3387 3036 3405
12719 4 2 100 1 351 2677 2417 405
12720 4 2 100 1 2502 3406 974 4105
12721 4 2 100 1 2126 3186 3164 3820
12722 4 2 100 1 2336 3212 2884 3499
12723 4 2 100 1 2720 3217 864 3835
12724 4 2 100 1 2419 4006 3049 2394
12725 4 2 100 1 2665 3007 2232 3192
12726 4 2 100 1 499 2572 266 4025
12727 4 2 100 1 1493 2649 1270 3158
12728 4 2 100 1 2240 2863 4088 2501
12729 4 2 100 1 1041 1383 1222 4114
12730 4 2 100 1 2290 3573 3165 3986
12731 4 2 100 1 933 936 935 3254
12732 4 2 100 1 3741 3268 74 1208
12733 4 2 100 1 1241 757 1147 2731
12734 4 2 100 1 625 3336 3330 2542
12735 4 2 100 1 3907 3636 2537 2838
12736 4 2 100 1 98 2018 1834 4005
12737 4 2 100 1 2430 3128 2617 3202
12738 4 2 100 1 889 3298 887 3332
12739 4 2 100 1 2659 2698 3888 4070
12740 4 2 100 1 3368 3851 2715 3511
12741 4 2 100 1 135 3680 3679 3737
12742 4 2 100 1 3204 3330 2266 3407
12743 4 2 100 1 2191 3520 3002 3703
12744 4 2 100 1 936 3254 933 3582
12745 4 2 100 1 2070 1721 1869 3060
12746 4 2 100 1 3294 3055 3228 2751
12747 4 2 100 1 2140 2934 2517 3899
12748 4 2 100 1 1027 3502 1118 2639
12749 4 2 100 1 2434 3449 3434 3942
12750 4 2 100 1 1253 3378 2673 2825
12751 4 2 100 1 1328 1445 846 3365
12752 4 2 100 1 3565 2147 2521 2358
12753 4 2 100 1 2314 3554 2589 3724
12754 4 2 100 1 3862 2917 3227 2209
12755 4 2 100 1 546 401 456 2710
12756 4 2 100 1 2975 2991 2162 3231
12757 4 2 100 1 2520 3550 4048 2155
12758 4 2 100 1 620 3436 2608 3656
12759 4 2 100 1 349 279 271 2728
12760 4 2 100 1 2586 3374 1853 3565
12761 4 2 100 1 3905 3861 3624 2963
12762 4 2 100 1 985 1043 1044 3996
12763 4 2 100 1 1172 797 796 3975
12764 4 2 100 1 788 2678 785 3470
12765 4 2 100 1 1263 2861 3070 4031
12766 4 2 100 1 2470 2243 3558 2922
12767 4 2 100 1 1831 1937 1820 2614
12768 4 2 100 1 2151 2709 3256 3772
12769 4 2 100 1 471 651 459 3345
12770 4 2 100 1 1198 1118 3103 3178
12771 4 2 100 1 1450 3575 2432 3688
12772 4 2 100 1 3298 892 1212 1249
12773 4 2 100 1 131 132 1527 3177
12774 4 2 100 1 3729 3881 3947 2643
12775 4 2 100 1 2918 2278 2628 3232
12776 4 2 100 1 3216 3970 2156 2753
12777 4 2 100 1 3302 3899 2163 2885
12778 4 2 100 1 3741 74 3268 2839
12779 4 2 100 1 3397 1640 1639 1649
12780 4 2 100 1 1610 1617 2961 3125
12781 4 2 100 1 3740 3941 2936 2396
12782 4 2 100 1 2315 3524 2907 3684
12783 4 2 100 1 2221 3483 3052 4092
12784 4 2 100 1 2833 3124 2167 3719
12785 4 2 100 1 3397 1639 1640 3265
12786 4 2 100 1 2682 2811 2366 2454
12787 4 2 100 1 1002 2905 1042 4002
12788 4 2 100 1 2133 2618 3778 4008
12789 4 2 100 1 2141 3162 2764 3814
12790 4 2 100 1 1498 3090 2826 3842
12791 4 2 100 1 2793 3629 2862 2151
12792 4 2 100 1 2919 3206 2445 3893
12793 4 2 100 1 3233 3695 329 3775
12794 4 2 100 1 2609 3184 2228 3287
12795 4 2 100 1 2414 2233 2626 3927
12796 4 2 100 1 2327 2193 2634 2420
12797 4 2 100 1 1639 3265 2607 3300
12798 4 2 100 1 2214 3616 3710 4074
12799 4 2 100 1 2150 3386 2571 3048
12800 4 2 100 1 2144 2870 2995 3384
12801 4 2 100 1 1584 2068 2510 3412
12802 4 2 100 1 3186 3794 3164 2495
12803 4 2 100 1 2484 3088 1160 3803
12804 4 2 100 1 897 3603 2545 3842
12805 4 2 100 1 2787 2820 2378 4084
12806 4 2 100 1 2718 2387 3647 3827
12807 4 2 100 1 4040 3307 1116 2837
12808 4 2 100 1 1251 1141 1239 3437
12809 4 2 100 1 1704 1634 1642 3498
12810 4 2 100 1 1838 2892 2655 4085
12811 4 2 100 1 426 617 3669 3890
12812 4 2 100 1 553 388 447 3913
12813 4 2 100 1 1279 2740 1297 3655
12814 4 2 100 1 2509 3960 2123 4083
12815 4 2 100 1 2029 3586 1624 4060
12816 4 2 100 1 2332 2897 2661 3574
12817 4 2 100 1 803 1317 910 3285
12818 4 2 100 1 2393 3801 2952 3981
12819 4 2 100 1 1116 3307 4040 1337
12820 4 2 100 1 2564 2924 2350 2979
12821 4 2 100 1 1224 2596 1053 3410
12822 4 2 100 1 558 662 186 3623
12823 4 2 100 1 2686 2138 2346 3974
12824 4 2 100 1 22 185 702 3134
12825 4 2 100 1 3629 2862 3115 2348
12826 4 2 100 1 2229 2843 2644 3128
12827 4 2 100 1 1999 2735 1901 1900
12828 4 2 100 1 864 2971 3944 902
12829 4 2 100 1 1640 1746 1673 2546
12830 4 2 100 1 2110 3214 2719 3574
12831 4 2 100 1 2469 3021 2983 4107
12832 4 2 100 1 3742 3946 3571 2685
12833 4 2 100 1 2406 3930 3027 4044
12834 4 2 100 1 1871 2567 3179 3737
12835 4 2 100 1 1584 1598 1590 2510
12836 4 2 100 1 3059 3494 2484 3803
12837 4 2 100 1 3001 615 360 362
12838 4 2 100 1 2797 3093 2392 3910
12839 4 2 100 1 2273 2805 3535 3784
12840 4 2 100 1 2472 3031 2289 3354
12841 4 2 100 1 2104 2788 2601 3465
12842 4 2 100 1 1984 2647 3534 3841
12843 4 2 100 1 514 551 513 2808
12844 4 2 100 1 2239 2698 3532 3871
12845 4 2 100 1 3571 3946 3742 3304
12846 4 2 100 1 2219 2778 2565 3918
12847 4 2 100 1 1160 2484 3803 3949
12848 4 2 100 1 2313 3433 3167 2551
12849 4 2 100 1 2290 2689 3619 3986
12850 4 2 100 1 1653 1651 1652 2529
12851 4 2 100 1 2591 3422 2264 3822
12852 4 2 100 1 2660 2249 3539 3831
12853 4 2 100 1 2794 3163 2645 3634
12854 4 2 100 1 2627 2757 2225 3320
12855 4 2 100 1 3071 3163 2230 3355
12856 4 2 100 1 534 2677 404 660
12857 4 2 100 1 341 475 3321 3898
12858 4 2 100 1 3109 4071 3004 2228
12859 4 2 100 1 1395 939 1413 2469
12860 4 2 100 1 2206 3939 3142 2668
12861 4 2 100 1 2690 3945 3882 4012
12862 4 2 100 1 1069 1260 1058 3704
12863 4 2 100 1 1690 1689 1672 2726
12864 4 2 100 1 130 1892 129 3341
12865 4 2 100 1 118 763 119 3132
12866 4 2 100 1 2159 3299 2888 3650
12867 4 2 100 1 2218 2762 2604 3714
12868 4 2 100 1 3557 2873 2492 3560
12869 4 2 100 1 1732 3296 3397 2460
12870 4 2 100 1 2473 1057 3215 4002
12871 4 2 100 1 2946 3237 2259 2714
12872 4 2 100 1 2536 3263 2385 3931
12873 4 2 100 1 3312 3051 2497 2247
12874 4 2 100 1 3096 3694 2436 3949
12875 4 2 100 1 108 3916 2769 3375
12876 4 2 100 1 2983 3021 2205 4107
12877 4 2 100 1 611 3238 2517 326
12878 4 2 100 1 782 2702 1229 3812
12879 4 2 100 1 3668 1481 1025 1392
12880 4 2 100 1 1355 2490 858 1013
12881 4 2 100 1 2272 3154 2907 3191
12882 4 2 100 1 2663 3599 2234 3818
12883 4 2 100 1 2521 2274 3028 4047
12884 4 2 100 1 2399 2872 3787 2355
12885 4 2 100 1 251 3496 2548 3951
12886 4 2 100 1 2501 2920 2549 2233
12887 4 2 100 1 1670 2581 3770 1669
12888 4 2 100 1 1743 2056 2003 3374
12889 4 2 100 1 627 395 396 3697
12890 4 2 100 1 2727 3078 3439 3721
12891 4 2 100 1 3177 3523 2460 3504
12892 4 2 100 1 2597 3611 4010 4011
12893 4 2 100 1 2677 3234 2770 3525
12894 4 2 100 1 3668 1025 1481 3003
12895 4 2 100 1 2859 2821 2280 2872
12896 4 2 100 1 340 2821 342 3321
12897 4 2 100 1 4030 2792 3131 2193
12898 4 2 100 1 2974 3506 2641 3698
12899 4 2 100 1 2495 2836 2266 4057
12900 4 2 100 1 2175 3294 3260 3337
12901 4 2 100 1 2182 2512 3038 2368
12902 4 2 100 1 590 417 662 3538
12903 4 2 100 1 71 72 3872 2767
12904 4 2 100 1 2177 2653 3297 2545
12905 4 2 100 1 2444 3186 2495 3385
12906 4 2 100 1 3277 3134 3290 2566
12907 4 2 100 1 2101 3000 3267 3732
12908 4 2 100 1 2619 4101 2183 3440
12909 4 2 100 1 2149 2602 3299 3434
12910 4 2 100 1 2207 2825 3460 3635
12911 4 2 100 1 2147 2768 3028 3555
12912 4 2 100 1 2246 2536 3179 3680
12913 4 2 100 1 2947 3421 2706 3817
12914 4 2 100 1 2126 3186 2836 3794
12915 4 2 100 1 2525 2127 3117 4054
12916 4 2 100 1 2130 3200 2888 3235
12917 4 2 100 1 2323 2702 2738 3250
12918 4 2 100 1 468 469 467 2942
12919 4 2 100 1 2014 1780 2010 2722
12920 4 2 100 1 2741 3155 3450 3819
12921 4 2 100 1 398 586 322 3539
12922 4 2 100 1 2741 2419 3521 3826
12923 4 2 100 1 253 257 2692 3979
12924 4 2 100 1 2192 2794 2645 3634
12925 4 2 100 1 1825 1525 2023 4096
12926 4 2 100 1 3361 3882 2690 3945
12927 4 2 100 1 2145 3505 2891 3294
12928 4 2 100 1 2671 3710 4074 2214
12929 4 2 100 1 2502 2369 3310 2822
12930 4 2 100 1 2461 2298 2725 3631
12931 4 2 100 1 125 2901 1973 2930
12932 4 2 100 1 2108 3347 3115 3698
12933 4 2 100 1 1279 2740 3655 2469
12934 4 2 100 1 2452 3091 2260 3210
12935 4 2 100 1 93 1497 3280 3779
12936 4 2 100 1 1208 1207 2775 3268
12937 4 2 100 1 3948 2730 3547 3982
12938 4 2 100 1 245 226 545 4080
12939 4 2 100 1 2612 2881 2202 3127
12940 4 2 100 1 2527 3181 2262 3518
12941 4 2 100 1 1023 2738 778 3657
12942 4 2 100 1 2752 2978 2457 2339
12943 4 2 100 1 2560 2911 2633 3588
12944 4 2 100 1 2455 2854 2837 4007
12945 4 2 100 1 1679 2591 1841 1941
12946 4 2 100 1 2110 2798 2634 3245
12947 4 2 100 1 2252 2514 3069 3798
12948 4 2 100 1 82 1925 1550 3293
12949 4 2 100 1 2642 2964 2156 3570
12950 4 2 100 1 4068 3157 2720 3449
12951 4 2 100 1 2764 2187 2556 3738
12952 4 2 100 1 120 119 1296 3132
12953 4 2 100 1 257 2692 2959 3447
12954 4 2 100 1 4068 2720 3157 2448
12955 4 2 100 1 1716 3364 2903 3813
12956 4 2 100 1 2629 2882 403 3180
12957 4 2 100 1 2579 2814 754 3441
12958 4 2 100 1 2217 2930 3853 4089
12959 4 2 100 1 1428 3501 2969 3603
12960 4 2 100 1 2357 2766 3312 3959
12961 4 2 100 1 3992 2925 3067 3647
12962 4 2 100 1 2112 2657 2737 4053
12963 4 2 100 1 1926 2064 1545 2723
12964 4 2 100 1 2213 2839 3093 3623
12965 4 2 100 1 3992 3067 2925 2384
12966 4 2 100 1 3294 2301 3760 2405
12967 4 2 100 1 2215 2458 3100 3923
12968 4 2 100 1 2358 3242 3065 3853
12969 4 2 100 1 2364 2176 3044 3832
12970 4 2 100 1 1597 2514 1594 3798
12971 4 2 100 1 2633 2911 2404 3588
12972 4 2 100 1 3816 3772 2440 2731
12973 4 2 100 1 2285 3581 3054 4079
12974 4 2 100 1 578 163 390 3522
12975 4 2 100 1 694 444 710 2592
12976 4 2 100 1 2475 3245 3140 4049
12977 4 2 100 1 2124 3409 2921 3490
12978 4 2 100 1 2228 2827 2782 3287
12979 4 2 100 1 3832 2176 3415 2916
12980 4 2 100 1 757 1242 2731 2831
12981 4 2 100 1 864 2971 902 865
12982 4 2 100 1 2721 3022 2613 2411
12983 4 2 100 1 2557 522 241 4073
12984 4 2 100 1 974 1288 1514 3003
12985 4 2 100 1 2809 3126 2186 4004
12986 4 2 100 1 2550 2188 3145 3246
12987 4 2 100 1 2418 3669 3050 2311
12988 4 2 100 1 2279 2754 3396 3718
12989 4 2 100 1 818 814 2776 3682
12990 4 2 100 1 2182 2954 2600 3789
12991 4 2 100 1 2137 3207 2669 3242
12992 4 2 100 1 2439 2248 3550 3649
12993 4 2 100 1 2496 2789 2178 4028
12994 4 2 100 1 2234 3599 2923 3818
12995 4 2 100 1 814 3483 1340 945
12996 4 2 100 1 2928 3111 2400 4058
12997 4 2 100 1 2261 2619 2909 3463
12998 4 2 100 1 3816 2440 3772 2900
12999 4 2 100 1 2490 3344 1013 3666
13000 4 2 100 1 2401 3077 2283 3620
13001 4 2 100 1 3216 3970 2753 3847
13002 4 2 100 1 2790 3500 2336 3697
13003 4 2 100 1 2794 2801 2381 2942
13004 4 2 100 1 2137 2832 2669 3207
13005 4 2 100 1 2585 2781 2161 2332
13006 4 2 100 1 686 3119 2664 3915
13007 4 2 100 1 2742 3243 2303 3331
13008 4 2 100 1 2772 3164 2353 3560
13009 4 2 100 1 1165 2506 1304 3190
13010 4 2 100 1 2249 3753 3951 3447
13011 4 2 100 1 2302 2499 3982 3032
13012 4 2 100 1 2266 3706 2555 3794
13013 4 2 100 1 3131 3691 3061 2327
13014 4 2 100 1 2760 3106 2389 3612
13015 4 2 100 1 3248 2539 2294 2532
13016 4 2 100 1 3982 2499 3646 2925
13017 4 2 100 1 2067 4077 3252 2908
13018 4 2 100 1 2247 2691 2766 3312
13019 4 2 100 1 2484 3235 2533 3494
13020 4 2 100 1 158 3180 624 3941
13021 4 2 100 1 2198 2970 2882 3134
13022 4 2 100 1 2787 2820 2256 3196
13023 4 2 100 1 2775 1208 3268 3741
13024 4 2 100 1 2159 2533 2888 2262
13025 4 2 100 1 987 1032 1031 3203
13026 4 2 100 1 2256 3533 2953 4001
13027 4 2 100 1 3439 2778 3721 3078
13028 4 2 100 1 3178 1466 3617 834
13029 4 2 100 1 2880 3909 2277 3965
13030 4 2 100 1 2102 3337 2507 3654
13031 4 2 100 1 2067 3252 4077 1976
13032 4 2 100 1 1051 2879 1106 3816
13033 4 2 100 1 606 192 607 4067
13034 4 2 100 1 2205 2488 4042 3446
13035 4 2 100 1 3027 3599 2234 3930
13036 4 2 100 1 2190 3214 3101 3908
13037 4 2 100 1 19 764 20 3144
13038 4 2 100 1 2921 2689 2176 4052
13039 4 2 100 1 3186 3164 3794 2126
13040 4 2 100 1 2795 3327 3320 4054
13041 4 2 100 1 3448 2359 2156 3060
13042 4 2 100 1 3377 3885 2709 3957
13043 4 2 100 1 3178 1466 834 1197
13044 4 2 100 1 2639 2160 2685 2949
13045 4 2 100 1 2750 3060 1869 3216
13046 4 2 100 1 491 2864 3159 3302
13047 4 2 100 1 1247 3226 2839 3741
13048 4 2 100 1 3819 1980 3450 3375
13049 4 2 100 1 4029 1838 1614 2892
13050 4 2 100 1 1680 1681 3055 2786
13051 4 2 100 1 2260 3091 3614 3826
13052 4 2 100 1 781 780 1244 3034
13053 4 2 100 1 2489 1756 2584 3479
13054 4 2 100 1 2608 3275 505 3656
13055 4 2 100 1 2338 2888 2688 3823
13056 4 2 100 1 2243 2798 2577 2732
13057 4 2 100 1 1163 3170 2820 4084
13058 4 2 100 1 798 795 797 3736
13059 4 2 100 1 4029 1614 1838 2058
13060 4 2 100 1 2901 3843 2930 3957
13061 4 2 100 1 1925 2048 1994 3699
13062 4 2 100 1 1054 1280 1330 2668
13063 4 2 100 1 2343 3012 2890 3359
13064 4 2 100 1 1722 2753 1836 3060
13065 4 2 100 1 2787 4084 3911 2951
13066 4 2 100 1 2197 2628 2926 3046
13067 4 2 100 1 2325 3361 2541 3882
13068 4 2 100 1 2404 3285 3066 4042
13069 4 2 100 1 696 290 464 4037
13070 4 2 100 1 105 3600 2486 3937
13071 4 2 100 1 2859 2821 2872 2188
13072 4 2 100 1 3801 3150 2459 3033
13073 4 2 100 1 1623 1622 2643 3745
13074 4 2 100 1 2211 2669 3555 3785
13075 4 2 100 1 3976 2822 2165 2672
13076 4 2 100 1 2629 2292 3180 3713
13077 4 2 100 1 3892 2312 2473 2904
13078 4 2 100 1 2073 1875 1521 3680
13079 4 2 100 1 377 656 374 3114
13080 4 2 100 1 2332 2661 2897 4032
13081 4 2 100 1 3322 3972 1694 4033
13082 4 2 100 1 2612 3127 3475 3864
13083 4 2 100 1 2123 3289 2890 3866
13084 4 2 100 1 2470 3508 2661 2585
13085 4 2 100 1 2865 3227 2432 3295
13086 4 2 100 1 818 2776 814 945
13087 4 2 100 1 2573 2958 2168 3878
13088 4 2 100 1 2878 3455 2277 3552
13089 4 2 100 1 866 1360 853 3799
13090 4 2 100 1 1342 2490 1013 856
13091 4 2 100 1 2089 2087 2083 3444
13092 4 2 100 1 2162 3472 3868 2330
13093 4 2 100 1 2119 3591 3150 3857
13094 4 2 100 1 2612 2173 3127 3864
13095 4 2 100 1 1176 1177 1174 3475
13096 4 2 100 1 2433 3065 2211 3242
13097 4 2 100 1 3892 2473 2312 3098
13098 4 2 100 1 2419 2758 3210 3838
13099 4 2 100 1 1832 2916 3252 3832
13100 4 2 100 1 2832 3414 2282 3418
13101 4 2 100 1 1899 2735 3448 3788
13102 4 2 100 1 2100 2666 3121 3687
13103 4 2 100 1 1866 128 3924 4104
13104 4 2 100 1 2163 2749 3001 3805
13105 4 2 100 1 1380 1164 1128 4064
13106 4 2 100 1 3019 3555 2375 2341
13107 4 2 100 1 1820 1937 1936 2614
13108 4 2 100 1 1508 3360 1182 1429
13109 4 2 100 1 2276 3092 2803 3254
13110 4 2 100 1 3312 3051 2247 3543
13111 4 2 100 1 82 3292 3293 1550
13112 4 2 100 1 2169 3048 2684 3528
13113 4 2 100 1 975 2971 902 3944
13114 4 2 100 1 4005 2050 1834 98
13115 4 2 100 1 2117 3544 2922 4059
13116 4 2 100 1 2242 3834 3334 3194
13117 4 2 100 1 2176 2916 2635 3415
13118 4 2 100 1 1902 1900 1899 3788
13119 4 2 100 1 2242 3334 3834 2761
13120 4 2 100 1 2573 2583 2360 2891
13121 4 2 100 1 2663 3599 199 3930
13122 4 2 100 1 2641 3506 3255 3793
13123 4 2 100 1 331 332 335 3117
13124 4 2 100 1 2893 3754 2664 3915
13125 4 2 100 1 2907 3191 2635 3524
13126 4 2 100 1 3277 4101 2183 3290
13127 4 2 100 1 2588 3043 2286 3000
13128 4 2 100 1 2156 2964 2642 3216
13129 4 2 100 1 104 103 1235 3937
13130 4 2 100 1 2648 2835 2487 4048
13131 4 2 100 1 2567 2017 1871 1870
13132 4 2 100 1 2112 3038 2657 3705
13133 4 2 100 1 452 3334 3834 3194
13134 4 2 100 1 2610 2318 3230 3904
13135 4 2 100 1 2220 2945 2828 3567
13136 4 2 100 1 1637 2724 1706 2939
13137 4 2 100 1 1805 1808 1807 3415
13138 4 2 100 1 2406 2663 3305 3930
13139 4 2 100 1 2837 2342 3307 2854
13140 4 2 100 1 452 3834 3334 2761
13141 4 2 100 1 2071 1781 1890 3504
13142 4 2 100 1 2220 2453 2828 3202
13143 4 2 100 1 2371 3009 2553 3935
13144 4 2 100 1 2502 3671 3003 3976
13145 4 2 100 1 1788 1715 1893 2903
13146 4 2 100 1 2961 3125 1617 3579
13147 4 2 100 1 2354 3297 2969 3886
13148 4 2 100 1 659 615 368 3156
13149 4 2 100 1 1559 1527 1912 3185
13150 4 2 100 1 1784 2642 3216 3847
13151 4 2 100 1 3841 3931 137 2073
13152 4 2 100 1 1499 1356 2980 3485
13153 4 2 100 1 3295 3370 2682 3576
13154 4 2 100 1 2344 1309 3603 3501
13155 4 2 100 1 2617 4062 3128 2160
13156 4 2 100 1 2695 3866 3401 3960
13157 4 2 100 1 1985 1522 2701 3176
13158 4 2 100 1 486 271 265 4019
13159 4 2 100 1 705 2849 2848 3419
13160 4 2 100 1 1007 865 1253 3217
13161 4 2 100 1 2640 3520 2956 3985
13162 4 2 100 1 1537 1893 3065 3341
13163 4 2 100 1 1258 743 3070 3875
13164 4 2 100 1 280 286 2765 3276
13165 4 2 100 1 2258 2588 3043 3510
13166 4 2 100 1 2754 3193 1077 3718
13167 4 2 100 1 2362 3019 2479 3891
13168 4 2 100 1 3544 3526 2922 4059
13169 4 2 100 1 2984 3430 3161 3910
13170 4 2 100 1 1672 2726 1635 3840
13171 4 2 100 1 2471 2520 3399 3799
13172 4 2 100 1 2738 2612 3864 2173
13173 4 2 100 1 3080 3462 2204 2441
13174 4 2 100 1 608 3447 664 3539
13175 4 2 100 1 3570 1698 1709 2964
13176 4 2 100 1 2537 2305 3072 3547
13177 4 2 100 1 3853 3439 3102 2217
13178 4 2 100 1 1607 3125 1608 3579
13179 4 2 100 1 2724 2750 2359 3692
13180 4 2 100 1 3144 561 19 3606
13181 4 2 100 1 1909 1617 1965 2961
13182 4 2 100 1 849 848 2932 3157
13183 4 2 100 1 4128 491 665 599
13184 4 2 100 1 2469 2740 2983 3021
13185 4 2 100 1 354 2660 440 398
13186 4 2 100 1 2593 2162 4001 2330
13187 4 2 100 1 2845 3268 2213 2563
13188 4 2 100 1 1363 1099 1097 3417
13189 4 2 100 1 1771 1761 2039 2727
13190 4 2 100 1 2831 2222 2733 3833
13191 4 2 100 1 3758 4020 2135 3933
13192 4 2 100 1 2354 2969 2545 3889
13193 4 2 100 1 2893 3915 2654 4067
13194 4 2 100 1 1477 760 1291 2936
13195 4 2 100 1 1364 2830 971 3604
13196 4 2 100 1 3277 3290 3134 2506
13197 4 2 100 1 1899 3448 1938 3788
13198 4 2 100 1 1655 1676 2529 3815
13199 4 2 100 1 4052 2941 2921 3165
13200 4 2 100 1 2478 3429 3108 3872
13201 4 2 100 1 1585 1837 3422 3615
13202 4 2 100 1 2152 2890 3306 3012
13203 4 2 100 1 1670 3055 1971 3770
13204 4 2 100 1 1510 3146 37 769
13205 4 2 100 1 3805 2163 4041 2774
13206 4 2 100 1 1409 2711 1267 2469
13207 4 2 100 1 990 818 965 3107
13208 4 2 100 1 2768 3555 2846 3785
13209 4 2 100 1 1496 1210 1371 3303
13210 4 2 100 1 3191 2616 2272 2768
13211 4 2 100 1 1571 1954 1595 3811
13212 4 2 100 1 1921 3444 2876 3570
13213 4 2 100 1 2649 2383 3530 4008
13214 4 2 100 1 641 3194 452 3834
13215 4 2 100 1 2847 2136 3317 3985
13216 4 2 100 1 367 2629 3233 3775
13217 4 2 100 1 2313 2710 3167 3641
13218 4 2 100 1 3011 2238 2597 3934
13219 4 2 100 1 2254 2606 3368 3674
13220 4 2 100 1 937 958 938 3648
13221 4 2 100 1 2409 3552 2675 3993
13222 4 2 100 1 1877 1713 1788 2605
13223 4 2 100 1 2565 2219 2561 4094
13224 4 2 100 1 2160 2639 3454 2949
13225 4 2 100 1 2543 254 252 3979
13226 4 2 100 1 1180 3097 751 3908
13227 4 2 100 1 600 2970 2882 3775
13228 4 2 100 1 2646 2193 2634 2580
13229 4 2 100 1 3570 1709 1698 1726
13230 4 2 100 1 2176 3229 3223 3524
13231 4 2 100 1 2181 2998 2530 3593
13232 4 2 100 1 3506 3546 2501 3793
13233 4 2 100 1 3002 3520 2452 3703
13234 4 2 100 1 3881 3729 2315 2907
13235 4 2 100 1 2741 3614 1245 3761
13236 4 2 100 1 1648 2427 3987 3626
13237 4 2 100 1 2352 3013 3409 3791
13238 4 2 100 1 2780 3661 3239 4021
13239 4 2 100 1 2731 2349 2879 3807
13240 4 2 100 1 1839 1840 1580 3822
13241 4 2 100 1 1769 1932 1983 3809
13242 4 2 100 1 336 3194 446 3402
13243 4 2 100 1 2071 1781 3504 3759
13244 4 2 100 1 2505 2204 3462 2441
13245 4 2 100 1 3589 2690 2325 3882
13246 4 2 100 1 2126 2417 3486 3794
13247 4 2 100 1 3003 3671 2324 3976
13248 4 2 100 1 1549 3527 2729 3711
13249 4 2 100 1 2610 3675 2988 3969
13250 4 2 100 1 3601 4094 2709 2219
13251 4 2 100 1 2324 3253 2949 3671
13252 4 2 100 1 2196 3157 2851 3205
13253 4 2 100 1 2742 3435 2328 3598
13254 4 2 100 1 540 705 2848 3419
13255 4 2 100 1 3082 4052 2341 2941
13256 4 2 100 1 1939 3094 3118 3412
13257 4 2 100 1 975 1274 902 2971
13258 4 2 100 1 2262 2533 2888 3200
13259 4 2 100 1 680 3001 2749 3805
13260 4 2 100 1 2825 1253 904 2673
13261 4 2 100 1 1566 2583 1568 3894
13262 4 2 100 1 3219 3715 2587 4055
13263 4 2 100 1 1655 1677 1676 3815
13264 4 2 100 1 2874 3244 2308 3726
13265 4 2 100 1 1860 3177 1801 3296
13266 4 2 100 1 221 584 3905 4103
13267 4 2 100 1 2673 3116 2235 3342
13268 4 2 100 1 2293 2902 2897 3657
13269 4 2 100 1 1153 3529 2855 3911
13270 4 2 100 1 2408 3503 3218 4093
13271 4 2 100 1 3793 3209 3546 2501
13272 4 2 100 1 2256 2640 3339 3723
13273 4 2 100 1 2405 2957 3260 2301
13274 4 2 100 1 2825 904 1253 1255
13275 4 2 100 1 3707 515 3824 517
13276 4 2 100 1 2250 3260 2737 3427
13277 4 2 100 1 1164 1380 1166 4064
13278 4 2 100 1 1720 1887 2841 3133
13279 4 2 100 1 2861 1161 3456 1086
13280 4 2 100 1 425 690 541 3904
13281 4 2 100 1 2567 2894 2426 4038
13282 4 2 100 1 1550 3292 2479 1923
13283 4 2 100 1 2761 3187 2485 3716
13284 4 2 100 1 3311 3791 2618 4008
13285 4 2 100 1 1548 2784 1797 3375
13286 4 2 100 1 3431 122 1507 121
13287 4 2 100 1 413 415 426 3638
13288 4 2 100 1 2972 2998 3715 4079
13289 4 2 100 1 2879 2215 3428 3906
13290 4 2 100 1 2330 3564 3170 3596
13291 4 2 100 1 617 287 3276 3890
13292 4 2 100 1 1779 1995 2019 3679
13293 4 2 100 1 2116 2807 2626 3676
13294 4 2 100 1 197 237 2923 3955
13295 4 2 100 1 488 2485 489 3383
13296 4 2 100 1 2265 2981 2537 4018
13297 4 2 100 1 3077 3436 3620 2592
13298 4 2 100 1 3659 4036 464 4037
13299 4 2 100 1 3431 1507 122 2831
13300 4 2 100 1 2550 3585 3220 4044
13301 4 2 100 1 3218 208 209 210
13302 4 2 100 1 3373 168 695 621
13303 4 2 100 1 3862 2917 2209 3474
13304 4 2 100 1 2401 2283 2962 3620
13305 4 2 100 1 1725 1689 3263 3722
13306 4 2 100 1 1386 3378 1253 2825
13307 4 2 100 1 1164 3863 1128 4064
13308 4 2 100 1 1499 3485 2980 4100
13309 4 2 100 1 1427 2844 1105 3277
13310 4 2 100 1 446 364 533 3787
13311 4 2 100 1 2019 3120 1777 3679
13312 4 2 100 1 3882 3572 2167 3107
13313 4 2 100 1 2536 3534 2647 3841
13314 4 2 100 1 1975 2930 126 3853
13315 4 2 100 1 354 2660 398 3831
13316 4 2 100 1 3766 2049 2791 3372
13317 4 2 100 1 2054 2433 1765 3102
13318 4 2 100 1 3373 168 621 2708
13319 4 2 100 1 2849 2292 3628 3860
13320 4 2 100 1 1364 971 2830 1250
13321 4 2 100 1 2326 2623 3595 3707
13322 4 2 100 1 3303 3895 2383 4026
13323 4 2 100 1 1620 1618 1619 2961
13324 4 2 100 1 2319 3111 2928 4058
13325 4 2 100 1 3891 2194 2370 2933
13326 4 2 100 1 1711 1725 1689 3263
13327 4 2 100 1 1092 1094 1369 3733
13328 4 2 100 1 222 219 221 4103
13329 4 2 100 1 3819 1980 3375 1548
13330 4 2 100 1 1606 3069 1605 3579
13331 4 2 100 1 2489 1756 3746 4023
13332 4 2 100 1 2649 3530 3010 4008
13333 4 2 100 1 2292 2615 3713 2849
13334 4 2 100 1 2748 2847 2278 2100
13335 4 2 100 1 2124 3165 3573 3986
13336 4 2 100 1 2512 3231 2380 3687
13337 4 2 100 1 2308 2874 3503 2408
13338 4 2 100 1 2305 2534 3547 3633
13339 4 2 100 1 2264 3422 3211 3822
13340 4 2 100 1 4054 2127 3320 2795
13341 4 2 100 1 3247 3692 2359 4024
13342 4 2 100 1 2671 3710 2214 2453
13343 4 2 100 1 2131 3589 3139 3651
13344 4 2 100 1 2606 3372 3368 3674
13345 4 2 100 1 2554 3474 1315 3862
13346 4 2 100 1 2386 2304 3451 2149
13347 4 2 100 1 97 1547 96 4077
13348 4 2 100 1 1719 1718 1716 3746
13349 4 2 100 1 2247 3051 2497 3467
13350 4 2 100 1 3320 2127 4054 3221
13351 4 2 100 1 2115 2709 3377 3885
13352 4 2 100 1 291 285 289 2785
13353 4 2 100 1 2359 3692 3060 4024
13354 4 2 100 1 983 1050 1048 3991
13355 4 2 100 1 228 2674 2967 4017
13356 4 2 100 1 2499 2396 2882 3180
13357 4 2 100 1 1173 769 771 2579
13358 4 2 100 1 3217 3257 2351 3342
13359 4 2 100 1 2866 3813 1643 3878
13360 4 2 100 1 1256 3292 2906 3978
13361 4 2 100 1 2100 3061 3131 3691
13362 4 2 100 1 2586 2362 3699 3766
13363 4 2 100 1 1528 1860 2071 3177
13364 4 2 100 1 649 2963 3041 392
13365 4 2 100 1 3294 3760 2301 2145
13366 4 2 100 1 1602 1889 2746 4000
13367 4 2 100 1 4030 2811 2193 2420
13368 4 2 100 1 2193 2843 2987 3316
13369 4 2 100 1 572 632 27 3727
13370 4 2 100 1 2791 3106 2362 3674
13371 4 2 100 1 280 286 281 2765
13372 4 2 100 1 1041 1244 3034 3747
13373 4 2 100 1 2704 2751 3228 1763
13374 4 2 100 1 2701 2197 2769 3375
13375 4 2 100 1 2167 2487 2833 3572
13376 4 2 100 1 2912 3095 2306 3505
13377 4 2 100 1 2143 3888 3240 4070
13378 4 2 100 1 1247 1399 3226 3741
13379 4 2 100 1 779 1229 778 3657
13380 4 2 100 1 522 3233 2557 3917
13381 4 2 100 1 307 334 295 3641
13382 4 2 100 1 3907 3636 2838 3290
13383 4 2 100 1 2896 923 917 3307
13384 4 2 100 1 1331 1419 3205 861
13385 4 2 100 1 3630 3731 4076 3173
13386 4 2 100 1 659 2749 615 3156
13387 4 2 100 1 209 2744 3218 4093
13388 4 2 100 1 3775 329 418 3695
13389 4 2 100 1 2266 3330 3204 3336
13390 4 2 100 1 1439 2554 1315 3862
13391 4 2 100 1 2216 2819 2610 3168
13392 4 2 100 1 341 475 476 3321
13393 4 2 100 1 2131 2675 3993 4068
13394 4 2 100 1 355 602 354 2598
13395 4 2 100 1 2797 3538 416 3638
13396 4 2 100 1 179 2885 53 500
13397 4 2 100 1 2282 3479 2694 3610
13398 4 2 100 1 1456 1143 2691 3395
13399 4 2 100 1 2745 2755 2451 3821
13400 4 2 100 1 2329 3034 2636 3410
13401 4 2 100 1 2194 3106 3674 3891
13402 4 2 100 1 947 3529 953 1353
13403 4 2 100 1 2163 3238 3001 3717
13404 4 2 100 1 2519 2270 2991 3521
13405 4 2 100 1 2692 3753 249 4080
13406 4 2 100 1 914 1305 916 4097
13407 4 2 100 1 1201 741 3063 3600
13408 4 2 100 1 1299 996 1487 2999
13409 4 2 100 1 453 2543 392 3041
13410 4 2 100 1 1821 2005 3517 3764
13411 4 2 100 1 2090 3444 2642 3970
13412 4 2 100 1 2636 2281 3437 3747
13413 4 2 100 1 2619 3081 2838 4101
13414 4 2 100 1 1565 2583 1566 3559
13415 4 2 100 1 45 578 3230 3522
13416 4 2 100 1 2107 2780 3123 3274
13417 4 2 100 1 1384 2404 808 3501
13418 4 2 100 1 1704 2763 1967 4024
13419 4 2 100 1 864 2971 865 3217
13420 4 2 100 1 2112 2716 3427 4013
13421 4 2 100 1 1295 1286 1483 2672
13422 4 2 100 1 2827 3757 2782 3287
13423 4 2 100 1 1579 1584 1590 3412
13424 4 2 100 1 1799 1665 1662 2957
13425 4 2 100 1 1131 3461 2754 3111
13426 4 2 100 1 967 893 895 3269
13427 4 2 100 1 2244 2861 2683 3456
13428 4 2 100 1 2153 2614 3619 3983
13429 4 2 100 1 2246 2780 3661 3902
13430 4 2 100 1 1812 3044 1951 3832
13431 4 2 100 1 3480 2301 2405 3760
13432 4 2 100 1 2486 3176 1983 3809
13433 4 2 100 1 2726 3263 1689 3722
13434 4 2 100 1 3407 3794 4037 2650
13435 4 2 100 1 2428 3116 2673 3653
13436 4 2 100 1 2611 2258 3510 3338
13437 4 2 100 1 3544 3526 4059 2453
13438 4 2 100 1 2235 2659 2143 4070
13439 4 2 100 1 2689 2176 2153 3983
13440 4 2 100 1 446 3402 2399 3787
13441 4 2 100 1 2341 3891 2194 2600
13442 4 2 100 1 2445 3434 3011 3897
13443 4 2 100 1 1957 3534 2024 3901
13444 4 2 100 1 3384 3550 3087 2248
13445 4 2 100 1 2896 3248 2455 2532
13446 4 2 100 1 1 2664 3754 3915
13447 4 2 100 1 2750 3060 2156 2359
13448 4 2 100 1 2161 3508 2858 2585
13449 4 2 100 1 3915 4067 192 606
13450 4 2 100 1 3915 192 4067 2893
13451 4 2 100 1 1901 4123 2735 3443
13452 4 2 100 1 3233 3695 3775 2302
13453 4 2 100 1 1480 1453 1124 4006
13454 4 2 100 1 1358 1119 1300 3367
13455 4 2 100 1 3443 1906 3444 2876
13456 4 2 100 1 170 41 42 3640
13457 4 2 100 1 1638 3745 3265 3154
13458 4 2 100 1 2205 2983 2488 3446
13459 4 2 100 1 1499 1396 1356 3485
13460 4 2 100 1 753 3158 3111 3989
13461 4 2 100 1 463 635 3345 4036
13462 4 2 100 1 1976 2067 1547 4077
13463 4 2 100 1 2009 1697 2063 3322
13464 4 2 100 1 2638 2144 3384 3724
13465 4 2 100 1 1511 1236 759 3451
13466 4 2 100 1 2201 2594 3563 4079
13467 4 2 100 1 1563 1562 1560 2573
13468 4 2 100 1 2348 3266 3115 3629
13469 4 2 100 1 1852 2586 1854 3699
13470 4 2 100 1 3003 3668 2482 3671
13471 4 2 100 1 2451 3384 2745 3821
13472 4 2 100 1 1592 3390 2591 3422
13473 4 2 100 1 2855 3382 2349 3668
13474 4 2 100 1 2244 2686 3380 3974
13475 4 2 100 1 2619 2328 3081 4101
13476 4 2 100 1 2528 3673 3310 4045
13477 4 2 100 1 2206 2986 2568 3476
13478 4 2 100 1 3149 3225 2268 3848
13479 4 2 100 1 2276 3254 2803 3582
13480 4 2 100 1 2758 2953 2320 3481
13481 4 2 100 1 2339 2972 2752 2128
13482 4 2 100 1 3280 3563 2201 3739
13483 4 2 100 1 844 2720 843 3835
13484 4 2 100 1 1653 1654 1655 2529
13485 4 2 100 1 1247 2839 747 3741
13486 4 2 100 1 1199 3178 1200 3584
13487 4 2 100 1 1089 1419 1436 3104
13488 4 2 100 1 2192 2849 2848 3493
13489 4 2 100 1 2345 2539 3147 3914
13490 4 2 100 1 2443 3574 2902 3908
13491 4 2 100 1 775 773 1179 2931
13492 4 2 100 1 2444 3323 2772 3509
13493 4 2 100 1 1328 3174 1445 3365
13494 4 2 100 1 2217 3439 2778 3601
13495 4 2 100 1 2249 3951 3753 2548
13496 4 2 100 1 2218 3529 2855 4034
13497 4 2 100 1 2321 2499 2925 3497
13498 4 2 100 1 3140 3245 2327 4049
13499 4 2 100 1 3190 3907 4101 2506
13500 4 2 100 1 2387 3162 2859 3647
13501 4 2 100 1 2327 2580 2193 3266
13502 4 2 100 1 1010 1070 1071 3602
13503 4 2 100 1 1594 2514 1597 4085
13504 4 2 100 1 2143 2515 3240 3780
13505 4 2 100 1 2900 2901 2335 3843
13506 4 2 100 1 2482 2949 3253 3671
13507 4 2 100 1 3757 2150 2571 2299
13508 4 2 100 1 45 3230 2988 3522
13509 4 2 100 1 2225 3272 2447 3645
13510 4 2 100 1 1457 1227 1518 3816
13511 4 2 100 1 2418 3175 3050 3800
13512 4 2 100 1 959 4002 3098 4040
13513 4 2 100 1 843 2720 864 3835
13514 4 2 100 1 2397 3004 2922 2827
13515 4 2 100 1 2274 2676 3028 4047
13516 4 2 100 1 2387 3233 2557 3647
13517 4 2 100 1 2397 2922 3401 2827
13518 4 2 100 1 2296 3332 3269 3961
13519 4 2 100 1 2161 2332 2603 4032
13520 4 2 100 1 3673 2422 3310 2625
13521 4 2 100 1 2482 3668 2855 2604
13522 4 2 100 1 3260 3294 2462 3337
13523 4 2 100 1 1755 3179 1993 1894
13524 4 2 100 1 3511 1246 1426 1107
13525 4 2 100 1 2308 2425 3353 3861
13526 4 2 100 1 1325 1027 955 3253
13527 4 2 100 1 1667 1666 2957 3770
13528 4 2 100 1 2519 2255 3085 3994
13529 4 2 100 1 2512 2716 2112 4013
13530 4 2 100 1 3399 2520 2856 3799
13531 4 2 100 1 3818 390 163 3522
13532 4 2 100 1 3673 3310 2422 2528
13533 4 2 100 1 482 3218 2967 3712
13534 4 2 100 1 2893 8 7 192
13535 4 2 100 1 2553 3053 2371 4075
13536 4 2 100 1 522 2557 3233 4073
13537 4 2 100 1 2589 2520 3141 3346
13538 4 2 100 1 1336 1118 1325 3502
13539 4 2 100 1 1267 1446 1265 2711
13540 4 2 100 1 4099 1886 1748 2753
13541 4 2 100 1 2240 2863 2501 3209
13542 4 2 100 1 1338 2451 3598 4086
13543 4 2 100 1 1761 2727 1771 3746
13544 4 2 100 1 3135 3282 2742 4086
13545 4 2 100 1 2893 8 192 4066
13546 4 2 100 1 480 3006 2747 3712
13547 4 2 100 1 1323 1464 1334 2820
13548 4 2 100 1 1774 2070 1869 2750
13549 4 2 100 1 71 3872 3108 2767
13550 4 2 100 1 572 2615 3727 3830
13551 4 2 100 1 2704 3894 3505 3294
13552 4 2 100 1 3628 2396 2499 3180
13553 4 2 100 1 321 3064 552 3831
13554 4 2 100 1 2529 3322 1916 4033
13555 4 2 100 1 2438 3346 2870 3465
13556 4 2 100 1 2007 2374 1773 1915
13557 4 2 100 1 3204 3169 3336 2498
13558 4 2 100 1 3338 3638 2710 3640
13559 4 2 100 1 1201 3063 1407 3751
13560 4 2 100 1 1938 3448 2763 3788
13561 4 2 100 1 810 2633 3483 3700
13562 4 2 100 1 2629 3173 2292 3713
13563 4 2 100 1 1814 1823 1822 3782
13564 4 2 100 1 1025 1287 3003 3253
13565 4 2 100 1 652 387 630 3890
13566 4 2 100 1 946 947 1353 3254
13567 4 2 100 1 1224 1234 2596 3335
13568 4 2 100 1 2562 2241 3123 4021
13569 4 2 100 1 2147 3612 2768 2341
13570 4 2 100 1 2495 3164 2444 3738
13571 4 2 100 1 460 2708 169 2598
13572 4 2 100 1 2198 2506 3134 3290
13573 4 2 100 1 2420 2811 2646 3710
13574 4 2 100 1 3401 3519 2509 3866
13575 4 2 100 1 1623 1631 1622 3745
13576 4 2 100 1 1219 1179 773 2814
13577 4 2 100 1 2401 2308 2874 3244
13578 4 2 100 1 2696 3387 2808 3836
13579 4 2 100 1 2277 2601 2880 3455
13580 4 2 100 1 2927 3255 2331 2099
13581 4 2 100 1 3284 3494 3803 2771
13582 4 2 100 1 1456 3727 2691 4009
13583 4 2 100 1 1710 1680 1669 2581
13584 4 2 100 1 1102 1440 1100 3796
13585 4 2 100 1 3448 3970 2753 2156
13586 4 2 100 1 2617 3128 2430 2160
13587 4 2 100 1 3019 3555 2147 2358
13588 4 2 100 1 2372 2982 3425 3562
13589 4 2 100 1 2137 2368 2832 3418
13590 4 2 100 1 545 2543 252 4080
13591 4 2 100 1 2226 3115 3629 3977
13592 4 2 100 1 947 3529 1353 3254
13593 4 2 100 1 2222 3078 2831 3431
13594 4 2 100 1 2152 3129 2915 3926
13595 4 2 100 1 814 3483 945 2776
13596 4 2 100 1 2060 2694 3333 3596
13597 4 2 100 1 3853 3439 2217 4089
13598 4 2 100 1 4119 599 189 2864
13599 4 2 100 1 93 3280 2658 3779
13600 4 2 100 1 3168 3585 2656 3969
13601 4 2 100 1 3725 3649 3550 2835
13602 4 2 100 1 2194 3106 2791 3674
13603 4 2 100 1 1092 1091 1090 2637
13604 4 2 100 1 1239 792 2850 3432
13605 4 2 100 1 702 2970 21 3134
13606 4 2 100 1 2652 3168 2551 3433
13607 4 2 100 1 2864 2948 2163 3302
13608 4 2 100 1 1881 1690 1672 3840
13609 4 2 100 1 2729 3198 1924 3711
13610 4 2 100 1 2146 2546 3881 3201
13611 4 2 100 1 1529 3198 2729 3333
13612 4 2 100 1 964 993 994 2973
13613 4 2 100 1 2845 3093 2213 3268
13614 4 2 100 1 209 207 208 2744
13615 4 2 100 1 3644 3795 3879 2365
13616 4 2 100 1 2846 3024 2368 2669
13617 4 2 100 1 811 809 810 2633
13618 4 2 100 1 2171 2798 3017 2732
13619 4 2 100 1 278 269 589 3407
13620 4 2 100 1 1692 2567 3972 1894
13621 4 2 100 1 3231 3687 3079 2380
13622 4 2 100 1 2150 2299 2827 2695
13623 4 2 100 1 2343 3281 3012 3359
13624 4 2 100 1 2422 3209 2625 3546
13625 4 2 100 1 2361 3391 2999 2707
13626 4 2 100 1 2230 2587 4055 3219
13627 4 2 100 1 2226 2818 3208 3632
13628 4 2 100 1 2560 2402 2875 3962
13629 4 2 100 1 2444 2764 2187 3323
13630 4 2 100 1 2124 2575 2950 3394
13631 4 2 100 1 113 2729 3527 4050
13632 4 2 100 1 2183 3467 3051 2322
13633 4 2 100 1 3231 3079 3687 2255
13634 4 2 100 1 2871 2367 3080 4016
13635 4 2 100 1 720 4128 716 3159
13636 4 2 100 1 1642 1678 2027 3498
13637 4 2 100 1 2128 2998 2752 3879
13638 4 2 100 1 4095 2981 2118 3328
13639 4 2 100 1 2119 3660 2952 3981
13640 4 2 100 1 2198 2506 3290 3907
13641 4 2 100 1 3210 3521 3826 2918
13642 4 2 100 1 2277 2878 3425 3455
13643 4 2 100 1 2387 3035 3917 2895
13644 4 2 100 1 2152 3306 2789 3012
13645 4 2 100 1 2401 3077 2874 2283
13646 4 2 100 1 410 3669 400 3800
13647 4 2 100 1 115 735 116 3333
13648 4 2 100 1 494 2728 3050 3276
13649 4 2 100 1 3059 3334 4081 2802
13650 4 2 100 1 4113 2826 2554 2177
13651 4 2 100 1 1908 1896 1787 3859
13652 4 2 100 1 2139 2984 2531 4087
13653 4 2 100 1 3511 3400 3293 2403
13654 4 2 100 1 1209 2897 3360 4031
13655 4 2 100 1 2642 1792 1775 3570
13656 4 2 100 1 965 818 945 2776
13657 4 2 100 1 3845 2548 248 250
13658 4 2 100 1 1094 3404 3088 3733
13659 4 2 100 1 2104 3455 3141 3465
13660 4 2 100 1 3845 248 2548 3753
13661 4 2 100 1 2807 3535 3018 3607
13662 4 2 100 1 1331 3157 2851 3597
13663 4 2 100 1 2796 2997 2331 3839
13664 4 2 100 1 2921 2941 2124 3165
13665 4 2 100 1 2774 2864 2163 4041
13666 4 2 100 1 3603 3842 2815 4113
13667 4 2 100 1 1273 1368 1407 3063
13668 4 2 100 1 3659 2794 2801 3486
13669 4 2 100 1 1493 1270 1177 3158
13670 4 2 100 1 88 3303 1210 1496
13671 4 2 100 1 926 928 1443 2865
13672 4 2 100 1 88 3303 1496 4026
13673 4 2 100 1 3762 603 366 311
13674 4 2 100 1 1124 1083 1084 2758
13675 4 2 100 1 2646 2171 3017 4014
13676 4 2 100 1 3719 2545 2269 3113
13677 4 2 100 1 2285 3551 3054 3912
13678 4 2 100 1 2672 2960 2295 3367
13679 4 2 100 1 1930 2016 1742 2840
13680 4 2 100 1 2340 3322 2647 3901
13681 4 2 100 1 2106 2679 2594 3581
13682 4 2 100 1 2758 2953 2394 3339
13683 4 2 100 1 2272 2389 3191 3612
13684 4 2 100 1 2226 2818 3632 3691
13685 4 2 100 1 1456 27 2766 3727
13686 4 2 100 1 2459 2239 3532 3871
13687 4 2 100 1 453 252 545 2543
13688 4 2 100 1 1165 737 1304 2506
13689 4 2 100 1 2264 2514 2924 3615
13690 4 2 100 1 2682 2811 2379 2105
13691 4 2 100 1 3762 366 603 3077
13692 4 2 100 1 3109 3446 2911 4042
13693 4 2 100 1 2247 2766 2691 3395
13694 4 2 100 1 2167 2833 2487 3457
13695 4 2 100 1 3793 3209 2501 3839
13696 4 2 100 1 1852 1853 1854 2586
13697 4 2 100 1 2394 4006 3049 4050
13698 4 2 100 1 2803 2276 3502 2482
13699 4 2 100 1 2313 3641 2819 3675
13700 4 2 100 1 1269 1159 3215 3916
13701 4 2 100 1 2921 3409 2352 3490
13702 4 2 100 1 2572 2652 2216 3876
13703 4 2 100 1 3384 3550 2248 2589
13704 4 2 100 1 411 413 617 3669
13705 4 2 100 1 3557 2873 3560 2785
13706 4 2 100 1 2828 2843 2229 3128
13707 4 2 100 1 1234 1053 1224 2596
13708 4 2 100 1 1755 2647 1754 1762
13709 4 2 100 1 235 239 522 3917
13710 4 2 100 1 233 533 714 3787
13711 4 2 100 1 2252 3069 2514 3755
13712 4 2 100 1 2167 3572 2833 3719
13713 4 2 100 1 3040 3450 2080 3527
13714 4 2 100 1 3754 2700 1232 3349
13715 4 2 100 1 1768 1940 1705 3442
13716 4 2 100 1 530 640 688 3447
13717 4 2 100 1 2362 2760 2586 3106
13718 4 2 100 1 2249 2962 3324 3735
13719 4 2 100 1 2229 3304 2641 3567
13720 4 2 100 1 1843 2704 1591 3095
13721 4 2 100 1 2510 3412 2068 3840
13722 4 2 100 1 4054 3117 3221 2127
13723 4 2 100 1 3856 3826 3210 2260
13724 4 2 100 1 2739 2953 2320 3723
13725 4 2 100 1 556 706 436 3805
13726 4 2 100 1 3089 3358 2461 3568
13727 4 2 100 1 2674 523 421 2467
13728 4 2 100 1 2218 3092 2762 3714
13729 4 2 100 1 2773 2183 3277 3473
13730 4 2 100 1 2135 3270 2450 3758
13731 4 2 100 1 2306 3094 2562 4021
13732 4 2 100 1 4087 3844 3464 2563
13733 4 2 100 1 2858 3508 2470 2585
13734 4 2 100 1 970 1431 1403 2917
13735 4 2 100 1 3235 3650 2888 3685
13736 4 2 100 1 4125 447 613 2774
13737 4 2 100 1 3844 3122 3015 2563
13738 4 2 100 1 266 2572 3110 4025
13739 4 2 100 1 2616 2315 3223 3524
13740 4 2 100 1 372 494 350 3050
13741 4 2 100 1 4054 3221 3117 2225
13742 4 2 100 1 2510 3270 2840 3412
13743 4 2 100 1 1193 1192 739 3395
13744 4 2 100 1 3818 163 390 194
13745 4 2 100 1 2122 3151 2686 3856
13746 4 2 100 1 2636 3014 2203 3605
13747 4 2 100 1 2402 3569 3052 4100
13748 4 2 100 1 3902 3737 3047 2680
13749 4 2 100 1 1391 1120 992 2825
13750 4 2 100 1 253 257 640 2692
13751 4 2 100 1 2875 3031 2199 3962
13752 4 2 100 1 3405 3275 4090 2623
13753 4 2 100 1 3589 2325 2690 3174
13754 4 2 100 1 2236 2530 3143 2998
13755 4 2 100 1 1078 1410 1148 3718
13756 4 2 100 1 1319 832 830 2985
13757 4 2 100 1 2486 3809 1983 3937
13758 4 2 100 1 1737 3556 1947 3566
13759 4 2 100 1 220 218 3006 4103
13760 4 2 100 1 11 762 1387 2630
13761 4 2 100 1 983 907 2860 3730
13762 4 2 100 1 2453 3544 2671 4059
13763 4 2 100 1 2999 3236 2289 3391
13764 4 2 100 1 412 2797 413 3669
13765 4 2 100 1 1498 3090 3842 1341
13766 4 2 100 1 2326 2808 2696 3387
13767 4 2 100 1 2362 2760 3106 2791
13768 4 2 100 1 1525 3013 2908 4096
13769 4 2 100 1 2587 2230 3163 3355
13770 4 2 100 1 516 576 622 3595
13771 4 2 100 1 3076 3035 2227 2188
13772 4 2 100 1 951 952 947 2803
13773 4 2 100 1 369 552 321 3064
13774 4 2 100 1 2410 2755 3440 4064
13775 4 2 100 1 949 948 2681 3665
13776 4 2 100 1 2126 3071 3043 3308
13777 4 2 100 1 138 137 3534 3931
13778 4 2 100 1 414 416 2797 3538
13779 4 2 100 1 810 811 2633 3700
13780 4 2 100 1 3839 3780 3086 3209
13781 4 2 100 1 1137 3389 1423 3921
13782 4 2 100 1 3948 3633 2534 3187
13783 4 2 100 1 2954 3377 2709 3601
13784 4 2 100 1 3343 2441 2505 2184
13785 4 2 100 1 76 3271 558 3623
13786 4 2 100 1 2537 2305 3547 3633
13787 4 2 100 1 2118 3007 2838 3690
13788 4 2 100 1 2473 3151 2686 3380
13789 4 2 100 1 2856 3545 866 3799
13790 4 2 100 1 3076 3035 2188 2424
13791 4 2 100 1 2395 3015 2563 3844
13792 4 2 100 1 1855 3374 2056 3565
13793 4 2 100 1 2174 2468 3585 3969
13794 4 2 100 1 3240 3839 3086 2535
13795 4 2 100 1 1348 1002 1010 2905
13796 4 2 100 1 1665 1666 1664 2957
13797 4 2 100 1 2809 1484 2906 3978
13798 4 2 100 1 1524 2080 2007 3450
13799 4 2 100 1 2155 2490 2520 3550
13800 4 2 100 1 956 2897 1189 3657
13801 4 2 100 1 2162 3333 2694 2330
13802 4 2 100 1 2196 3206 2919 3893
13803 4 2 100 1 2259 2946 2783 3487
13804 4 2 100 1 2267 2614 3983 3619
13805 4 2 100 1 212 210 481 3218
13806 4 2 100 1 1443 1144 3002 3575
13807 4 2 100 1 2291 3364 2489 4061
13808 4 2 100 1 2452 3151 2905 3703
13809 4 2 100 1 3702 3778 2475 4049
13810 4 2 100 1 2324 2639 2685 2949
13811 4 2 100 1 2121 2565 3079 2287
13812 4 2 100 1 1940 2576 1705 3442
13813 4 2 100 1 2488 2983 2205 4107
13814 4 2 100 1 2490 3550 3087 2210
13815 4 2 100 1 2220 2732 3567 4014
13816 4 2 100 1 2176 2540 3229 3664
13817 4 2 100 1 2945 2331 3491 3981
13818 4 2 100 1 3292 745 3978 1256
13819 4 2 100 1 1531 3132 2584 3564
13820 4 2 100 1 2815 2867 2344 3147
13821 4 2 100 1 1747 3060 1658 4024
13822 4 2 100 1 3151 4002 2260 2905
13823 4 2 100 1 2957 2250 2301 3112
13824 4 2 100 1 956 957 3408 900
13825 4 2 100 1 2211 3555 3028 3785
13826 4 2 100 1 589 3336 428 337
13827 4 2 100 1 2640 2320 3416 3520
13828 4 2 100 1 400 3669 3050 3800
13829 4 2 100 1 3151 2260 4002 2473
13830 4 2 100 1 2660 2249 3831 3735
13831 4 2 100 1 2773 3037 2936 3467
13832 4 2 100 1 1696 1737 1685 2662
13833 4 2 100 1 2970 2518 3393 2148
13834 4 2 100 1 2231 3166 3000 3820
13835 4 2 100 1 2436 2484 3949 3059
13836 4 2 100 1 2442 3103 2917 3454
13837 4 2 100 1 952 2803 951 3502
13838 4 2 100 1 2474 2897 2661 4032
13839 4 2 100 1 3215 2260 4002 2905
13840 4 2 100 1 2306 3239 2476 4021
13841 4 2 100 1 2716 3472 2162 3999
13842 4 2 100 1 2281 2461 2678 3358
13843 4 2 100 1 2648 3141 2314 3554
13844 4 2 100 1 1683 1685 1947 3566
13845 4 2 100 1 3719 2545 3113 2354
13846 4 2 100 1 1098 1100 1171 3796
13847 4 2 100 1 1621 1651 3398 3626
13848 4 2 100 1 476 477 2718 3383
13849 4 2 100 1 2830 3378 1364 3961
13850 4 2 100 1 2985 2206 3142 3980
13851 4 2 100 1 1994 1854 3621 3699
13852 4 2 100 1 329 3775 521 3233
13853 4 2 100 1 3215 4002 2260 2473
13854 4 2 100 1 2584 3472 2694 3564
13855 4 2 100 1 3322 2529 2340 4020
13856 4 2 100 1 2809 2906 2910 4004
13857 4 2 100 1 2274 3201 2676 4047
13858 4 2 100 1 2626 2853 2116 3515
13859 4 2 100 1 1907 2876 141 3443
13860 4 2 100 1 305 352 3173 4073
13861 4 2 100 1 912 3021 3285 3922
13862 4 2 100 1 1613 2643 1622 3729
13863 4 2 100 1 2174 2696 2663 3522
13864 4 2 100 1 2104 2601 3425 3455
13865 4 2 100 1 1499 2980 1060 4100
13866 4 2 100 1 2128 3715 2972 2998
13867 4 2 100 1 1626 1962 1986 4033
13868 4 2 100 1 2194 3674 2933 3891
13869 4 2 100 1 3251 3461 2347 3111
13870 4 2 100 1 2234 3027 2467 3171
13871 4 2 100 1 1741 3197 1966 3759
13872 4 2 100 1 1205 3828 1148 2767
13873 4 2 100 1 763 1452 1519 3170
13874 4 2 100 1 2336 2884 3327 3850
13875 4 2 100 1 2176 2540 3223 3229
13876 4 2 100 1 1670 2581 1669 1680
13877 4 2 100 1 2348 2862 2793 3629
13878 4 2 100 1 1299 872 3477 3995
13879 4 2 100 1 3191 3229 2341 4052
13880 4 2 100 1 869 868 870 2745
13881 4 2 100 1 2227 3162 2557 3814
13882 4 2 100 1 2113 2835 2648 3554
13883 4 2 100 1 2229 2843 2828 3316
13884 4 2 100 1 2209 3370 3295 3576
13885 4 2 100 1 2344 1309 3501 2944
13886 4 2 100 1 2060 2694 3596 1546
13887 4 2 100 1 3206 3449 4068 2675
13888 4 2 100 1 1131 3396 1448 3111
13889 4 2 100 1 281 391 594 4025
13890 4 2 100 1 2636 2989 2281 3478
13891 4 2 100 1 2437 2823 3064 3324
13892 4 2 100 1 1466 1300 1119 2687
13893 4 2 100 1 2248 3550 3087 3666
13894 4 2 100 1 2441 4016 2871 3080
13895 4 2 100 1 3386 3528 2571 3048
13896 4 2 100 1 3171 3402 577 3787
13897 4 2 100 1 2366 2843 2644 3678
13898 4 2 100 1 2185 2266 2836 4057
13899 4 2 100 1 2172 3594 2746 3755
13900 4 2 100 1 999 3153 963 1238
13901 4 2 100 1 2430 3130 2812 3660
13902 4 2 100 1 3146 37 161 2770
13903 4 2 100 1 2696 578 669 3522
13904 4 2 100 1 3238 2934 2517 296
13905 4 2 100 1 2656 3426 3585 3728
13906 4 2 100 1 2804 3681 2779 3993
13907 4 2 100 1 722 4135 719 61
13908 4 2 100 1 1399 1188 1075 3622
13909 4 2 100 1 200 3171 3027 3599
13910 4 2 100 1 1511 3451 759 3754
13911 4 2 100 1 2569 3285 802 3940
13912 4 2 100 1 2893 2654 3850 4067
13913 4 2 100 1 2572 3330 263 4019
13914 4 2 100 1 1074 1089 3104 4078
13915 4 2 100 1 983 907 1191 2860
13916 4 2 100 1 2104 3137 3425 3752
13917 4 2 100 1 2235 3257 2668 3604
13918 4 2 100 1 2583 3609 1568 3894
13919 4 2 100 1 3033 3389 2309 3767
13920 4 2 100 1 1319 3389 2985 3453
13921 4 2 100 1 4069 3459 2172 2892
13922 4 2 100 1 1946 2753 3216 1836
13923 4 2 100 1 1250 2830 1364 3961
13924 4 2 100 1 1945 3039 2564 4022
13925 4 2 100 1 3047 3197 2680 3737
13926 4 2 100 1 496 655 3105 3188
13927 4 2 100 1 507 506 548 3919
13928 4 2 100 1 2208 2491 3287 3744
13929 4 2 100 1 2394 3339 2953 4001
13930 4 2 100 1 204 2674 4017 3027
13931 4 2 100 1 2479 2586 3699 3621
13932 4 2 100 1 390 2663 637 3522
13933 4 2 100 1 2344 3297 2969 3603
13934 4 2 100 1 406 380 596 2948
13935 4 2 100 1 2214 2552 3616 4074
13936 4 2 100 1 3191 2616 2768 3229
13937 4 2 100 1 2195 2549 2853 3804
13938 4 2 100 1 279 2728 494 3276
13939 4 2 100 1 2727 3078 2222 3431
13940 4 2 100 1 1961 1933 1535 2898
13941 4 2 100 1 3368 3851 3511 750
13942 4 2 100 1 2296 2830 3332 3961
13943 4 2 100 1 1400 2775 3009 3741
13944 4 2 100 1 925 927 926 2703
13945 4 2 100 1 2291 2866 2605 3813
13946 4 2 100 1 718 731 727 3159
13947 4 2 100 1 1635 1671 1642 3498
13948 4 2 100 1 71 3108 1205 2767
13949 4 2 100 1 2781 3099 2122 3637
13950 4 2 100 1 2211 2669 3242 3555
13951 4 2 100 1 1710 1680 2581 3810
13952 4 2 100 1 213 3468 605 4093
13953 4 2 100 1 2166 2710 3167 3749
13954 4 2 100 1 2838 2909 2232 3007
13955 4 2 100 1 1102 1294 1440 2570
13956 4 2 100 1 1999 2735 1900 3788
13957 4 2 100 1 3061 3691 2818 2327
13958 4 2 100 1 2206 2568 2985 3767
13959 4 2 100 1 339 303 582 2895
13960 4 2 100 1 2107 3123 2979 3274
13961 4 2 100 1 1984 1762 2647 3841
13962 4 2 100 1 514 551 2808 3836
13963 4 2 100 1 3277 4101 3290 2506
13964 4 2 100 1 170 546 456 3640
13965 4 2 100 1 2824 3199 2111 3340
13966 4 2 100 1 1309 2944 2867 1307
13967 4 2 100 1 2557 3035 2227 4065
13968 4 2 100 1 3146 161 37 36
13969 4 2 100 1 2599 3267 2972 2339
13970 4 2 100 1 2394 2953 3533 4001
13971 4 2 100 1 3549 2700 2304 4011
13972 4 2 100 1 3045 3343 2371 2767
13973 4 2 100 1 2436 2484 3059 3235
13974 4 2 100 1 2700 3025 1231 3635
13975 4 2 100 1 3478 4083 2123 2281
13976 4 2 100 1 1933 3369 2898 3517
13977 4 2 100 1 2166 3221 2627 3645
13978 4 2 100 1 4019 2185 2266 2650
13979 4 2 100 1 1148 3396 2767 3828
13980 4 2 100 1 2288 2935 2594 2679
13981 4 2 100 1 3758 4020 3933 2446
13982 4 2 100 1 1610 1896 2062 3125
13983 4 2 100 1 3443 1906 2876 141
13984 4 2 100 1 476 3321 2718 3827
13985 4 2 100 1 1216 1218 1357 2886
13986 4 2 100 1 829 3325 828 3453
13987 4 2 100 1 2417 2836 2650 3794
13988 4 2 100 1 1135 1137 1082 2690
13989 4 2 100 1 2971 3653 2180 3942
13990 4 2 100 1 3219 3234 2587 3563
13991 4 2 100 1 2113 3627 2782 3757
13992 4 2 100 1 1700 1705 1940 2576
13993 4 2 100 1 2521 3952 3639 4104
13994 4 2 100 1 3368 3851 750 1186
13995 4 2 100 1 2305 3200 3424 2817
13996 4 2 100 1 2321 3224 3072 3636
13997 4 2 100 1 3346 3465 2438 3950
13998 4 2 100 1 2969 3297 2545 3603
13999 4 2 100 1 844 1302 843 2720
14000 4 2 100 1 1278 924 3648 3655
14001 4 2 100 1 2412 3389 3033 3767
14002 4 2 100 1 2356 3240 2535 3476
14003 4 2 100 1 941 2739 1486 3575
14004 4 2 100 1 2582 3897 2527 3823
14005 4 2 100 1 12 1387 1375 3096
14006 4 2 100 1 1565 3559 1566 1564
14007 4 2 100 1 1202 3269 2553 3935
14008 4 2 100 1 2267 2898 3020 3643
14009 4 2 100 1 2804 3909 3084 3965
14010 4 2 100 1 3397 1639 1650 1649
14011 4 2 100 1 3397 1650 1639 2607
14012 4 2 100 1 3430 3577 2611 2311
14013 4 2 100 1 2555 3659 284 4037
14014 4 2 100 1 8 7 1475 3451
14015 4 2 100 1 2270 3040 3450 4102
14016 4 2 100 1 2739 3575 941 3688
14017 4 2 100 1 1776 1731 1740 3120
14018 4 2 100 1 1680 2786 2581 3810
14019 4 2 100 1 351 2728 350 349
14020 4 2 100 1 3844 3122 2563 2622
14021 4 2 100 1 272 3110 281 4025
14022 4 2 100 1 4087 3844 2563 2622
14023 4 2 100 1 3110 3433 2765 4025
14024 4 2 100 1 1613 1623 1622 2643
14025 4 2 100 1 2405 3480 2957 2301
14026 4 2 100 1 2998 3715 2415 3795
14027 4 2 100 1 2925 3509 2499 3646
14028 4 2 100 1 2501 2240 3209 3546
14029 4 2 100 1 2864 536 535 3516
14030 4 2 100 1 4029 1934 1838 2655
14031 4 2 100 1 2383 3303 2649 3530
14032 4 2 100 1 3414 3566 3182 2662
14033 4 2 100 1 537 2885 619 187
14034 4 2 100 1 86 3368 1405 3990
14035 4 2 100 1 1738 3198 1844 3610
14036 4 2 100 1 2254 3400 2968 3511
14037 4 2 100 1 2227 3035 2557 3162
14038 4 2 100 1 2455 3248 2896 4007
14039 4 2 100 1 2918 3232 2197 3826
14040 4 2 100 1 1469 871 875 2755
14041 4 2 100 1 3118 3661 3120 2450
14042 4 2 100 1 2383 2606 2513 3311
14043 4 2 100 1 2539 3914 2205 3922
14044 4 2 100 1 776 778 1023 2738
14045 4 2 100 1 1035 2603 3360 3445
14046 4 2 100 1 3048 3326 2299 3652
14047 4 2 100 1 2282 3418 2380 4106
14048 4 2 100 1 823 3090 821 3548
14049 4 2 100 1 132 2493 3177 3504
14050 4 2 100 1 2296 2659 2863 2143
14051 4 2 100 1 1446 2711 1409 3590
14052 4 2 100 1 2643 1622 3729 3745
14053 4 2 100 1 356 323 552 3831
14054 4 2 100 1 2323 2509 3348 2123
14055 4 2 100 1 2168 2573 2891 2558
14056 4 2 100 1 3210 3826 3521 2419
14057 4 2 100 1 2348 3629 2793 3873
14058 4 2 100 1 2522 2452 3520 3703
14059 4 2 100 1 1399 3622 3226 3741
14060 4 2 100 1 2360 2507 3182 3771
14061 4 2 100 1 2688 2888 2130 3518
14062 4 2 100 1 2635 1827 3154 1987
14063 4 2 100 1 2629 2882 3180 2499
14064 4 2 100 1 3681 3552 3993 2804
14065 4 2 100 1 487 2761 452 2802
14066 4 2 100 1 2295 2960 2672 3309
14067 4 2 100 1 2803 3529 2218 4034
14068 4 2 100 1 2338 3278 2602 3966
14069 4 2 100 1 2670 2319 3475 3989
14070 4 2 100 1 2959 595 3708 629
14071 4 2 100 1 2686 3232 2278 3856
14072 4 2 100 1 3986 4109 3619 2290
14073 4 2 100 1 2208 2779 2487 3457
14074 4 2 100 1 2635 1827 1987 3782
14075 4 2 100 1 28 171 572 3727
14076 4 2 100 1 2381 3163 3634 4055
14077 4 2 100 1 2551 3167 3338 4057
14078 4 2 100 1 2770 3234 2478 3525
14079 4 2 100 1 3656 379 505 2608
14080 4 2 100 1 2225 3221 2706 3645
14081 4 2 100 1 462 4036 2417 4037
14082 4 2 100 1 2170 2893 2664 3915
14083 4 2 100 1 1701 2028 1703 3618
14084 4 2 100 1 1510 3146 769 2658
14085 4 2 100 1 1654 2724 1733 3815
14086 4 2 100 1 2478 3563 3280 3739
14087 4 2 100 1 2356 3709 2960 2822
14088 4 2 100 1 1407 3063 1368 3751
14089 4 2 100 1 2379 3710 3616 4074
14090 4 2 100 1 266 2572 263 4019
14091 4 2 100 1 257 629 664 2959
14092 4 2 100 1 1116 2837 1408 3602
14093 4 2 100 1 2807 2577 3535 3607
14094 4 2 100 1 2201 2770 3219 3563
14095 4 2 100 1 1067 2707 2999 3963
14096 4 2 100 1 2215 3100 2503 3923
14097 4 2 100 1 2709 3256 2335 3885
14098 4 2 100 1 2632 2873 3513 2187
14099 4 2 100 1 2116 3018 2807 3535
14100 4 2 100 1 3194 627 3334 2790
14101 4 2 100 1 3992 3067 3829 2859
14102 4 2 100 1 2262 2527 3518 3823
14103 4 2 100 1 33 3887 4003 2977
14104 4 2 100 1 2337 2860 3452 3786
14105 4 2 100 1 2613 2887 2172 4069
14106 4 2 100 1 1565 2583 3273 1567
14107 4 2 100 1 3014 3356 1259 3996
14108 4 2 100 1 2706 2923 2355 3955
14109 4 2 100 1 2149 3011 3434 3897
14110 4 2 100 1 3233 3695 2302 3827
14111 4 2 100 1 2314 3554 2799 3968
14112 4 2 100 1 620 377 379 3114
14113 4 2 100 1 1565 2583 1567 1566
14114 4 2 100 1 1131 1078 3396 3718
14115 4 2 100 1 2164 3558 2509 3960
14116 4 2 100 1 2451 3384 2995 2210
14117 4 2 100 1 2848 3493 2849 3830
14118 4 2 100 1 2235 3604 2668 4070
14119 4 2 100 1 1775 1792 1726 3570
14120 4 2 100 1 2554 3858 2938 2209
14121 4 2 100 1 2404 2911 2633 3561
14122 4 2 100 1 12 11 1387 3694
14123 4 2 100 1 1409 1446 1267 2711
14124 4 2 100 1 342 2821 343 3249
14125 4 2 100 1 968 3460 3269 3961
14126 4 2 100 1 315 637 2663 3305
14127 4 2 100 1 1068 3605 3704 1058
14128 4 2 100 1 2123 2509 3348 3289
14129 4 2 100 1 2204 3462 3080 3562
14130 4 2 100 1 319 294 655 3869
14131 4 2 100 1 2244 2781 2686 2224
14132 4 2 100 1 3236 3391 2999 3663
14133 4 2 100 1 1046 3107 3361 3945
14134 4 2 100 1 2223 3175 2677 2417
14135 4 2 100 1 2523 3525 166 3872
14136 4 2 100 1 2529 3626 2427 3933
14137 4 2 100 1 1965 1607 1605 3579
14138 4 2 100 1 1854 1853 1855 3565
14139 4 2 100 1 2383 2253 3013 3791
14140 4 2 100 1 1966 1741 1870 3197
14141 4 2 100 1 3467 3277 2183 3290
14142 4 2 100 1 2215 3074 2502 3310
14143 4 2 100 1 1667 2581 3514 1863
14144 4 2 100 1 1309 1310 1308 2867
14145 4 2 100 1 1282 977 1373 2707
14146 4 2 100 1 2310 3919 3701 3928
14147 4 2 100 1 1285 1062 1284 2822
14148 4 2 100 1 131 130 2077 3177
14149 4 2 100 1 2609 2228 3184 3526
14150 4 2 100 1 639 48 47 3836
14151 4 2 100 1 1190 1181 2902 3070
14152 4 2 100 1 948 3301 2681 3665
14153 4 2 100 1 1701 2028 3618 4029
14154 4 2 100 1 2290 3165 2689 3986
14155 4 2 100 1 3006 3420 220 4103
14156 4 2 100 1 623 3697 479 4067
14157 4 2 100 1 602 440 354 3756
14158 4 2 100 1 1687 1587 1960 3537
14159 4 2 100 1 1732 1860 3296 2460
14160 4 2 100 1 156 461 648 2823
14161 4 2 100 1 2379 3005 3710 4074
14162 4 2 100 1 248 250 247 3845
14163 4 2 100 1 2652 3168 3433 2216
14164 4 2 100 1 2673 2971 2825 3653
14165 4 2 100 1 3414 3566 2662 2786
14166 4 2 100 1 505 3275 508 3656
14167 4 2 100 1 2628 2435 2278 3994
14168 4 2 100 1 469 642 569 3160
14169 4 2 100 1 3067 3647 2859 3992
14170 4 2 100 1 2236 3054 2599 2496
14171 4 2 100 1 712 561 2518 3606
14172 4 2 100 1 3566 1681 1682 1683
14173 4 2 100 1 768 1211 3461 3990
14174 4 2 100 1 690 425 681 3904
14175 4 2 100 1 2175 3337 3414 3182
14176 4 2 100 1 2277 2578 2759 3909
14177 4 2 100 1 2727 2222 3078 3721
14178 4 2 100 1 3566 1682 1681 3055
14179 4 2 100 1 2271 2831 2731 3938
14180 4 2 100 1 2582 2527 3897 3137
14181 4 2 100 1 2255 2666 2100 3687
14182 4 2 100 1 1172 2743 797 3975
14183 4 2 100 1 508 2623 542 3656
14184 4 2 100 1 2591 1839 3422 3822
14185 4 2 100 1 2874 3077 357 3762
14186 4 2 100 1 2289 3031 2834 3354
14187 4 2 100 1 2157 2596 2813 3658
14188 4 2 100 1 2161 2332 2781 3608
14189 4 2 100 1 1374 2834 2743 3354
14190 4 2 100 1 1935 1724 3364 3813
14191 4 2 100 1 1261 1378 971 3604
14192 4 2 100 1 2409 3141 2648 4048
14193 4 2 100 1 281 3110 2765 4025
14194 4 2 100 1 1753 3322 1694 4033
14195 4 2 100 1 307 387 386 3641
14196 4 2 100 1 2532 3295 2682 3576
14197 4 2 100 1 435 3238 2774 3913
14198 4 2 100 1 2559 2300 3423 3844
14199 4 2 100 1 2102 2846 3229 2480
14200 4 2 100 1 2269 3113 2651 3719
14201 4 2 100 1 190 686 604 3119
14202 4 2 100 1 2100 2278 2435 3994
14203 4 2 100 1 1503 3014 1259 3996
14204 4 2 100 1 2509 3348 3289 3784
14205 4 2 100 1 1269 1159 1367 3215
14206 4 2 100 1 2588 2730 2257 2992
14207 4 2 100 1 1189 3507 1024 3657
14208 4 2 100 1 2147 3106 3612 2341
14209 4 2 100 1 2361 2999 3391 3663
14210 4 2 100 1 2129 2447 3910 2311
14211 4 2 100 1 3183 3977 2862 3115
14212 4 2 100 1 1271 3335 2691 3704
14213 4 2 100 1 3765 3254 933 935
14214 4 2 100 1 1068 3605 1058 1053
14215 4 2 100 1 2916 3252 2352 4096
14216 4 2 100 1 2588 2258 2992 3510
14217 4 2 100 1 2202 2714 3127 3237
14218 4 2 100 1 3765 933 3254 2574
14219 4 2 100 1 2027 1967 1704 2763
14220 4 2 100 1 1594 1596 1593 4085
14221 4 2 100 1 1947 1958 1764 2751
14222 4 2 100 1 3369 102 1933 2898
14223 4 2 100 1 140 1543 1917 2965
14224 4 2 100 1 1287 1026 1111 2324
14225 4 2 100 1 1389 734 3531 3938
14226 4 2 100 1 2277 3425 2982 3562
14227 4 2 100 1 2890 2915 2152 3306
14228 4 2 100 1 2212 2670 3413 3613
14229 4 2 100 1 343 3249 2821 2467
14230 4 2 100 1 3131 2193 2420 4030
14231 4 2 100 1 472 473 2942 3419
14232 4 2 100 1 2789 3143 2367 3306
14233 4 2 100 1 2630 2338 3283 3966
14234 4 2 100 1 2491 2208 3287 3627
14235 4 2 100 1 2100 2792 3121 3691
14236 4 2 100 1 495 3105 2610 3904
14237 4 2 100 1 2228 3184 2827 3287
14238 4 2 100 1 2138 3020 2575 3774
14239 4 2 100 1 2100 3061 2748 3131
14240 4 2 100 1 2490 3087 3550 3666
14241 4 2 100 1 3460 1202 1075 991
14242 4 2 100 1 2352 2723 3013 3791
14243 4 2 100 1 2774 725 2864 4041
14244 4 2 100 1 2584 2222 3132 4023
14245 4 2 100 1 3948 3633 3187 2148
14246 4 2 100 1 1843 3095 1841 3760
14247 4 2 100 1 74 1208 747 3741
14248 4 2 100 1 267 293 2806 3376
14249 4 2 100 1 1511 1232 3349 3754
14250 4 2 100 1 2342 3098 4002 4040
14251 4 2 100 1 3494 3284 3998 2771
14252 4 2 100 1 1136 3598 2742 4086
14253 4 2 100 1 1588 1586 1587 3615
14254 4 2 100 1 2356 2535 3086 3309
14255 4 2 100 1 3802 3995 944 1282
14256 4 2 100 1 4138 2753 1886 4099
14257 4 2 100 1 302 308 329 3827
14258 4 2 100 1 1478 3356 2699 3996
14259 4 2 100 1 2438 3331 3026 2159
14260 4 2 100 1 508 2623 3656 3275
14261 4 2 100 1 294 2806 3869 270
14262 4 2 100 1 2819 334 424 3675
14263 4 2 100 1 2805 3784 2508 3864
14264 4 2 100 1 325 301 670 3756
14265 4 2 100 1 1529 2729 114 3333
14266 4 2 100 1 3802 944 3995 2681
14267 4 2 100 1 165 489 488 2485
14268 4 2 100 1 1204 767 1411 3667
14269 4 2 100 1 304 312 383 3762
14270 4 2 100 1 1285 2960 2822 2672
14271 4 2 100 1 2831 2222 3833 2778
14272 4 2 100 1 3394 3490 2364 4005
14273 4 2 100 1 1036 3025 1075 3460
14274 4 2 100 1 2557 2227 3138 4065
14275 4 2 100 1 3819 1980 1548 1915
14276 4 2 100 1 2696 578 3522 3230
14277 4 2 100 1 1362 3282 2742 3417
14278 4 2 100 1 3750 3225 3508 2620
14279 4 2 100 1 2180 3653 3011 3942
14280 4 2 100 1 1808 1835 1814 3415
14281 4 2 100 1 2534 3948 3042 3829
14282 4 2 100 1 338 2660 3496 3951
14283 4 2 100 1 1910 2066 1959 3798
14284 4 2 100 1 2545 3090 2269 3113
14285 4 2 100 1 408 383 407 3436
14286 4 2 100 1 2464 3129 2915 3541
14287 4 2 100 1 2624 4001 2162 2330
14288 4 2 100 1 2261 3541 3192 4028
14289 4 2 100 1 1920 2694 1546 3564
14290 4 2 100 1 3853 3769 2217 3102
14291 4 2 100 1 1401 1170 1135 3361
14292 4 2 100 1 46 45 578 3230
14293 4 2 100 1 2780 3274 3047 3553
14294 4 2 100 1 2261 2909 3192 3541
14295 4 2 100 1 2679 2441 3343 2184
14296 4 2 100 1 1664 1679 1941 3480
14297 4 2 100 1 1342 2756 1343 3344
14298 4 2 100 1 1754 2063 2647 3322
14299 4 2 100 1 3016 3902 3120 2476
14300 4 2 100 1 1271 29 28 4009
14301 4 2 100 1 3793 3209 3839 2422
14302 4 2 100 1 2139 2531 2984 3536
14303 4 2 100 1 2596 2157 2813 3335
14304 4 2 100 1 2444 3385 2495 3738
14305 4 2 100 1 2908 3013 1525 3936
14306 4 2 100 1 2255 3231 2512 3687
14307 4 2 100 1 3369 102 2898 3792
14308 4 2 100 1 545 392 453 2543
14309 4 2 100 1 2587 2286 3163 3542
14310 4 2 100 1 1170 2690 1137 1135
14311 4 2 100 1 2111 2824 2713 3036
14312 4 2 100 1 1905 2667 2015 3570
14313 4 2 100 1 2089 2735 3443 3970
14314 4 2 100 1 2309 3033 2952 4012
14315 4 2 100 1 3949 3733 1160 2484
14316 4 2 100 1 3153 3269 1238 3935
14317 4 2 100 1 2775 3268 1207 2767
14318 4 2 100 1 1170 2690 1135 3361
14319 4 2 100 1 3134 2882 3956 3743
14320 4 2 100 1 3172 1017 1435 2602
14321 4 2 100 1 895 1008 968 3961
14322 4 2 100 1 2342 4002 2905 4040
14323 4 2 100 1 2859 2821 2188 2387
14324 4 2 100 1 457 638 424 2819
14325 4 2 100 1 3681 3552 2804 3965
14326 4 2 100 1 534 166 675 2523
14327 4 2 100 1 2120 2966 2597 4011
14328 4 2 100 1 2892 3618 1858 4029
14329 4 2 100 1 607 188 2654 3222
14330 4 2 100 1 2107 3047 2780 3274
14331 4 2 100 1 2103 2656 3426 3852
14332 4 2 100 1 2201 3563 3715 4079
14333 4 2 100 1 1880 1935 1724 3364
14334 4 2 100 1 2242 2802 2761 3187
14335 4 2 100 1 790 3470 2850 3988
14336 4 2 100 1 900 782 783 3408
14337 4 2 100 1 2216 2819 3168 3433
14338 4 2 100 1 1032 1272 1087 3456
14339 4 2 100 1 2246 2567 3047 3737
14340 4 2 100 1 218 217 2747 4103
14341 4 2 100 1 2323 2509 2123 4083
14342 4 2 100 1 3486 4036 3659 4037
14343 4 2 100 1 3881 3729 2907 3745
14344 4 2 100 1 3766 1990 3372 2968
14345 4 2 100 1 2261 2788 3192 3578
14346 4 2 100 1 469 650 2801 4003
14347 4 2 100 1 3141 3554 2648 4048
14348 4 2 100 1 894 893 3153 3332
14349 4 2 100 1 1783 2964 1751 3216
14350 4 2 100 1 2272 3191 2907 3524
14351 4 2 100 1 3974 3456 2683 3063
14352 4 2 100 1 2684 3048 2203 3326
14353 4 2 100 1 73 597 72 3268
14354 4 2 100 1 1647 1652 1651 3626
14355 4 2 100 1 2907 3524 2315 3881
14356 4 2 100 1 610 2819 457 3376
14357 4 2 100 1 2352 3023 2635 3782
14358 4 2 100 1 1653 1652 1654 2529
14359 4 2 100 1 766 113 1321 4050
14360 4 2 100 1 391 2765 4025 281
14361 4 2 100 1 2153 3619 2689 3983
14362 4 2 100 1 2676 3654 3148 3785
14363 4 2 100 1 3172 1435 1017 1016
14364 4 2 100 1 2907 3745 2272 3881
14365 4 2 100 1 2502 3003 3406 3976
14366 4 2 100 1 1770 2898 1932 3809
14367 4 2 100 1 3515 3676 2626 2441
14368 4 2 100 1 1031 1508 1125 3445
14369 4 2 100 1 2172 3022 2613 3755
14370 4 2 100 1 3681 3552 3965 2409
14371 4 2 100 1 1295 1286 2672 3367
14372 4 2 100 1 1700 1701 1702 3133
14373 4 2 100 1 3498 3722 2763 2359
14374 4 2 100 1 2290 2657 3705 4109
14375 4 2 100 1 2303 2570 3435 3796
14376 4 2 100 1 2265 3606 3073 4018
14377 4 2 100 1 2331 2641 3255 3793
14378 4 2 100 1 2057 1924 1944 3711
14379 4 2 100 1 2298 3362 3004 3568
14380 4 2 100 1 2530 3058 2877 3593
14381 4 2 100 1 3273 2052 2021 1974
14382 4 2 100 1 367 3233 2629 4073
14383 4 2 100 1 2583 2476 1567 3609
14384 4 2 100 1 2229 2843 3316 2987
14385 4 2 100 1 2479 2586 3621 3019
14386 4 2 100 1 74 747 2839 3741
14387 4 2 100 1 959 958 3098 4002
14388 4 2 100 1 1406 3279 2651 3921
14389 4 2 100 1 2277 2982 2759 3562
14390 4 2 100 1 1794 2784 1795 3442
14391 4 2 100 1 2649 3303 2383 4026
14392 4 2 100 1 2904 3063 1273 3456
14393 4 2 100 1 2347 2513 3303 3461
14394 4 2 100 1 3231 3472 2380 3868
14395 4 2 100 1 220 218 229 3006
14396 4 2 100 1 630 3641 286 3890
14397 4 2 100 1 2808 3387 2318 3836
14398 4 2 100 1 3396 3828 2857 2279
14399 4 2 100 1 440 654 398 2660
14400 4 2 100 1 1968 1704 2013 4024
14401 4 2 100 1 137 136 2043 3841
14402 4 2 100 1 3008 3648 2526 3655
14403 4 2 100 1 2122 3637 3099 3880
14404 4 2 100 1 1549 2729 1924 3711
14405 4 2 100 1 3030 3469 2395 3844
14406 4 2 100 1 1591 3095 2704 3609
14407 4 2 100 1 2609 2393 3491 3932
14408 4 2 100 1 929 1327 931 3227
14409 4 2 100 1 2425 2308 3353 4103
14410 4 2 100 1 3365 2448 1445 846
14411 4 2 100 1 108 2769 733 3375
14412 4 2 100 1 655 294 328 3105
14413 4 2 100 1 2205 3285 3021 3922
14414 4 2 100 1 1089 1419 3104 4078
14415 4 2 100 1 1068 2596 3335 3704
14416 4 2 100 1 2188 3035 2387 2895
14417 4 2 100 1 1091 3278 2637 3966
14418 4 2 100 1 1584 2068 1598 2510
14419 4 2 100 1 3365 1445 2448 3174
14420 4 2 100 1 1738 1695 2786 3610
14421 4 2 100 1 985 979 2699 3884
14422 4 2 100 1 2316 3411 2817 3518
14423 4 2 100 1 3183 3977 3115 3790
14424 4 2 100 1 160 2970 2518 3144
14425 4 2 100 1 3191 2616 3229 3524
14426 4 2 100 1 2850 3314 2281 3437
14427 4 2 100 1 362 680 557 3001
14428 4 2 100 1 1809 3415 2916 3832
14429 4 2 100 1 986 3008 962 3203
14430 4 2 100 1 172 693 597 2845
14431 4 2 100 1 2628 2138 3046 3232
14432 4 2 100 1 2731 1242 3382 3938
14433 4 2 100 1 2128 3163 2587 4055
14434 4 2 100 1 2431 3717 2934 3899
14435 4 2 100 1 2205 2944 3285 3922
14436 4 2 100 1 2908 3013 2352 4096
14437 4 2 100 1 3289 3348 2508 3784
14438 4 2 100 1 2536 2446 3179 3841
14439 4 2 100 1 930 932 941 3688
14440 4 2 100 1 1623 3265 1632 3745
14441 4 2 100 1 3038 3264 2480 2102
14442 4 2 100 1 2712 3488 2666 3789
14443 4 2 100 1 216 480 218 2747
14444 4 2 100 1 488 489 678 3383
14445 4 2 100 1 1898 1903 1899 2735
14446 4 2 100 1 945 3350 2776 3483
14447 4 2 100 1 156 461 2823 3928
14448 4 2 100 1 2132 2899 3492 3493
14449 4 2 100 1 2350 3211 2924 3537
14450 4 2 100 1 876 872 943 3995
14451 4 2 100 1 2347 2946 2714 3010
14452 4 2 100 1 2113 2638 3236 3554
14453 4 2 100 1 2169 2684 2699 4072
14454 4 2 100 1 13 1375 736 3949
14455 4 2 100 1 3907 4101 2506 3290
14456 4 2 100 1 2139 2523 3234 3536
14457 4 2 100 1 2869 3044 2377 2176
14458 4 2 100 1 1767 1720 1769 3809
14459 4 2 100 1 3988 789 1264 791
14460 4 2 100 1 1127 2570 1102 3863
14461 4 2 100 1 3704 1260 1460 1069
14462 4 2 100 1 1095 3088 1094 3404
14463 4 2 100 1 905 890 2886 4105
14464 4 2 100 1 415 633 652 3638
14465 4 2 100 1 540 666 473 2848
14466 4 2 100 1 2266 3204 2555 3706
14467 4 2 100 1 304 383 3468 3762
14468 4 2 100 1 1093 1092 1090 3404
14469 4 2 100 1 3099 3637 2781 2224
14470 4 2 100 1 225 3244 224 3353
14471 4 2 100 1 3959 3727 2615 2357
14472 4 2 100 1 3704 1460 1260 2477
14473 4 2 100 1 2634 3140 2327 2420
14474 4 2 100 1 1322 3333 115 114
14475 4 2 100 1 2310 2823 2504 3928
14476 4 2 100 1 1322 2729 114 4050
14477 4 2 100 1 2394 2953 2758 4006
14478 4 2 100 1 3071 3355 3234 3536
14479 4 2 100 1 3468 230 574 605
14480 4 2 100 1 90 1371 755 3111
14481 4 2 100 1 464 284 3659 4037
14482 4 2 100 1 2340 2964 2750 3815
14483 4 2 100 1 2301 2250 2511 3112
14484 4 2 100 1 2335 2709 3885 3957
14485 4 2 100 1 541 677 496 3188
14486 4 2 100 1 2200 3633 2981 4018
14487 4 2 100 1 3468 230 605 4093
14488 4 2 100 1 2585 2332 2719 2224
14489 4 2 100 1 2283 2408 3468 3762
14490 4 2 100 1 2289 2834 3031 3962
14491 4 2 100 1 2760 1989 1847 1981
14492 4 2 100 1 410 400 3669 411
14493 4 2 100 1 2644 3128 2843 3837
14494 4 2 100 1 2312 2781 3380 3608
14495 4 2 100 1 1398 1397 1274 4091
14496 4 2 100 1 526 2988 45 3230
14497 4 2 100 1 357 442 393 2874
14498 4 2 100 1 2974 2807 3018 3607
14499 4 2 100 1 859 857 858 3135
14500 4 2 100 1 2769 2260 3614 3826
14501 4 2 100 1 2761 2485 3383 3716
14502 4 2 100 1 358 310 359 2873
14503 4 2 100 1 2283 3468 3436 3762
14504 4 2 100 1 1327 3227 969 3862
14505 4 2 100 1 2754 3461 3251 3111
14506 4 2 100 1 2291 2832 3207 3654
14507 4 2 100 1 107 2038 1985 2701
14508 4 2 100 1 2331 3304 2641 3793
14509 4 2 100 1 2200 2981 3998 4018
14510 4 2 100 1 2949 2644 2366 4062
14511 4 2 100 1 2548 3753 248 3951
14512 4 2 100 1 2112 2512 3038 3085
14513 4 2 100 1 534 2677 660 3525
14514 4 2 100 1 241 3138 2557 4076
14515 4 2 100 1 2078 2584 1531 3132
14516 4 2 100 1 3293 3400 2479 3885
14517 4 2 100 1 948 944 2681 3995
14518 4 2 100 1 2333 2786 3040 3810
14519 4 2 100 1 351 2728 349 2417
14520 4 2 100 1 2760 1989 1981 2607
14521 4 2 100 1 2393 3660 3491 3981
14522 4 2 100 1 2105 3128 2828 3202
14523 4 2 100 1 2594 3058 2201 3739
14524 4 2 100 1 1083 1084 2758 3481
14525 4 2 100 1 3949 1160 3733 1369
14526 4 2 100 1 2294 3147 2938 2539
14527 4 2 100 1 347 365 384 3834
14528 4 2 100 1 2193 2580 2987 3266
14529 4 2 100 1 579 640 530 3447
14530 4 2 100 1 1762 2024 1984 2647
14531 4 2 100 1 1002 4002 959 4040
14532 4 2 100 1 389 544 434 3156
14533 4 2 100 1 2137 2832 2282 3418
14534 4 2 100 1 2749 724 3805 4041
14535 4 2 100 1 2139 2523 2984 2563
14536 4 2 100 1 1107 2809 1048 3991
14537 4 2 100 1 2101 3551 2665 3732
14538 4 2 100 1 2555 3204 2266 3407
14539 4 2 100 1 3423 3844 2300 2622
14540 4 2 100 1 338 2660 3951 654
14541 4 2 100 1 3439 3242 3853 2433
14542 4 2 100 1 2208 2487 2648 3627
14543 4 2 100 1 3337 3294 3182 2175
14544 4 2 100 1 2728 3276 2185 3577
14545 4 2 100 1 2270 2519 2975 3155
14546 4 2 100 1 2345 3147 2994 3914
14547 4 2 100 1 1202 1238 3269 3935
14548 4 2 100 1 2574 2481 3092 3254
14549 4 2 100 1 1156 1176 1196 3288
14550 4 2 100 1 1574 1572 1573 3094
14551 4 2 100 1 3297 3561 2969 3886
14552 4 2 100 1 1566 3559 2583 3894
14553 4 2 100 1 2650 2836 2185 2266
14554 4 2 100 1 2596 3605 2477 3704
14555 4 2 100 1 2296 3057 2659 3929
14556 4 2 100 1 4052 2846 2182 2480
14557 4 2 100 1 2325 3361 3174 3734
14558 4 2 100 1 1234 1068 2596 3335
14559 4 2 100 1 2433 2489 2903 3746
14560 4 2 100 1 1096 1097 1098 3088
14561 4 2 100 1 3116 3773 2659 3929
14562 4 2 100 1 2236 2972 2752 2339
14563 4 2 100 1 1719 1935 1758 3364
14564 4 2 100 1 2211 3341 2547 3952
14565 4 2 100 1 2344 3297 3603 4113
14566 4 2 100 1 496 655 328 3105
14567 4 2 100 1 1002 2905 4002 4040
14568 4 2 100 1 2672 3309 2960 2822
14569 4 2 100 1 3061 3488 2818 3691
14570 4 2 100 1 2763 3498 1678 3722
14571 4 2 100 1 2933 3208 2254 3311
14572 4 2 100 1 1002 1009 1010 2905
14573 4 2 100 1 2945 3981 3660 2119
14574 4 2 100 1 1456 27 739 2766
14575 4 2 100 1 3838 1108 1072 3091
14576 4 2 100 1 2985 3453 3389 3767
14577 4 2 100 1 2253 3791 2383 4008
14578 4 2 100 1 3843 756 1237 79
14579 4 2 100 1 2685 3309 2165 3571
14580 4 2 100 1 1776 1641 2052 2476
14581 4 2 100 1 677 2823 369 3188
14582 4 2 100 1 2528 2348 2987 3673
14583 4 2 100 1 460 2504 356 461
14584 4 2 100 1 949 948 944 2681
14585 4 2 100 1 932 933 935 3765
14586 4 2 100 1 2192 3493 2466 3634
14587 4 2 100 1 2306 3239 2912 3776
14588 4 2 100 1 1684 1681 1802 2786
14589 4 2 100 1 2938 3147 2345 2539
14590 4 2 100 1 1266 3313 3631 3736
14591 4 2 100 1 2429 2996 2931 3471
14592 4 2 100 1 2480 3264 3038 2290
14593 4 2 100 1 2765 3276 286 3890
14594 4 2 100 1 2113 3540 2491 3627
14595 4 2 100 1 1734 1656 1733 3815
14596 4 2 100 1 2584 3132 2222 3720
14597 4 2 100 1 4093 516 2623 3468
14598 4 2 100 1 2324 3406 3003 3976
14599 4 2 100 1 1162 1449 1519 4063
14600 4 2 100 1 1807 3415 1809 3832
14601 4 2 100 1 1588 1594 1593 4085
14602 4 2 100 1 2108 2842 3347 3546
14603 4 2 100 1 2436 2484 3235 3685
14604 4 2 100 1 2763 3448 1967 4024
14605 4 2 100 1 2103 3363 2556 2550
14606 4 2 100 1 2110 2634 3140 3245
14607 4 2 100 1 3470 3971 2461 3988
14608 4 2 100 1 159 2977 3160 3644
14609 4 2 100 1 2808 3387 2326 3405
14610 4 2 100 1 3750 3225 2620 3848
14611 4 2 100 1 2774 2864 725 3516
14612 4 2 100 1 2193 2792 3131 2327
14613 4 2 100 1 2373 3213 3025 3226
14614 4 2 100 1 1010 2905 1009 3602
14615 4 2 100 1 1186 3368 2715 3990
14616 4 2 100 1 2089 2085 2087 3443
14617 4 2 100 1 2388 3792 3643 3954
14618 4 2 100 1 1336 3103 3502 3582
14619 4 2 100 1 2357 2978 2466 3493
14620 4 2 100 1 971 3604 2830 3748
14621 4 2 100 1 2479 2586 3019 2362
14622 4 2 100 1 2458 2886 3029 2625
14623 4 2 100 1 1336 3502 951 3582
14624 4 2 100 1 2457 3136 2752 2339
14625 4 2 100 1 4093 2623 516 3595
14626 4 2 100 1 2548 2249 2660 3735
14627 4 2 100 1 536 2948 682 3913
14628 4 2 100 1 352 2629 403 3180
14629 4 2 100 1 2313 2551 3167 3749
14630 4 2 100 1 2997 3304 2331 3839
14631 4 2 100 1 629 2959 257 3979
14632 4 2 100 1 2706 2166 3640 3645
14633 4 2 100 1 1045 1344 1494 3361
14634 4 2 100 1 2140 2548 2660 3735
14635 4 2 100 1 2138 2575 3643 4015
14636 4 2 100 1 215 213 214 3503
14637 4 2 100 1 2458 3183 2842 3923
14638 4 2 100 1 2316 3181 3518 2817
14639 4 2 100 1 2545 3603 3297 4113
14640 4 2 100 1 3476 3767 3150 2568
14641 4 2 100 1 2185 2728 3110 3276
14642 4 2 100 1 2166 3421 2947 3749
14643 4 2 100 1 2351 2720 3651 3835
14644 4 2 100 1 1309 3603 3501 1428
14645 4 2 100 1 1139 2472 1490 3432
14646 4 2 100 1 1331 1115 3157 3597
14647 4 2 100 1 1139 2472 3432 3351
14648 4 2 100 1 1830 1847 1846 3883
14649 4 2 100 1 787 1251 790 3470
14650 4 2 100 1 3492 3493 2645 2128
14651 4 2 100 1 2669 3207 2211 3242
14652 4 2 100 1 2115 3256 2697 3632
14653 4 2 100 1 2625 3310 3673 4045
14654 4 2 100 1 1617 3125 1607 3579
14655 4 2 100 1 3938 3431 2733 2831
14656 4 2 100 1 3628 2396 3180 2615
14657 4 2 100 1 2379 2956 2682 2191
14658 4 2 100 1 2904 3751 3063 3974
14659 4 2 100 1 2492 3419 316 3557
14660 4 2 100 1 2196 2868 3206 4068
14661 4 2 100 1 1738 1684 1802 2786
14662 4 2 100 1 2259 2946 3804 3806
14663 4 2 100 1 1562 1560 2573 3878
14664 4 2 100 1 135 3179 3680 3737
14665 4 2 100 1 1572 1573 3094 3811
14666 4 2 100 1 2539 2205 3021 3922
14667 4 2 100 1 2178 3030 2559 3181
14668 4 2 100 1 1591 1572 3095 3609
14669 4 2 100 1 277 2555 284 4037
14670 4 2 100 1 4069 3459 2892 2655
14671 4 2 100 1 3333 3999 2694 3198
14672 4 2 100 1 2153 3459 3264 2250
14673 4 2 100 1 1246 2809 3511 3978
14674 4 2 100 1 4043 3674 2606 2194
14675 4 2 100 1 2894 3933 3398 4033
14676 4 2 100 1 2339 3224 3000 3492
14677 4 2 100 1 2511 2250 2576 3112
14678 4 2 100 1 2244 2138 2683 3954
14679 4 2 100 1 927 3227 2703 3862
14680 4 2 100 1 3832 3415 2176 2869
14681 4 2 100 1 704 519 247 3845
14682 4 2 100 1 2338 3299 2888 3823
14683 4 2 100 1 1744 2786 1680 3810
14684 4 2 100 1 2302 3067 3646 3647
14685 4 2 100 1 2404 2633 3501 3561
14686 4 2 100 1 1189 2897 1038 2902
14687 4 2 100 1 1186 3452 2715 3851
14688 4 2 100 1 2464 2915 2799 3528
14689 4 2 100 1 2267 2841 2614 3619
14690 4 2 100 1 2761 3042 2242 3187
14691 4 2 100 1 2118 3081 3243 3328
14692 4 2 100 1 259 3330 625 262
14693 4 2 100 1 1760 1766 2016 3458
14694 4 2 100 1 2473 3215 1057 3751
14695 4 2 100 1 3448 3970 2156 2735
14696 4 2 100 1 393 2401 3845 3077
14697 4 2 100 1 2207 2524 2717 3934
14698 4 2 100 1 3264 3459 2153 2540
14699 4 2 100 1 2854 3329 2552 3616
14700 4 2 100 1 3681 3552 2409 3993
14701 4 2 100 1 3353 3905 227 2963
14702 4 2 100 1 697 480 481 3712
14703 4 2 100 1 1186 3193 2715 3452
14704 4 2 100 1 1588 1593 3615 4085
14705 4 2 100 1 1855 1853 3374 3565
14706 4 2 100 1 108 1269 733 2769
14707 4 2 100 1 2688 2386 3403 3499
14708 4 2 100 1 2828 2843 2646 3316
14709 4 2 100 1 2498 2179 2963 3624
14710 4 2 100 1 2647 3322 2340 4020
14711 4 2 100 1 2280 2761 3834 3898
14712 4 2 100 1 2321 3189 2499 3497
14713 4 2 100 1 2493 1912 3185 2680
14714 4 2 100 1 197 502 330 3955
14715 4 2 100 1 2395 3366 3015 3469
14716 4 2 100 1 3268 3122 2563 3696
14717 4 2 100 1 2238 3366 2982 3425
14718 4 2 100 1 486 2650 268 4037
14719 4 2 100 1 747 1208 1400 3741
14720 4 2 100 1 3037 2773 1291 1454
14721 4 2 100 1 2239 3495 2698 3888
14722 4 2 100 1 1251 1239 2850 3437
14723 4 2 100 1 1407 1201 741 3063
14724 4 2 100 1 2828 2945 2229 3567
14725 4 2 100 1 497 438 2598 2885
14726 4 2 100 1 3385 3852 3145 2407
14727 4 2 100 1 1872 1725 1711 3263
14728 4 2 100 1 3048 3326 2684 3528
14729 4 2 100 1 3825 3772 2335 2900
14730 4 2 100 1 1734 1733 2750 3815
14731 4 2 100 1 2690 3033 2309 4012
14732 4 2 100 1 929 930 928 3227
14733 4 2 100 1 2541 965 1045 1422
14734 4 2 100 1 47 527 178 3836
14735 4 2 100 1 2686 3291 2122 3856
14736 4 2 100 1 765 2771 3284 3803
14737 4 2 100 1 2760 3300 2607 3612
14738 4 2 100 1 2309 2568 3150 3767
14739 4 2 100 1 2301 3459 2250 2462
14740 4 2 100 1 1288 974 973 3428
14741 4 2 100 1 2868 2471 2325 2932
14742 4 2 100 1 623 3500 555 3697
14743 4 2 100 1 738 1455 1290 3283
14744 4 2 100 1 236 515 517 3824
14745 4 2 100 1 2677 2770 2230 3345
14746 4 2 100 1 2050 97 98 4077
14747 4 2 100 1 2074 1534 1972 4104
14748 4 2 100 1 133 1542 134 2680
14749 4 2 100 1 3025 3625 2373 3622
14750 4 2 100 1 2733 3170 3132 4063
14751 4 2 100 1 96 1927 95 3936
14752 4 2 100 1 132 1912 1527 2493
14753 4 2 100 1 588 199 315 2663
14754 4 2 100 1 2207 2717 2524 3379
14755 4 2 100 1 3097 96 97 1204
14756 4 2 100 1 1392 3668 2855 4034
14757 4 2 100 1 3087 3135 2451 4086
14758 4 2 100 1 241 2557 4073 4076
14759 4 2 100 1 3734 2325 2471 2932
14760 4 2 100 1 2293 3250 2702 2661
14761 4 2 100 1 91 1275 92 2928
14762 4 2 100 1 34 754 35 4082
14763 4 2 100 1 1638 3745 3154 1631
14764 4 2 100 1 1957 1533 2024 3534
14765 4 2 100 1 2423 3429 2935 2563
14766 4 2 100 1 2253 3409 3013 3791
14767 4 2 100 1 457 293 610 3376
14768 4 2 100 1 2372 3425 2601 3562
14769 4 2 100 1 2170 2940 2757 3466
14770 4 2 100 1 2178 3054 2599 3551
14771 4 2 100 1 921 3248 942 2703
14772 4 2 100 1 4112 3786 3347 2920
14773 4 2 100 1 1367 733 2769 3614
14774 4 2 100 1 2282 2694 3472 3999
14775 4 2 100 1 3203 3456 3608 2904
14776 4 2 100 1 1025 1026 1287 3253
14777 4 2 100 1 2547 3296 3177 2976
14778 4 2 100 1 613 4130 162 62
14779 4 2 100 1 2575 3020 3986 3774
14780 4 2 100 1 2276 4062 2949 2366
14781 4 2 100 1 3734 2471 2325 2756
14782 4 2 100 1 2327 3487 2818 4049
14783 4 2 100 1 2171 2641 2974 3255
14784 4 2 100 1 2635 3023 2389 3154
14785 4 2 100 1 2172 2892 2746 3594
14786 4 2 100 1 2743 797 799 800
14787 4 2 100 1 1307 2944 2867 3922
14788 4 2 100 1 2854 3616 2552 4074
14789 4 2 100 1 1927 2908 1525 3936
14790 4 2 100 1 3735 3064 3831 2504
14791 4 2 100 1 744 1271 1234 3335
14792 4 2 100 1 2131 3552 2804 3993
14793 4 2 100 1 3025 3213 2700 3226
14794 4 2 100 1 784 1244 898 3747
14795 4 2 100 1 3819 2374 1914 2784
14796 4 2 100 1 3819 1914 2374 1915
14797 4 2 100 1 2263 3398 2894 3933
14798 4 2 100 1 1140 3354 1172 3975
14799 4 2 100 1 1347 2739 941 3688
14800 4 2 100 1 3384 3550 2589 2210
14801 4 2 100 1 2115 3256 2709 3885
14802 4 2 100 1 877 2932 1445 3174
14803 4 2 100 1 107 3375 2701 3916
14804 4 2 100 1 2124 2950 3409 3490
14805 4 2 100 1 2546 2010 2722 1746
14806 4 2 100 1 2055 1767 1769 3809
14807 4 2 100 1 2989 2123 2281 3478
14808 4 2 100 1 469 566 650 4003
14809 4 2 100 1 838 2568 829 831
14810 4 2 100 1 2209 2554 3858 3862
14811 4 2 100 1 2370 3208 2818 3632
14812 4 2 100 1 1661 1663 1662 3112
14813 4 2 100 1 2434 3434 3172 3942
14814 4 2 100 1 2514 3594 1597 4085
14815 4 2 100 1 2371 3153 2973 4110
14816 4 2 100 1 2134 2653 3124 3297
14817 4 2 100 1 2025 1534 1800 3639
14818 4 2 100 1 1617 1618 1610 2961
14819 4 2 100 1 787 785 786 3470
14820 4 2 100 1 3385 3145 3852 2103
14821 4 2 100 1 1838 1614 2892 4085
14822 4 2 100 1 120 3132 2733 3431
14823 4 2 100 1 2122 3099 3616 3880
14824 4 2 100 1 2241 2780 3270 3874
14825 4 2 100 1 2345 2220 3202 2453
14826 4 2 100 1 1531 2584 1988 3564
14827 4 2 100 1 2257 2534 2795 2992
14828 4 2 100 1 2355 3402 3117 3955
14829 4 2 100 1 2198 3636 3290 3956
14830 4 2 100 1 414 417 416 3538
14831 4 2 100 1 1225 775 2931 3471
14832 4 2 100 1 2397 2695 3401 3960
14833 4 2 100 1 1352 877 1401 3734
14834 4 2 100 1 1110 3226 1399 3622
14835 4 2 100 1 1190 1181 1038 2902
14836 4 2 100 1 4005 2050 98 4077
14837 4 2 100 1 1625 1620 1626 3398
14838 4 2 100 1 3206 3346 3141 2520
14839 4 2 100 1 2546 2010 1746 1673
14840 4 2 100 1 381 3373 504 3489
14841 4 2 100 1 807 2633 810 809
14842 4 2 100 1 1317 1318 910 3285
14843 4 2 100 1 266 3110 2572 4019
14844 4 2 100 1 2925 2141 3646 3647
14845 4 2 100 1 3948 2730 3982 2384
14846 4 2 100 1 1371 3461 1476 3111
14847 4 2 100 1 2128 2466 3634 3795
14848 4 2 100 1 2428 3269 3773 3929
14849 4 2 100 1 1153 2855 3531 3911
14850 4 2 100 1 1841 1679 1843 3760
14851 4 2 100 1 3689 3774 3705 2628
14852 4 2 100 1 2834 1517 3963 3354
14853 4 2 100 1 2038 2701 107 3375
14854 4 2 100 1 2603 2861 2244 3456
14855 4 2 100 1 2101 2730 3000 3072
14856 4 2 100 1 2230 3234 3071 3355
14857 4 2 100 1 3705 3774 3689 2290
14858 4 2 100 1 2270 2519 3155 3521
14859 4 2 100 1 3482 3587 2565 2151
14860 4 2 100 1 1575 1576 1574 3094
14861 4 2 100 1 651 2990 2770 3345
14862 4 2 100 1 2419 3210 2758 2394
14863 4 2 100 1 2978 3492 2339 2128
14864 4 2 100 1 2637 3104 2317 3278
14865 4 2 100 1 3659 2794 3486 2353
14866 4 2 100 1 1243 1242 2831 3938
14867 4 2 100 1 1072 3091 1071 3838
14868 4 2 100 1 3253 952 4034 955
14869 4 2 100 1 2842 3183 3115 3790
14870 4 2 100 1 4061 3414 3182 2662
14871 4 2 100 1 2345 2631 2994 2653
14872 4 2 100 1 250 273 274 3672
14873 4 2 100 1 2024 2647 2012 3901
14874 4 2 100 1 493 548 621 3919
14875 4 2 100 1 1095 1097 1096 3088
14876 4 2 100 1 2508 3784 3348 3864
14877 4 2 100 1 194 588 390 3818
14878 4 2 100 1 2839 3122 2213 3268
14879 4 2 100 1 2747 3218 216 3712
14880 4 2 100 1 2231 3000 3166 3925
14881 4 2 100 1 2195 2853 3251 3804
14882 4 2 100 1 1338 862 863 4086
14883 4 2 100 1 235 3035 238 3917
14884 4 2 100 1 2572 2266 2652 3876
14885 4 2 100 1 2247 3467 2497 3740
14886 4 2 100 1 3630 4076 3731 2376
14887 4 2 100 1 2415 3795 3715 4055
14888 4 2 100 1 2186 3183 2842 3790
14889 4 2 100 1 2152 2421 2880 3926
14890 4 2 100 1 3295 2703 2532 2455
14891 4 2 100 1 1550 1923 81 3292
14892 4 2 100 1 2150 3004 3362 3568
14893 4 2 100 1 2109 2909 2736 3541
14894 4 2 100 1 1109 1091 3733 3966
14895 4 2 100 1 405 458 404 2677
14896 4 2 100 1 4112 3786 2920 2860
14897 4 2 100 1 3099 3710 3616 3880
14898 4 2 100 1 3719 4012 3107 2651
14899 4 2 100 1 1342 1004 1343 2756
14900 4 2 100 1 1596 1838 1593 4085
14901 4 2 100 1 2400 3195 2928 4058
14902 4 2 100 1 2472 2743 3031 3354
14903 4 2 100 1 1923 1865 1554 3621
14904 4 2 100 1 3292 745 1256 81
14905 4 2 100 1 3295 2532 2703 3858
14906 4 2 100 1 2307 2543 3512 3865
14907 4 2 100 1 891 4105 2822 4115
14908 4 2 100 1 2651 3107 3945 4012
14909 4 2 100 1 2122 3151 3329 3380
14910 4 2 100 1 1863 2374 2006 1773
14911 4 2 100 1 1707 1871 1870 2567
14912 4 2 100 1 485 431 348 3713
14913 4 2 100 1 2770 3146 2201 3219
14914 4 2 100 1 2389 3023 2635 3082
14915 4 2 100 1 2810 2149 2304 3611
14916 4 2 100 1 3253 2324 1287 3003
14917 4 2 100 1 2291 2605 2903 3813
14918 4 2 100 1 2406 3824 2744 4017
14919 4 2 100 1 216 3218 2747 3503
14920 4 2 100 1 1068 1053 1234 2596
14921 4 2 100 1 1662 1664 1660 3480
14922 4 2 100 1 2829 3212 2242 4081
14923 4 2 100 1 1528 3177 2071 3504
14924 4 2 100 1 268 2650 486 4019
14925 4 2 100 1 2464 3326 2915 3528
14926 4 2 100 1 2329 2813 2621 3854
14927 4 2 100 1 3253 1287 2324 1026
14928 4 2 100 1 2178 2559 3030 3912
14929 4 2 100 1 3730 4112 3991 2910
14930 4 2 100 1 2936 3037 2247 3467
14931 4 2 100 1 4010 3025 3213 2700
14932 4 2 100 1 837 1280 1054 3980
14933 4 2 100 1 2439 3550 3344 3725
14934 4 2 100 1 2654 2447 3272 3896
14935 4 2 100 1 458 660 2677 3525
14936 4 2 100 1 1402 2953 1130 3533
14937 4 2 100 1 1208 73 1207 3268
14938 4 2 100 1 2468 3522 2663 3818
14939 4 2 100 1 2331 2641 3304 3567
14940 4 2 100 1 749 1393 1430 3761
14941 4 2 100 1 3045 3343 2767 2279
14942 4 2 100 1 1969 1709 1677 3815
14943 4 2 100 1 2582 2104 2788 3137
14944 4 2 100 1 2436 3334 2242 4081
14945 4 2 100 1 2339 3542 2972 2128
14946 4 2 100 1 2386 2304 2149 3403
14947 4 2 100 1 1387 1109 1375 3096
14948 4 2 100 1 1327 970 931 2917
14949 4 2 100 1 2368 3785 3654 2102
14950 4 2 100 1 1610 1607 1617 3125
14951 4 2 100 1 2127 3402 2525 3117
14952 4 2 100 1 1540 1963 3431 4023
14953 4 2 100 1 2192 2772 2794 4035
14954 4 2 100 1 2847 2100 2255 3994
14955 4 2 100 1 2673 3257 3217 3342
14956 4 2 100 1 2569 2298 3313 3736
14957 4 2 100 1 181 2770 565 3280
14958 4 2 100 1 2562 3094 2241 4021
14959 4 2 100 1 2680 1542 134 3737
14960 4 2 100 1 25 1434 26 3941
14961 4 2 100 1 1455 1236 2810 3451
14962 4 2 100 1 25 26 158 3941
14963 4 2 100 1 971 2830 1250 3748
14964 4 2 100 1 2308 3503 2874 3726
14965 4 2 100 1 2386 2304 3403 2893
14966 4 2 100 1 508 2623 3275 510
14967 4 2 100 1 2943 657 2848 666
14968 4 2 100 1 1189 2902 1157 3507
14969 4 2 100 1 2177 2545 3297 4113
14970 4 2 100 1 2995 3243 2742 3331
14971 4 2 100 1 2431 3001 2163 3156
14972 4 2 100 1 3294 3228 3055 2405
14973 4 2 100 1 1647 1646 1648 3626
14974 4 2 100 1 2270 4046 3040 4102
14975 4 2 100 1 108 733 109 3375
14976 4 2 100 1 2535 3086 2422 3839
14977 4 2 100 1 1376 1066 1406 2651
14978 4 2 100 1 1708 1870 1741 3068
14979 4 2 100 1 2742 2995 2451 3598
14980 4 2 100 1 2543 3041 453 3512
14981 4 2 100 1 2889 3394 2364 4005
14982 4 2 100 1 2328 2995 2742 3598
14983 4 2 100 1 1110 3025 3226 3622
14984 4 2 100 1 355 3831 323 356
14985 4 2 100 1 93 1497 2 3280
14986 4 2 100 1 2115 2697 3256 3885
14987 4 2 100 1 1361 1513 1482 3282
14988 4 2 100 1 2775 2371 3625 2184
14989 4 2 100 1 2288 2658 2857 3583
14990 4 2 100 1 491 3159 54 3302
14991 4 2 100 1 2187 3169 2556 3738
14992 4 2 100 1 2252 3069 2993 3579
14993 4 2 100 1 881 1261 3062 3686
14994 4 2 100 1 814 2776 3682 3700
14995 4 2 100 1 2698 3495 2659 3888
14996 4 2 100 1 3946 2644 2685 2160
14997 4 2 100 1 998 2349 1003 3428
14998 4 2 100 1 3766 2049 3372 1849
14999 4 2 100 1 2045 1783 2011 2642
15000 4 2 100 1 2252 2494 2993 3947
15001 4 2 100 1 2696 578 3230 177
15002 4 2 100 1 2560 3052 2402 3569
15003 4 2 100 1 4013 3337 2832 3414
15004 4 2 100 1 2329 2621 2813 3658
15005 4 2 100 1 2403 3511 2809 3978
15006 4 2 100 1 505 379 504 3373
15007 4 2 100 1 2174 3230 2696 3522
15008 4 2 100 1 992 1036 3460 3635
15009 4 2 100 1 2819 424 334 638
15010 4 2 100 1 4013 2832 3337 2368
15011 4 2 100 1 2295 2500 3325 3591
15012 4 2 100 1 1211 3193 2754 3461
15013 4 2 100 1 2024 1984 2647 3534
15014 4 2 100 1 2495 3186 2551 3385
15015 4 2 100 1 3338 3186 3385 2551
15016 4 2 100 1 2291 2605 2866 3771
15017 4 2 100 1 2365 2998 3795 3879
15018 4 2 100 1 1019 976 1303 2434
15019 4 2 100 1 1599 1598 1627 3247
15020 4 2 100 1 1458 1482 1351 3545
15021 4 2 100 1 649 2963 392 636
15022 4 2 100 1 2516 3193 2754 3718
15023 4 2 100 1 2179 2929 2556 3363
15024 4 2 100 1 1954 1955 1740 2476
15025 4 2 100 1 1094 1095 1096 3088
15026 4 2 100 1 2444 3164 2772 3560
15027 4 2 100 1 2276 2803 3502 3582
15028 4 2 100 1 2870 3384 2144 3724
15029 4 2 100 1 2565 3587 2778 4094
15030 4 2 100 1 1112 1236 1138 2810
15031 4 2 100 1 3338 3385 3186 2258
15032 4 2 100 1 2172 2887 3075 3459
15033 4 2 100 1 1548 1797 2038 3375
15034 4 2 100 1 550 557 549 3805
15035 4 2 100 1 2326 3305 3707 3824
15036 4 2 100 1 1028 1111 1026 2324
15037 4 2 100 1 4101 3190 2844 2328
15038 4 2 100 1 2127 3402 3117 2355
15039 4 2 100 1 1956 1640 1632 3265
15040 4 2 100 1 805 806 807 3588
15041 4 2 100 1 1233 2678 788 3971
15042 4 2 100 1 2733 3531 734 3938
15043 4 2 100 1 2798 3017 2243 3642
15044 4 2 100 1 518 2696 637 3305
15045 4 2 100 1 496 3188 3105 3904
15046 4 2 100 1 362 612 324 3001
15047 4 2 100 1 3065 3242 2433 3853
15048 4 2 100 1 1678 2763 2027 3498
15049 4 2 100 1 2475 3140 3702 4049
15050 4 2 100 1 111 112 3527 3761
15051 4 2 100 1 1511 1232 1420 3349
15052 4 2 100 1 1671 2726 1689 3722
15053 4 2 100 1 2347 3303 2513 3530
15054 4 2 100 1 1619 1646 1621 3398
15055 4 2 100 1 3816 3825 3772 2503
15056 4 2 100 1 163 45 44 2988
15057 4 2 100 1 3797 3530 3010 2649
15058 4 2 100 1 2288 2594 3058 2679
15059 4 2 100 1 2172 3594 3755 4069
15060 4 2 100 1 2561 2226 3629 3977
15061 4 2 100 1 2566 3740 2396 3956
15062 4 2 100 1 2649 3530 3303 3797
15063 4 2 100 1 1798 2784 1795 1914
15064 4 2 100 1 2301 2511 3459 2655
15065 4 2 100 1 1012 874 2834 3569
15066 4 2 100 1 1347 2739 3688 3765
15067 4 2 100 1 2467 3787 2872 2355
15068 4 2 100 1 2719 2332 2590 2224
15069 4 2 100 1 3797 3010 3530 2347
15070 4 2 100 1 2209 2617 2883 3576
15071 4 2 100 1 2387 3035 2557 3917
15072 4 2 100 1 2328 3598 3435 3863
15073 4 2 100 1 2162 2991 2975 4046
15074 4 2 100 1 1154 2733 734 1296
15075 4 2 100 1 2190 3214 2719 3702
15076 4 2 100 1 2848 2192 3160 3419
15077 4 2 100 1 446 3194 441 676
15078 4 2 100 1 3190 2570 2328 3081
15079 4 2 100 1 1821 2005 1929 3369
15080 4 2 100 1 2523 2478 3525 3872
15081 4 2 100 1 2558 2411 3592 3920
15082 4 2 100 1 2297 3778 3702 4049
15083 4 2 100 1 1588 1587 2924 3615
15084 4 2 100 1 2343 3401 2695 3866
15085 4 2 100 1 1699 1663 1661 3112
15086 4 2 100 1 3284 3494 2200 3059
15087 4 2 100 1 2156 2763 3448 3788
15088 4 2 100 1 3443 1906 141 142
15089 4 2 100 1 2265 2537 3393 4018
15090 4 2 100 1 2313 3167 2710 3749
15091 4 2 100 1 1134 3282 1363 3417
15092 4 2 100 1 341 3321 342 3898
15093 4 2 100 1 1347 1381 941 2739
15094 4 2 100 1 1135 2690 1082 3945
15095 4 2 100 1 4019 2185 2650 3110
15096 4 2 100 1 2104 2788 3137 3752
15097 4 2 100 1 2926 2251 3046 4109
15098 4 2 100 1 480 2747 216 3712
15099 4 2 100 1 2360 2507 3771 3920
15100 4 2 100 1 35 184 2990 567
15101 4 2 100 1 2745 3477 2755 3821
15102 4 2 100 1 2115 3256 3632 2709
15103 4 2 100 1 1581 3392 1578 1911
15104 4 2 100 1 640 3753 2692 3447
15105 4 2 100 1 780 3471 3034 3812
15106 4 2 100 1 607 674 188 3222
15107 4 2 100 1 2616 3022 2315 3881
15108 4 2 100 1 4119 716 729 57
15109 4 2 100 1 1537 1893 1897 3065
15110 4 2 100 1 446 3194 676 2399
15111 4 2 100 1 1246 2809 3978 1515
15112 4 2 100 1 3476 3591 3150 3742
15113 4 2 100 1 2150 3568 3362 3964
15114 4 2 100 1 1615 1609 3729 4000
15115 4 2 100 1 2199 2569 3362 4042
15116 4 2 100 1 450 3513 2632 359
15117 4 2 100 1 2145 2891 3592 3920
15118 4 2 100 1 4061 3610 2282 3414
15119 4 2 100 1 864 3217 845 3835
15120 4 2 100 1 1162 4063 1519 4084
15121 4 2 100 1 2232 3072 3224 3636
15122 4 2 100 1 1738 1803 1944 3198
15123 4 2 100 1 1441 1137 1470 3389
15124 4 2 100 1 72 1207 73 3268
15125 4 2 100 1 918 916 919 2896
15126 4 2 100 1 2192 2848 2466 3493
15127 4 2 100 1 2227 3035 3006 4065
15128 4 2 100 1 3249 3787 364 3834
15129 4 2 100 1 2174 2696 3230 3387
15130 4 2 100 1 2156 2876 2735 3970
15131 4 2 100 1 2537 2981 3633 4018
15132 4 2 100 1 2156 2876 2667 2965
15133 4 2 100 1 2109 2736 2909 3051
15134 4 2 100 1 1883 1672 1635 3840
15135 4 2 100 1 2706 3640 2166 2947
15136 4 2 100 1 2211 3028 2676 3785
15137 4 2 100 1 2034 1766 1760 3458
15138 4 2 100 1 2190 2388 4056 2800
15139 4 2 100 1 781 779 780 3812
15140 4 2 100 1 3222 3697 3117 4054
15141 4 2 100 1 2201 3219 3146 3967
15142 4 2 100 1 779 782 1229 3812
15143 4 2 100 1 3136 2599 2496 2236
15144 4 2 100 1 2237 3291 2847 3985
15145 4 2 100 1 4112 3786 2860 2337
15146 4 2 100 1 2619 2838 2183 4101
15147 4 2 100 1 1747 1748 3060 3448
15148 4 2 100 1 3959 3727 2357 2766
15149 4 2 100 1 218 217 216 2747
15150 4 2 100 1 2238 2527 3137 3897
15151 4 2 100 1 3725 3550 3649 2439
15152 4 2 100 1 1764 1763 2751 3894
15153 4 2 100 1 2231 3166 2925 3925
15154 4 2 100 1 2196 3205 2851 4098
15155 4 2 100 1 2399 2127 2872 2355
15156 4 2 100 1 1077 2754 1211 3193
15157 4 2 100 1 742 3271 2700 78
15158 4 2 100 1 2297 2950 2955 3702
15159 4 2 100 1 2389 3300 2760 3612
15160 4 2 100 1 2263 3039 3626 3874
15161 4 2 100 1 2325 2868 3589 3993
15162 4 2 100 1 2267 2614 2841 3517
15163 4 2 100 1 1906 4126 3444 1555
15164 4 2 100 1 3389 3453 2309 3767
15165 4 2 100 1 3507 1489 751 1155
15166 4 2 100 1 2039 1540 1922 3078
15167 4 2 100 1 2277 3846 2804 3909
15168 4 2 100 1 2742 3282 2210 3331
15169 4 2 100 1 2569 2298 2488 4107
15170 4 2 100 1 3546 4088 2920 2501
15171 4 2 100 1 2538 2860 3730 4088
15172 4 2 100 1 1160 3803 1379 3949
15173 4 2 100 1 2897 3574 2293 2661
15174 4 2 100 1 2537 2981 2265 3907
15175 4 2 100 1 912 3285 3021 3940
15176 4 2 100 1 1897 3065 2054 3853
15177 4 2 100 1 898 3437 786 3747
15178 4 2 100 1 2780 2241 3661 4021
15179 4 2 100 1 2623 3468 2408 4093
15180 4 2 100 1 3507 751 1489 2443
15181 4 2 100 1 2301 2511 2250 3459
15182 4 2 100 1 416 3538 525 3638
15183 4 2 100 1 1282 1373 1063 2707
15184 4 2 100 1 1691 1764 1763 2751
15185 4 2 100 1 2635 3524 3415 2907
15186 4 2 100 1 679 3073 18 3606
15187 4 2 100 1 2968 3293 2362 3699
15188 4 2 100 1 2115 3400 2697 3885
15189 4 2 100 1 2836 3186 2495 3794
15190 4 2 100 1 3415 3524 2635 2176
15191 4 2 100 1 1193 2936 3037 3395
15192 4 2 100 1 562 477 712 2518
15193 4 2 100 1 2170 2664 3549 3781
15194 4 2 100 1 1119 1466 2687 2639
15195 4 2 100 1 2174 3585 3168 3969
15196 4 2 100 1 2329 2636 3034 3478
15197 4 2 100 1 1302 864 843 2720
15198 4 2 100 1 2711 2469 1409 3590
15199 4 2 100 1 1103 3598 3863 3435
15200 4 2 100 1 344 305 352 3173
15201 4 2 100 1 2272 2389 3612 3300
15202 4 2 100 1 3164 2495 3706 3738
15203 4 2 100 1 3001 3238 658 3717
15204 4 2 100 1 2252 3579 2564 3798
15205 4 2 100 1 774 776 1196 3288
15206 4 2 100 1 910 3940 3285 912
15207 4 2 100 1 2120 2597 2966 3693
15208 4 2 100 1 1305 3922 2539 4097
15209 4 2 100 1 2272 2389 3300 3154
15210 4 2 100 1 156 2823 527 3701
15211 4 2 100 1 2112 3038 2512 4013
15212 4 2 100 1 2533 2159 3328 4095
15213 4 2 100 1 2047 1936 1937 3618
15214 4 2 100 1 2191 3484 2956 3520
15215 4 2 100 1 873 1363 1513 3282
15216 4 2 100 1 259 3330 262 261
15217 4 2 100 1 2277 3552 2804 3846
15218 4 2 100 1 472 473 468 2942
15219 4 2 100 1 1786 2014 2022 3586
15220 4 2 100 1 2431 2934 2140 3899
15221 4 2 100 1 2811 3710 2379 2105
15222 4 2 100 1 531 4124 175 2749
15223 4 2 100 1 697 484 2424 3712
15224 4 2 100 1 2475 3101 3010 3778
15225 4 2 100 1 120 121 1963 3431
15226 4 2 100 1 2134 3297 3124 3886
15227 4 2 100 1 2831 3078 2222 2778
15228 4 2 100 1 2098 2085 2091 2735
15229 4 2 100 1 2615 2357 3727 3830
15230 4 2 100 1 3020 3046 2251 4109
15231 4 2 100 1 3030 3693 3469 3844
15232 4 2 100 1 1956 2643 3265 1623
15233 4 2 100 1 3717 699 658 3001
15234 4 2 100 1 167 2790 564 3694
15235 4 2 100 1 2212 3583 3058 4016
15236 4 2 100 1 1734 2750 1869 3216
15237 4 2 100 1 2250 2737 2657 4053
15238 4 2 100 1 2814 2931 2181 3854
15239 4 2 100 1 1428 1309 1404 3501
15240 4 2 100 1 3333 3999 3198 4046
15241 4 2 100 1 2890 2152 2915 2421
15242 4 2 100 1 4128 491 599 2864
15243 4 2 100 1 2470 2214 2858 2585
15244 4 2 100 1 680 557 3001 3805
15245 4 2 100 1 2222 2584 3721 4023
15246 4 2 100 1 2696 578 177 669
15247 4 2 100 1 2337 2842 3347 3790
15248 4 2 100 1 2718 3067 2280 3716
15249 4 2 100 1 3759 3523 3504 2460
15250 4 2 100 1 2120 2597 3213 4011
15251 4 2 100 1 2060 2694 1546 1919
15252 4 2 100 1 128 3341 3065 3639
15253 4 2 100 1 683 671 582 2895
15254 4 2 100 1 2425 3420 3006 4103
15255 4 2 100 1 3444 2156 2876 3570
15256 4 2 100 1 3768 2469 2275 2740
15257 4 2 100 1 2572 3433 3110 4025
15258 4 2 100 1 4030 2937 2792 2193
15259 4 2 100 1 1796 2079 1799 3259
15260 4 2 100 1 2127 3402 2355 2399
15261 4 2 100 1 2565 2561 3079 2287
15262 4 2 100 1 2431 2140 2934 3496
15263 4 2 100 1 2166 3167 2710 3338
15264 4 2 100 1 1223 2813 1221 3644
15265 4 2 100 1 3476 3767 2568 2206
15266 4 2 100 1 771 2579 3146 4082
15267 4 2 100 1 1894 2567 1871 1707
15268 4 2 100 1 2174 2610 2988 3969
15269 4 2 100 1 2120 3213 2597 3469
15270 4 2 100 1 2107 2912 3239 3776
15271 4 2 100 1 3142 3365 841 3835
15272 4 2 100 1 2413 3611 3349 4010
15273 4 2 100 1 839 1280 3980 4039
15274 4 2 100 1 2640 3416 2956 3520
15275 4 2 100 1 2902 3908 3574 4056
15276 4 2 100 1 2356 2206 3240 3476
15277 4 2 100 1 2670 3288 1011 3475
15278 4 2 100 1 377 3489 378 3114
15279 4 2 100 1 2330 3564 3472 3720
15280 4 2 100 1 1947 2751 1691 3566
15281 4 2 100 1 985 1478 2699 3996
15282 4 2 100 1 878 1281 833 2986
15283 4 2 100 1 1211 2754 1131 3461
15284 4 2 100 1 542 516 574 2623
15285 4 2 100 1 1692 2567 1894 1707
15286 4 2 100 1 26 632 158 3941
15287 4 2 100 1 774 773 775 3441
15288 4 2 100 1 3427 3810 2333 4102
15289 4 2 100 1 527 48 3701 3836
15290 4 2 100 1 2502 3310 3074 3976
15291 4 2 100 1 1342 2490 856 3399
15292 4 2 100 1 3111 3158 753 3797
15293 4 2 100 1 686 2664 1 3915
15294 4 2 100 1 2190 2388 2800 3973
15295 4 2 100 1 1685 2662 1737 3566
15296 4 2 100 1 3974 3456 3063 2904
15297 4 2 100 1 2973 3381 2154 3870
15298 4 2 100 1 1614 3594 2892 4085
15299 4 2 100 1 713 431 485 3713
15300 4 2 100 1 1918 1546 1920 2694
15301 4 2 100 1 2198 3189 3636 3956
15302 4 2 100 1 2813 2943 1223 3335
15303 4 2 100 1 4122 1784 3847 2642
15304 4 2 100 1 2598 602 709 437
15305 4 2 100 1 2669 2832 2368 3654
15306 4 2 100 1 1836 1869 3060 3216
15307 4 2 100 1 1137 1441 1423 3389
15308 4 2 100 1 1198 1118 1336 3103
15309 4 2 100 1 30 657 29 4009
15310 4 2 100 1 2366 2682 2883 3837
15311 4 2 100 1 1976 4005 3252 4077
15312 4 2 100 1 2633 809 812 811
15313 4 2 100 1 841 3142 840 3365
15314 4 2 100 1 2584 3472 3564 3720
15315 4 2 100 1 1331 2851 1332 3597
15316 4 2 100 1 473 468 2942 3160
15317 4 2 100 1 3134 3956 2882 2198
15318 4 2 100 1 508 2623 510 542
15319 4 2 100 1 2201 3058 2658 3739
15320 4 2 100 1 425 2610 681 3904
15321 4 2 100 1 2458 3923 2842 4004
15322 4 2 100 1 2423 2935 3696 2563
15323 4 2 100 1 1391 992 968 3460
15324 4 2 100 1 2366 2644 3837 4062
15325 4 2 100 1 4105 2369 2822 4115
15326 4 2 100 1 1812 1818 1951 3044
15327 4 2 100 1 1938 2763 2076 3788
15328 4 2 100 1 2682 3295 2532 2191
15329 4 2 100 1 865 902 904 2971
15330 4 2 100 1 51 673 50 2708
15331 4 2 100 1 2633 3700 812 2969
15332 4 2 100 1 812 3700 2633 811
15333 4 2 100 1 1644 1625 2894 4038
15334 4 2 100 1 1613 1624 1623 2643
15335 4 2 100 1 2197 2628 3046 3232
15336 4 2 100 1 1168 1420 1232 3349
15337 4 2 100 1 2488 3362 2569 4042
15338 4 2 100 1 793 2725 795 3631
15339 4 2 100 1 1438 873 3135 3282
15340 4 2 100 1 3025 3460 2553 3622
15341 4 2 100 1 2126 3486 2417 3877
15342 4 2 100 1 1282 2707 1063 3802
15343 4 2 100 1 2116 3535 2807 3676
15344 4 2 100 1 3353 227 392 2963
15345 4 2 100 1 259 260 258 3708
15346 4 2 100 1 1962 1626 1620 3398
15347 4 2 100 1 2553 3622 1202 3935
15348 4 2 100 1 2151 2862 2793 3807
15349 4 2 100 1 499 3376 2572 4025
15350 4 2 100 1 2024 3534 2647 3901
15351 4 2 100 1 803 910 802 3285
15352 4 2 100 1 1131 2754 1077 3718
15353 4 2 100 1 2866 1562 1643 1878
15354 4 2 100 1 716 3159 2864 4041
15355 4 2 100 1 3353 392 227 225
15356 4 2 100 1 2842 2337 3347 4112
15357 4 2 100 1 2223 2728 2836 3577
15358 4 2 100 1 1472 1200 1431 3474
15359 4 2 100 1 3471 779 780 777
15360 4 2 100 1 2174 2988 3230 3522
15361 4 2 100 1 1209 1038 2897 4031
15362 4 2 100 1 1848 1981 1851 2760
15363 4 2 100 1 2393 2609 3744 3932
15364 4 2 100 1 2273 3519 2509 3784
15365 4 2 100 1 607 3222 2654 4067
15366 4 2 100 1 1899 2735 1903 3448
15367 4 2 100 1 2348 2862 3115 3183
15368 4 2 100 1 246 3753 244 4080
15369 4 2 100 1 2880 3926 2421 3968
15370 4 2 100 1 2008 1790 2061 2724
15371 4 2 100 1 3805 699 658 556
15372 4 2 100 1 116 2593 735 1323
15373 4 2 100 1 2178 2372 3752 2789
15374 4 2 100 1 1036 1075 991 3460
15375 4 2 100 1 1112 1018 1016 3172
15376 4 2 100 1 1330 2668 1280 4039
15377 4 2 100 1 3103 3178 2639 3454
15378 4 2 100 1 2190 2955 2950 3702
15379 4 2 100 1 4052 2941 3165 2182
15380 4 2 100 1 1433 2725 3432 3975
15381 4 2 100 1 3197 3777 3047 2680
15382 4 2 100 1 2191 3484 3520 3703
15383 4 2 100 1 15 3059 765 3284
15384 4 2 100 1 2078 2584 3132 4023
15385 4 2 100 1 2114 3057 3053 3929
15386 4 2 100 1 3124 3297 2354 3886
15387 4 2 100 1 2436 2484 3096 3949
15388 4 2 100 1 1408 1425 1333 3002
15389 4 2 100 1 1439 3580 2554 3862
15390 4 2 100 1 3805 658 699 3001
15391 4 2 100 1 1236 1112 1455 2810
15392 4 2 100 1 3011 3434 2445 3942
15393 4 2 100 1 2124 2689 3165 3986
15394 4 2 100 1 2237 2811 2454 4030
15395 4 2 100 1 884 3062 1261 3748
15396 4 2 100 1 3551 3056 3318 2559
15397 4 2 100 1 533 3171 3787 233
15398 4 2 100 1 2123 2509 3289 3866
15399 4 2 100 1 705 653 657 3830
15400 4 2 100 1 530 654 338 3951
15401 4 2 100 1 389 361 709 3156
15402 4 2 100 1 4099 1748 1886 1885
15403 4 2 100 1 1309 2944 1307 1384
15404 4 2 100 1 2485 3284 3073 3998
15405 4 2 100 1 1443 1144 1425 3002
15406 4 2 100 1 2154 2538 2863 4088
15407 4 2 100 1 1137 1082 2690 3921
15408 4 2 100 1 2452 3210 2522 3520
15409 4 2 100 1 496 3105 495 3904
15410 4 2 100 1 1946 2753 1836 1526
15411 4 2 100 1 3247 3498 1968 4024
15412 4 2 100 1 1263 1258 743 3070
15413 4 2 100 1 3011 2597 2238 3897
15414 4 2 100 1 1742 1911 3392 3537
15415 4 2 100 1 1895 1787 1896 3859
15416 4 2 100 1 748 1220 1179 3855
15417 4 2 100 1 2234 3171 2467 2355
15418 4 2 100 1 2370 3632 2818 3691
15419 4 2 100 1 1297 939 915 2740
15420 4 2 100 1 2266 3169 2652 3876
15421 4 2 100 1 2507 2462 3075 3294
15422 4 2 100 1 1479 1449 1162 4063
15423 4 2 100 1 1373 977 1146 2707
15424 4 2 100 1 905 891 890 4105
15425 4 2 100 1 2829 2200 3187 3633
15426 4 2 100 1 3593 3613 2212 3413
15427 4 2 100 1 3327 3850 2654 4067
15428 4 2 100 1 221 708 3353 3905
15429 4 2 100 1 282 3672 2934 283
15430 4 2 100 1 525 3538 2447 3638
15431 4 2 100 1 1285 2672 3406 1483
15432 4 2 100 1 727 3159 716 4041
15433 4 2 100 1 2201 3146 2770 3280
15434 4 2 100 1 3551 3318 3056 2101
15435 4 2 100 1 542 2623 574 3656
15436 4 2 100 1 2704 3095 3505 3609
15437 4 2 100 1 2653 3130 2430 3660
15438 4 2 100 1 53 2885 497 3867
15439 4 2 100 1 2557 241 522 235
15440 4 2 100 1 2469 2983 2298 4107
15441 4 2 100 1 2718 3321 2387 3827
15442 4 2 100 1 692 385 636 2963
15443 4 2 100 1 203 3027 202 204
15444 4 2 100 1 2365 2814 2998 3854
15445 4 2 100 1 3119 3896 3538 2447
15446 4 2 100 1 1329 1029 1125 3225
15447 4 2 100 1 1372 770 1497 3779
15448 4 2 100 1 2913 2183 2736 4072
15449 4 2 100 1 3948 3633 2148 3547
15450 4 2 100 1 2317 3434 2602 2434
15451 4 2 100 1 378 381 504 3489
15452 4 2 100 1 51 2708 168 3867
15453 4 2 100 1 4053 3819 2926 2784
15454 4 2 100 1 2169 2684 3048 2699
15455 4 2 100 1 4012 2269 3719 2952
15456 4 2 100 1 1760 1782 2069 3987
15457 4 2 100 1 2479 2586 2362 3699
15458 4 2 100 1 1710 1744 1680 3810
15459 4 2 100 1 2626 2204 3676 3763
15460 4 2 100 1 1242 1150 1052 3382
15461 4 2 100 1 2372 2679 3366 3462
15462 4 2 100 1 528 527 2823 3188
15463 4 2 100 1 1310 2815 1311 2867
15464 4 2 100 1 2185 2836 2728 3577
15465 4 2 100 1 2228 3004 2922 4071
15466 4 2 100 1 363 326 296 3238
15467 4 2 100 1 2673 2180 2971 3653
15468 4 2 100 1 2577 3281 2273 3519
15469 4 2 100 1 1851 1848 2760 3766
15470 4 2 100 1 2116 2853 3018 3804
15471 4 2 100 1 2212 3058 2877 4016
15472 4 2 100 1 1187 1014 1076 3452
15473 4 2 100 1 88 1496 5 4026
15474 4 2 100 1 1202 1238 967 3269
15475 4 2 100 1 3836 178 46 3230
15476 4 2 100 1 2111 3405 2962 2283
15477 4 2 100 1 3079 3121 2693 2561
15478 4 2 100 1 3015 3366 2524 3469
15479 4 2 100 1 2306 2476 3811 4021
15480 4 2 100 1 2720 864 3217 3944
15481 4 2 100 1 873 857 3135 3282
15482 4 2 100 1 1250 1364 1008 3961
15483 4 2 100 1 2818 3061 2327 4049
15484 4 2 100 1 2277 2759 2578 3562
15485 4 2 100 1 2793 3873 3629 2151
15486 4 2 100 1 2070 1657 1721 3060
15487 4 2 100 1 850 849 848 2932
15488 4 2 100 1 515 3595 510 3707
15489 4 2 100 1 203 3027 204 4017
15490 4 2 100 1 3165 2182 2480 4052
15491 4 2 100 1 971 886 884 3748
15492 4 2 100 1 2256 2953 3339 4001
15493 4 2 100 1 676 364 446 3787
15494 4 2 100 1 2277 2601 3455 3425
15495 4 2 100 1 1122 3350 945 3483
15496 4 2 100 1 2410 3440 2844 4064
15497 4 2 100 1 909 3225 1485 1233
15498 4 2 100 1 1826 1856 2723 3023
15499 4 2 100 1 2269 2952 3124 3719
15500 4 2 100 1 659 368 434 3156
15501 4 2 100 1 957 1040 1182 3360
15502 4 2 100 1 1757 1719 1758 3479
15503 4 2 100 1 1615 3729 3684 4000
15504 4 2 100 1 2553 2371 3935 4075
15505 4 2 100 1 257 640 2692 3447
15506 4 2 100 1 2074 2521 3639 4104
15507 4 2 100 1 909 3225 1233 3971
15508 4 2 100 1 1252 785 788 2678
15509 4 2 100 1 2731 2831 2271 3587
15510 4 2 100 1 159 32 2977 3644
15511 4 2 100 1 758 1161 1235 2683
15512 4 2 100 1 2103 2652 3363 3728
15513 4 2 100 1 2122 3151 2522 3484
15514 4 2 100 1 1339 897 1444 3603
15515 4 2 100 1 3430 3071 2223 3536
15516 4 2 100 1 2234 2467 3027 4044
15517 4 2 100 1 767 1493 1411 3667
15518 4 2 100 1 2147 3555 3019 2341
15519 4 2 100 1 2306 2476 2583 3609
15520 4 2 100 1 2609 3491 2852 3932
15521 4 2 100 1 2108 2987 3673 2229
15522 4 2 100 1 2866 1562 1878 3559
15523 4 2 100 1 3841 3931 2073 2536
15524 4 2 100 1 2256 3317 3196 4001
15525 4 2 100 1 116 117 1546 3596
15526 4 2 100 1 1309 2944 1384 3501
15527 4 2 100 1 982 2886 3100 3906
15528 4 2 100 1 476 475 477 3383
15529 4 2 100 1 2591 3390 1941 3480
15530 4 2 100 1 2642 3847 2090 3970
15531 4 2 100 1 3049 3527 112 3761
15532 4 2 100 1 992 1037 1036 3635
15533 4 2 100 1 2788 3192 2178 4028
15534 4 2 100 1 998 1003 973 3428
15535 4 2 100 1 1400 2775 3741 1208
15536 4 2 100 1 2261 2909 3007 3192
15537 4 2 100 1 3345 458 405 2677
15538 4 2 100 1 1424 1214 1484 2906
15539 4 2 100 1 3345 405 458 459
15540 4 2 100 1 3177 3523 3504 2493
15541 4 2 100 1 418 2970 3695 160
15542 4 2 100 1 2131 3993 3589 4068
15543 4 2 100 1 2310 2608 3275 3919
15544 4 2 100 1 225 545 226 3244
15545 4 2 100 1 172 73 74 3268
15546 4 2 100 1 1416 1169 762 3966
15547 4 2 100 1 2852 3491 2331 3981
15548 4 2 100 1 2629 3233 2557 4073
15549 4 2 100 1 1744 1970 1803 3711
15550 4 2 100 1 2412 3174 2690 3389
15551 4 2 100 1 2293 2734 3250 2661
15552 4 2 100 1 2788 2178 3181 3752
15553 4 2 100 1 1942 1568 1982 3894
15554 4 2 100 1 216 2747 217 3503
15555 4 2 100 1 571 597 409 2845
15556 4 2 100 1 1200 1199 1198 3178
15557 4 2 100 1 1271 1068 3335 3704
15558 4 2 100 1 3153 3269 2296 3332
15559 4 2 100 1 1625 1626 1644 2894
15560 4 2 100 1 3717 699 3001 612
15561 4 2 100 1 3697 4054 2790 2525
15562 4 2 100 1 647 228 598 2674
15563 4 2 100 1 993 3153 999 4110
15564 4 2 100 1 4108 2199 3066 3900
15565 4 2 100 1 4091 3653 2971 2413
15566 4 2 100 1 979 985 2699 3802
15567 4 2 100 1 2790 4054 3697 2336
15568 4 2 100 1 3471 779 777 2738
15569 4 2 100 1 3320 3327 2225 4054
15570 4 2 100 1 3444 2156 3570 2642
15571 4 2 100 1 468 467 314 2942
15572 4 2 100 1 4109 3683 2926 2251
15573 4 2 100 1 2264 2514 3615 4069
15574 4 2 100 1 959 1001 958 4002
15575 4 2 100 1 675 399 3175 3800
15576 4 2 100 1 1363 3282 1362 3417
15577 4 2 100 1 1667 1666 1665 2957
15578 4 2 100 1 2327 3140 2634 3245
15579 4 2 100 1 2356 2515 3240 3686
15580 4 2 100 1 2960 2986 2356 3476
15581 4 2 100 1 2753 3448 1748 4099
15582 4 2 100 1 4016 2367 2508 2871
15583 4 2 100 1 4016 2508 2367 2877
15584 4 2 100 1 2200 3059 3235 4081
15585 4 2 100 1 291 292 298 2785
15586 4 2 100 1 2292 2499 3180 3628
15587 4 2 100 1 1884 2068 3412 3840
15588 4 2 100 1 279 280 272 3110
15589 4 2 100 1 258 260 595 3708
15590 4 2 100 1 1913 3016 3185 2680
15591 4 2 100 1 245 246 244 4080
15592 4 2 100 1 1812 1810 1811 3832
15593 4 2 100 1 2572 2266 3330 4019
15594 4 2 100 1 2622 2940 2300 3423
15595 4 2 100 1 2612 3475 3288 3864
15596 4 2 100 1 2218 2604 3083 3714
15597 4 2 100 1 2724 2939 2427 3987
15598 4 2 100 1 4074 2854 2532 2158
15599 4 2 100 1 1771 2727 2039 3102
15600 4 2 100 1 2985 3142 836 3980
15601 4 2 100 1 2139 2478 3429 3563
15602 4 2 100 1 2308 2283 2874 2408
15603 4 2 100 1 2458 2906 3100 3923
15604 4 2 100 1 2594 2935 2288 3429
15605 4 2 100 1 446 577 336 3402
15606 4 2 100 1 2103 2550 3145 3426
15607 4 2 100 1 1107 3851 2809 3991
15608 4 2 100 1 2818 3061 2297 3488
15609 4 2 100 1 1836 1869 1721 3060
15610 4 2 100 1 1295 2672 1483 2324
15611 4 2 100 1 862 859 860 3135
15612 4 2 100 1 2607 3300 2272 3612
15613 4 2 100 1 1585 3422 1583 3615
15614 4 2 100 1 1864 1972 1866 3565
15615 4 2 100 1 1765 1761 1771 3746
15616 4 2 100 1 810 1340 811 3700
15617 4 2 100 1 2328 3435 2570 3863
15618 4 2 100 1 2311 3276 3167 3890
15619 4 2 100 1 2074 1972 2056 2521
15620 4 2 100 1 509 508 507 3275
15621 4 2 100 1 4071 2922 3089 3004
15622 4 2 100 1 2190 2955 2590 4015
15623 4 2 100 1 218 480 229 3006
15624 4 2 100 1 2304 3611 2966 4011
15625 4 2 100 1 2677 2523 3175 3536
15626 4 2 100 1 2502 3074 3671 3976
15627 4 2 100 1 2113 3554 2648 3968
15628 4 2 100 1 4071 3089 2922 2117
15629 4 2 100 1 2727 3431 2222 4023
15630 4 2 100 1 2351 3342 3257 3939
15631 4 2 100 1 2161 2858 2214 2585
15632 4 2 100 1 2645 2286 3163 3308
15633 4 2 100 1 1498 824 1316 2826
15634 4 2 100 1 2551 3186 2495 4057
15635 4 2 100 1 2677 2523 3536 3234
15636 4 2 100 1 3269 3460 2428 3961
15637 4 2 100 1 2398 3351 1240 3432
15638 4 2 100 1 2381 3160 2977 3634
15639 4 2 100 1 3730 3991 4112 2860
15640 4 2 100 1 2808 3701 639 3836
15641 4 2 100 1 2677 2230 2770 3234
15642 4 2 100 1 215 3503 2874 3762
15643 4 2 100 1 962 3203 3008 3892
15644 4 2 100 1 810 3483 1340 3700
15645 4 2 100 1 1603 3069 3594 3798
15646 4 2 100 1 3249 3321 2280 3898
15647 4 2 100 1 3194 2127 3042 2399
15648 4 2 100 1 1810 1809 1811 3832
15649 4 2 100 1 2925 3166 2384 3925
15650 4 2 100 1 1226 3100 2879 3906
15651 4 2 100 1 2206 3767 3139 3871
15652 4 2 100 1 522 3233 367 4073
15653 4 2 100 1 3292 3825 2335 3843
15654 4 2 100 1 2222 3132 2733 3152
15655 4 2 100 1 2284 3068 2722 3759
15656 4 2 100 1 1965 1686 1945 2564
15657 4 2 100 1 511 517 515 3707
15658 4 2 100 1 2229 2641 3316 3567
15659 4 2 100 1 2831 2733 2222 3431
15660 4 2 100 1 2182 2712 3165 3689
15661 4 2 100 1 2317 3104 3670 4098
15662 4 2 100 1 3194 3042 2127 2242
15663 4 2 100 1 1092 2637 3404 3733
15664 4 2 100 1 2661 3508 2474 4032
15665 4 2 100 1 827 828 829 3325
15666 4 2 100 1 1186 2715 3193 3990
15667 4 2 100 1 2108 3673 3266 3115
15668 4 2 100 1 1670 1682 1971 3055
15669 4 2 100 1 3266 3673 2108 2987
15670 4 2 100 1 2252 2993 2494 3125
15671 4 2 100 1 1406 2651 1066 3945
15672 4 2 100 1 2355 2923 3421 2234
15673 4 2 100 1 2512 3038 2368 4013
15674 4 2 100 1 2240 3298 3730 4088
15675 4 2 100 1 822 823 821 3548
15676 4 2 100 1 400 411 593 3669
15677 4 2 100 1 2181 2998 2814 3854
15678 4 2 100 1 2534 3187 3042 3948
15679 4 2 100 1 3384 3663 2745 3821
15680 4 2 100 1 2515 2143 3748 3780
15681 4 2 100 1 2139 3355 2531 3536
15682 4 2 100 1 2403 3126 2809 3511
15683 4 2 100 1 1068 3605 1053 2596
15684 4 2 100 1 3215 3751 2346 3916
15685 4 2 100 1 2122 3291 3637 3880
15686 4 2 100 1 91 3111 2928 3989
15687 4 2 100 1 1717 1761 1765 3746
15688 4 2 100 1 2174 3168 2610 3969
15689 4 2 100 1 2631 4059 2983 4071
15690 4 2 100 1 2851 2434 3597 3893
15691 4 2 100 1 76 558 186 3623
15692 4 2 100 1 228 598 2674 4017
15693 4 2 100 1 2389 3082 2635 3191
15694 4 2 100 1 3672 3496 251 273
15695 4 2 100 1 2698 3240 3888 4070
15696 4 2 100 1 1205 1148 752 2767
15697 4 2 100 1 624 454 498 3180
15698 4 2 100 1 424 334 423 3675
15699 4 2 100 1 2557 3138 2227 3814
15700 4 2 100 1 2509 3519 3401 3558
15701 4 2 100 1 704 707 443 3672
15702 4 2 100 1 918 920 1366 4007
15703 4 2 100 1 310 359 2873 3513
15704 4 2 100 1 2681 2913 2169 4072
15705 4 2 100 1 2260 3151 2522 3856
15706 4 2 100 1 2130 3235 2888 3685
15707 4 2 100 1 182 2802 452 3334
15708 4 2 100 1 3379 3460 2428 3269
15709 4 2 100 1 2398 3014 3996 2699
15710 4 2 100 1 473 2848 666 3160
15711 4 2 100 1 2180 2717 3011 3653
15712 4 2 100 1 2081 1905 2015 3570
15713 4 2 100 1 1583 3422 3211 3615
15714 4 2 100 1 1921 1906 2876 3444
15715 4 2 100 1 2495 2266 2836 3794
15716 4 2 100 1 2533 3424 2262 4095
15717 4 2 100 1 2272 2607 3265 3300
15718 4 2 100 1 724 2749 718 4041
15719 4 2 100 1 1719 3364 1758 3479
15720 4 2 100 1 2488 3446 3109 4042
15721 4 2 100 1 2232 3007 2665 3690
15722 4 2 100 1 273 251 3672 250
15723 4 2 100 1 2465 3298 2538 3332
15724 4 2 100 1 2938 3858 3576 2209
15725 4 2 100 1 2575 3020 2267 3986
15726 4 2 100 1 2350 2924 2564 4022
15727 4 2 100 1 3302 3899 2885 2483
15728 4 2 100 1 1358 3325 1459 3367
15729 4 2 100 1 346 3249 343 2467
15730 4 2 100 1 2395 3469 3015 3844
15731 4 2 100 1 3132 3170 2330 3564
15732 4 2 100 1 310 614 359 3513
15733 4 2 100 1 2105 2843 3128 3837
15734 4 2 100 1 2419 3614 3091 3826
15735 4 2 100 1 907 963 964 2973
15736 4 2 100 1 2210 2995 2742 3331
15737 4 2 100 1 1008 1364 3378 3961
15738 4 2 100 1 2158 2983 2671 3768
15739 4 2 100 1 1061 1012 874 2834
15740 4 2 100 1 1242 1051 2731 3382
15741 4 2 100 1 1815 3044 1812 3832
15742 4 2 100 1 1605 1606 1604 3069
15743 4 2 100 1 627 167 448 3334
15744 4 2 100 1 1809 2916 1832 3832
15745 4 2 100 1 3059 4081 3334 2436
15746 4 2 100 1 2515 2143 3240 4070
15747 4 2 100 1 2222 3431 3132 4023
15748 4 2 100 1 1747 3448 3060 4024
15749 4 2 100 1 1965 1686 2564 3579
15750 4 2 100 1 1597 3594 2514 3798
15751 4 2 100 1 2907 3729 1622 3745
15752 4 2 100 1 3129 2496 3541 4028
15753 4 2 100 1 2400 3195 3515 2279
15754 4 2 100 1 1239 1240 792 3432
15755 4 2 100 1 2239 2997 2796 3888
15756 4 2 100 1 3350 1388 3052 3483
15757 4 2 100 1 1813 2916 3782 4096
15758 4 2 100 1 2200 2829 3187 4081
15759 4 2 100 1 2099 3281 3184 3359
15760 4 2 100 1 2130 2884 3212 3499
15761 4 2 100 1 713 632 2615 3941
15762 4 2 100 1 2787 3196 2256 3317
15763 4 2 100 1 3918 3868 3720 3152
15764 4 2 100 1 2544 3088 2303 3417
15765 4 2 100 1 2468 3421 2947 3817
15766 4 2 100 1 2552 2158 2671 3768
15767 4 2 100 1 1843 1861 2059 3228
15768 4 2 100 1 425 2610 424 3675
15769 4 2 100 1 3672 3496 273 2934
15770 4 2 100 1 1444 3603 897 3842
15771 4 2 100 1 1858 1614 1857 2892
15772 4 2 100 1 255 3708 256 258
15773 4 2 100 1 3237 3245 2475 3487
15774 4 2 100 1 2525 3117 3697 4054
15775 4 2 100 1 2168 3771 3148 3920
15776 4 2 100 1 2389 3023 2791 3883
15777 4 2 100 1 2745 3384 2248 3663
15778 4 2 100 1 1135 3361 2690 3945
15779 4 2 100 1 2354 2545 3113 3889
15780 4 2 100 1 2000 1751 1783 2964
15781 4 2 100 1 33 4003 3887 34
15782 4 2 100 1 1624 3586 2643 4060
15783 4 2 100 1 366 357 3077 3762
15784 4 2 100 1 743 100 1382 3875
15785 4 2 100 1 2292 2629 3646 3731
15786 4 2 100 1 3268 2563 3122 2213
15787 4 2 100 1 2200 3187 2802 4081
15788 4 2 100 1 2219 3601 2778 4106
15789 4 2 100 1 2465 3748 2143 3780
15790 4 2 100 1 277 3407 2555 4037
15791 4 2 100 1 800 801 799 3900
15792 4 2 100 1 2436 3235 3059 4081
15793 4 2 100 1 2922 3526 2228 4071
15794 4 2 100 1 2547 2958 2168 2976
15795 4 2 100 1 2189 3076 2929 2550
15796 4 2 100 1 3182 3556 2662 3566
15797 4 2 100 1 410 412 411 3669
15798 4 2 100 1 2859 2280 3067 3829
15799 4 2 100 1 1582 3211 3422 3822
15800 4 2 100 1 1023 1024 3507 3657
15801 4 2 100 1 2524 3379 3053 3625
15802 4 2 100 1 1177 3667 3475 1411
15803 4 2 100 1 2956 3520 2522 3985
15804 4 2 100 1 2238 2878 3137 3425
15805 4 2 100 1 2502 2369 2822 4105
15806 4 2 100 1 176 3500 623 4067
15807 4 2 100 1 1519 4063 3170 4084
15808 4 2 100 1 2608 2708 3373 3919
15809 4 2 100 1 2547 3296 2274 3952
15810 4 2 100 1 1937 3133 1703 3618
15811 4 2 100 1 2288 2857 2658 3779
15812 4 2 100 1 2228 2922 3004 2827
15813 4 2 100 1 2729 3711 3527 4046
15814 4 2 100 1 2245 3185 3016 2680
15815 4 2 100 1 338 2660 654 670
15816 4 2 100 1 2837 2854 3307 4007
15817 4 2 100 1 2455 2854 2896 2532
15818 4 2 100 1 1849 1931 2049 3372
15819 4 2 100 1 1820 3517 2614 3764
15820 4 2 100 1 1479 4063 1162 4084
15821 4 2 100 1 1106 1227 1457 3816
15822 4 2 100 1 1136 1362 2742 3435
15823 4 2 100 1 1959 1597 1594 3798
15824 4 2 100 1 2548 3672 251 250
15825 4 2 100 1 2134 3124 2833 3886
15826 4 2 100 1 2770 3234 3219 3563
15827 4 2 100 1 1362 3417 2742 3435
15828 4 2 100 1 2451 3135 2742 4086
15829 4 2 100 1 1670 2581 1680 3055
15830 4 2 100 1 1921 1792 3444 3570
15831 4 2 100 1 358 2873 359 3783
15832 4 2 100 1 2752 2998 2621 3879
15833 4 2 100 1 1738 1844 1695 3610
15834 4 2 100 1 1934 1837 1838 2655
15835 4 2 100 1 3351 3432 3386 2472
15836 4 2 100 1 2356 2206 3476 2986
15837 4 2 100 1 2984 2418 3430 3910
15838 4 2 100 1 2194 2941 2600 2370
15839 4 2 100 1 852 1004 854 3399
15840 4 2 100 1 2916 2352 3782 4096
15841 4 2 100 1 2249 3064 3539 3831
15842 4 2 100 1 163 193 194 3818
15843 4 2 100 1 27 26 2766 3941
15844 4 2 100 1 1466 1300 2687 3617
15845 4 2 100 1 2834 1517 3354 1374
15846 4 2 100 1 2007 2080 1772 3450
15847 4 2 100 1 966 2541 965 3350
15848 4 2 100 1 3386 3432 3351 2398
15849 4 2 100 1 1148 1463 3396 3828
15850 4 2 100 1 843 864 845 3835
15851 4 2 100 1 1168 3349 2700 3635
15852 4 2 100 1 248 247 3753 3845
15853 4 2 100 1 2336 3327 2795 4054
15854 4 2 100 1 1011 1174 1173 2670
15855 4 2 100 1 2169 3386 3048 3528
15856 4 2 100 1 887 3298 892 3662
15857 4 2 100 1 2669 2846 2375 3555
15858 4 2 100 1 1979 1920 1988 3479
15859 4 2 100 1 3053 3379 2553 3625
15860 4 2 100 1 2405 3228 3760 3294
15861 4 2 100 1 2478 2139 3234 3563
15862 4 2 100 1 3106 2341 3019 3891
15863 4 2 100 1 2630 3096 2338 3966
15864 4 2 100 1 796 793 1433 2725
15865 4 2 100 1 2331 3793 2796 3839
15866 4 2 100 1 739 2766 1434 3395
15867 4 2 100 1 2824 2929 2308 3861
15868 4 2 100 1 2188 3162 2859 2387
15869 4 2 100 1 414 416 415 2797
15870 4 2 100 1 2219 3079 3687 3918
15871 4 2 100 1 810 3483 2633 4092
15872 4 2 100 1 1544 1864 1866 3924
15873 4 2 100 1 2535 2422 3304 3839
15874 4 2 100 1 2415 3146 3219 3967
15875 4 2 100 1 2090 4134 2083 2093
15876 4 2 100 1 2475 3702 3101 3778
15877 4 2 100 1 434 3159 191 2749
15878 4 2 100 1 2632 2873 3783 359
15879 4 2 100 1 1720 1702 1887 3133
15880 4 2 100 1 27 2766 3727 3941
15881 4 2 100 1 1114 1113 2953 3357
15882 4 2 100 1 1092 1091 2637 3733
15883 4 2 100 1 2773 2936 2566 3467
15884 4 2 100 1 39 188 40 3896
15885 4 2 100 1 2488 4042 2569 4107
15886 4 2 100 1 2293 3507 2902 3657
15887 4 2 100 1 3601 4094 2219 2778
15888 4 2 100 1 3844 3122 2622 2120
15889 4 2 100 1 84 3368 2968 3511
15890 4 2 100 1 495 424 425 2610
15891 4 2 100 1 3506 3018 2549 3698
15892 4 2 100 1 385 614 581 3513
15893 4 2 100 1 1355 1158 1356 3666
15894 4 2 100 1 2468 2947 3421 3749
15895 4 2 100 1 2272 2389 3154 3191
15896 4 2 100 1 2299 2571 3528 3048
15897 4 2 100 1 2192 2899 2772 3860
15898 4 2 100 1 3333 3596 2694 2330
15899 4 2 100 1 2605 3813 2866 3878
15900 4 2 100 1 2318 3701 2808 3836
15901 4 2 100 1 2117 2983 4059 4071
15902 4 2 100 1 346 3787 634 364
15903 4 2 100 1 1114 2953 1113 1130
15904 4 2 100 1 3144 19 561 20
15905 4 2 100 1 3261 3671 3074 3976
15906 4 2 100 1 2270 3450 3040 3527
15907 4 2 100 1 3517 3983 2614 3764
15908 4 2 100 1 2321 3000 3497 3925
15909 4 2 100 1 404 458 660 2677
15910 4 2 100 1 2220 3567 2828 4014
15911 4 2 100 1 2109 2232 2909 3541
15912 4 2 100 1 3805 3238 2163 2774
15913 4 2 100 1 387 2710 401 3641
15914 4 2 100 1 1315 3474 1465 3862
15915 4 2 100 1 2319 3475 3127 3864
15916 4 2 100 1 3838 1072 1108 1079
15917 4 2 100 1 2561 3629 2287 2151
15918 4 2 100 1 2044 1554 1865 3621
15919 4 2 100 1 1400 2775 1208 1451
15920 4 2 100 1 2367 3080 2789 3012
15921 4 2 100 1 2371 3045 2973 3381
15922 4 2 100 1 2234 2467 3246 2355
15923 4 2 100 1 673 50 2708 3928
15924 4 2 100 1 2127 3042 2872 3829
15925 4 2 100 1 2343 3281 3184 3401
15926 4 2 100 1 2220 2631 3286 3526
15927 4 2 100 1 654 3539 2660 3951
15928 4 2 100 1 781 3747 2777 3812
15929 4 2 100 1 3578 2619 2438 4095
15930 4 2 100 1 1119 1459 1295 3367
15931 4 2 100 1 2255 3079 2693 3317
15932 4 2 100 1 2576 2251 3442 3683
15933 4 2 100 1 3454 3502 3103 2276
15934 4 2 100 1 2668 3257 2235 3939
15935 4 2 100 1 2037 3016 1541 3679
15936 4 2 100 1 2898 103 3937 3792
15937 4 2 100 1 3533 2953 1113 3357
15938 4 2 100 1 3533 1113 2953 1130
15939 4 2 100 1 2185 3110 2765 3276
15940 4 2 100 1 1098 1394 3088 3796
15941 4 2 100 1 1556 3078 123 3769
15942 4 2 100 1 2045 1539 2072 2642
15943 4 2 100 1 2068 1883 1628 3840
15944 4 2 100 1 51 50 493 2708
15945 4 2 100 1 932 3688 2574 3765
15946 4 2 100 1 443 444 366 3077
15947 4 2 100 1 2443 3097 2914 3101
15948 4 2 100 1 3203 3608 3456 2603
15949 4 2 100 1 4056 4031 2902 3070
15950 4 2 100 1 3757 2150 2299 2827
15951 4 2 100 1 3334 14 13 559
15952 4 2 100 1 2122 3329 3151 3484
15953 4 2 100 1 2433 2903 2489 3207
15954 4 2 100 1 1664 2957 1666 3480
15955 4 2 100 1 1941 1841 1839 2591
15956 4 2 100 1 1486 1509 1126 3575
15957 4 2 100 1 2232 3732 2599 2339
15958 4 2 100 1 2859 2872 2280 3829
15959 4 2 100 1 2264 2887 2613 4069
15960 4 2 100 1 2231 3497 2925 3509
15961 4 2 100 1 2356 2206 2986 3686
15962 4 2 100 1 2768 3028 3555 3785
15963 4 2 100 1 2872 3042 2280 3829
15964 4 2 100 1 1797 1795 1794 2784
15965 4 2 100 1 1982 1763 1764 3894
15966 4 2 100 1 2674 3027 2467 4044
15967 4 2 100 1 2579 2181 3593 3967
15968 4 2 100 1 3923 3825 2503 3256
15969 4 2 100 1 3290 3636 2497 3956
15970 4 2 100 1 112 113 3527 4050
15971 4 2 100 1 2362 3372 2968 3766
15972 4 2 100 1 2842 2458 4004 4112
15973 4 2 100 1 2007 3450 1772 3810
15974 4 2 100 1 3334 13 14 2436
15975 4 2 100 1 75 747 1247 2839
15976 4 2 100 1 1624 2643 1613 4060
15977 4 2 100 1 2522 3520 3484 3703
15978 4 2 100 1 345 3630 583 4076
15979 4 2 100 1 2439 2248 3649 2980
15980 4 2 100 1 2351 3142 3139 3939
15981 4 2 100 1 2231 2899 3497 3509
15982 4 2 100 1 2667 2965 2385 2359
15983 4 2 100 1 3950 2159 2438 3026
15984 4 2 100 1 2235 3257 2673 3342
15985 4 2 100 1 2352 2635 3023 3082
15986 4 2 100 1 2423 3696 3268 2563
15987 4 2 100 1 1903 2735 1898 4099
15988 4 2 100 1 2183 3290 2497 3467
15989 4 2 100 1 2325 3174 2932 3734
15990 4 2 100 1 2432 3416 2739 3575
15991 4 2 100 1 2444 2772 3323 3560
15992 4 2 100 1 2396 3180 2615 3941
15993 4 2 100 1 1818 1816 1936 3044
15994 4 2 100 1 2439 2248 2980 3666
15995 4 2 100 1 494 279 350 2728
15996 4 2 100 1 2931 3034 2329 4114
15997 4 2 100 1 746 2771 1421 1440
15998 4 2 100 1 746 2771 1440 3677
15999 4 2 100 1 1379 3803 3059 3949
16000 4 2 100 1 3228 1682 1691 2751
16001 4 2 100 1 1841 2591 3095 3822
16002 4 2 100 1 2740 2896 2539 4097
16003 4 2 100 1 2196 2919 3206 3903
16004 4 2 100 1 1525 2908 1927 4096
16005 4 2 100 1 3874 3537 3123 2350
16006 4 2 100 1 2535 3309 2356 3476
16007 4 2 100 1 182 15 2802 3059
16008 4 2 100 1 2123 2989 2695 3652
16009 4 2 100 1 1204 1411 1489 3667
16010 4 2 100 1 2586 3565 1854 3621
16011 4 2 100 1 2281 2695 2989 3314
16012 4 2 100 1 136 135 3179 3680
16013 4 2 100 1 2670 3413 2579 3441
16014 4 2 100 1 2852 2331 2997 3981
16015 4 2 100 1 3861 3244 3199 2543
16016 4 2 100 1 268 265 264 4019
16017 4 2 100 1 1631 1638 2020 3154
16018 4 2 100 1 898 899 786 3437
16019 4 2 100 1 2182 3024 2512 2368
16020 4 2 100 1 2667 2156 2964 3570
16021 4 2 100 1 3894 3505 3609 2704
16022 4 2 100 1 2687 3367 1119 2639
16023 4 2 100 1 2659 2235 2143 3773
16024 4 2 100 1 2379 3616 3710 3880
16025 4 2 100 1 2608 2310 3275 4090
16026 4 2 100 1 2538 3730 3298 4088
16027 4 2 100 1 1127 3190 2570 3863
16028 4 2 100 1 1195 1087 1273 3456
16029 4 2 100 1 1195 1273 3063 3456
16030 4 2 100 1 1938 2076 1902 3788
16031 4 2 100 1 2223 2836 2611 3577
16032 4 2 100 1 979 2699 3665 3802
16033 4 2 100 1 1019 2434 1332 4078
16034 4 2 100 1 3015 3625 2524 2184
16035 4 2 100 1 3228 1691 1682 1745
16036 4 2 100 1 2361 3477 2745 3821
16037 4 2 100 1 791 789 790 3988
16038 4 2 100 1 4003 33 569 566
16039 4 2 100 1 2162 2593 3333 2330
16040 4 2 100 1 2442 2917 3474 2209
16041 4 2 100 1 276 300 275 3496
16042 4 2 100 1 196 197 198 2923
16043 4 2 100 1 2650 3407 268 4037
16044 4 2 100 1 2675 2409 3206 3552
16045 4 2 100 1 1769 1770 1932 3809
16046 4 2 100 1 200 3027 202 3930
16047 4 2 100 1 1021 1113 1065 3357
16048 4 2 100 1 2321 3000 2730 3072
16049 4 2 100 1 2139 2984 2523 3536
16050 4 2 100 1 3183 3977 3790 2186
16051 4 2 100 1 1654 2724 3815 2529
16052 4 2 100 1 323 321 552 3831
16053 4 2 100 1 1687 1998 3458 3537
16054 4 2 100 1 1431 2917 1327 3474
16055 4 2 100 1 3948 3633 3547 2534
16056 4 2 100 1 3953 3781 3549 2622
16057 4 2 100 1 4076 3731 2376 3814
16058 4 2 100 1 2130 3212 2884 3411
16059 4 2 100 1 2383 3791 3311 4008
16060 4 2 100 1 2202 3127 2881 3237
16061 4 2 100 1 204 2674 3027 523
16062 4 2 100 1 88 1545 2001 3895
16063 4 2 100 1 2265 3393 3144 3606
16064 4 2 100 1 1245 109 733 3614
16065 4 2 100 1 1540 2039 1867 2727
16066 4 2 100 1 2175 3260 2737 3337
16067 4 2 100 1 196 2923 198 3599
16068 4 2 100 1 2230 4055 2587 3163
16069 4 2 100 1 2212 2658 3058 3583
16070 4 2 100 1 1086 1262 1088 2861
16071 4 2 100 1 2567 2426 3068 4038
16072 4 2 100 1 2128 3163 2645 3542
16073 4 2 100 1 2173 3348 3784 3864
16074 4 2 100 1 584 220 3420 4103
16075 4 2 100 1 2015 2667 1957 3901
16076 4 2 100 1 2790 3194 2242 3334
16077 4 2 100 1 3282 3331 2742 3417
16078 4 2 100 1 2168 2958 2573 2558
16079 4 2 100 1 1402 1480 1124 4006
16080 4 2 100 1 2212 2877 3058 3593
16081 4 2 100 1 182 15 645 2802
16082 4 2 100 1 352 3180 485 3713
16083 4 2 100 1 2419 3049 3521 2394
16084 4 2 100 1 2526 3307 2342 2854
16085 4 2 100 1 2886 3310 2369 2625
16086 4 2 100 1 2746 2869 2377 3223
16087 4 2 100 1 2739 3416 2320 3575
16088 4 2 100 1 2579 3413 2670 3613
16089 4 2 100 1 1433 796 2725 3975
16090 4 2 100 1 2122 2522 3291 3484
16091 4 2 100 1 2099 3084 2578 3359
16092 4 2 100 1 2380 3079 3868 3918
16093 4 2 100 1 186 75 76 3623
16094 4 2 100 1 2420 3637 2748 3880
16095 4 2 100 1 610 2819 3376 4025
16096 4 2 100 1 2288 3343 2679 3583
16097 4 2 100 1 2589 2835 3554 4048
16098 4 2 100 1 3550 4048 2155 3725
16099 4 2 100 1 2281 3314 2850 4051
16100 4 2 100 1 2243 3281 2577 3519
16101 4 2 100 1 2187 3164 3706 3738
16102 4 2 100 1 4003 569 33 2977
16103 4 2 100 1 463 635 471 3345
16104 4 2 100 1 1598 1628 1627 3247
16105 4 2 100 1 1209 2897 957 3360
16106 4 2 100 1 991 3269 968 3460
16107 4 2 100 1 2900 2901 2440 3772
16108 4 2 100 1 980 1033 1034 2773
16109 4 2 100 1 2136 3210 2918 3521
16110 4 2 100 1 2716 2512 3231 3418
16111 4 2 100 1 2644 3261 2685 2949
16112 4 2 100 1 315 2663 199 3930
16113 4 2 100 1 1602 3069 1604 4000
16114 4 2 100 1 4118 728 3805 717
16115 4 2 100 1 2266 2495 3169 3706
16116 4 2 100 1 3356 3996 3014 2699
16117 4 2 100 1 3066 3285 2569 4042
16118 4 2 100 1 2706 419 502 3955
16119 4 2 100 1 3878 1558 2958 1877
16120 4 2 100 1 1522 1794 2055 3176
16121 4 2 100 1 2129 3466 3161 3910
16122 4 2 100 1 2129 3161 3430 3910
16123 4 2 100 1 2362 3674 3106 3891
16124 4 2 100 1 534 371 404 3175
16125 4 2 100 1 2624 3196 3317 4001
16126 4 2 100 1 110 1980 2741 3450
16127 4 2 100 1 2542 2179 3336 3876
16128 4 2 100 1 2542 3241 2179 3876
16129 4 2 100 1 3878 1558 1877 1561
16130 4 2 100 1 2508 3348 3289 2996
16131 4 2 100 1 839 3980 3142 4039
16132 4 2 100 1 1121 3349 1168 3635
16133 4 2 100 1 1247 747 1399 3741
16134 4 2 100 1 889 887 888 3332
16135 4 2 100 1 2359 3247 2726 2135
16136 4 2 100 1 662 503 186 3093
16137 4 2 100 1 1924 114 1529 2729
16138 4 2 100 1 3825 1227 1217 2503
16139 4 2 100 1 2196 3903 3205 4098
16140 4 2 100 1 1317 1384 1318 2944
16141 4 2 100 1 1877 1561 1713 3878
16142 4 2 100 1 2445 3449 3434 3893
16143 4 2 100 1 2275 2620 3008 3590
16144 4 2 100 1 2164 3250 2734 2661
16145 4 2 100 1 479 3697 3222 4067
16146 4 2 100 1 294 2806 270 293
16147 4 2 100 1 2544 3331 3282 3417
16148 4 2 100 1 2370 3488 2712 3789
16149 4 2 100 1 493 524 548 3919
16150 4 2 100 1 2396 2882 3743 3956
16151 4 2 100 1 1691 1763 1745 3228
16152 4 2 100 1 1798 2784 1914 2374
16153 4 2 100 1 2589 2314 3141 3554
16154 4 2 100 1 2971 3172 2413 3942
16155 4 2 100 1 639 2808 157 3701
16156 4 2 100 1 2868 3589 3993 4068
16157 4 2 100 1 1081 3278 1359 3966
16158 4 2 100 1 482 3218 208 2967
16159 4 2 100 1 2445 3434 2919 3893
16160 4 2 100 1 3805 4041 2163 2749
16161 4 2 100 1 2317 3278 3104 4078
16162 4 2 100 1 3594 1614 1857 1601
16163 4 2 100 1 2260 2522 3210 3856
16164 4 2 100 1 596 2948 380 3489
16165 4 2 100 1 2877 3413 2181 3593
16166 4 2 100 1 231 3420 229 4065
16167 4 2 100 1 1637 1675 1630 2939
16168 4 2 100 1 455 221 584 3905
16169 4 2 100 1 2337 3126 2715 3851
16170 4 2 100 1 46 526 45 3230
16171 4 2 100 1 3489 375 374 376
16172 4 2 100 1 345 3173 3630 4076
16173 4 2 100 1 3220 3997 4044 2406
16174 4 2 100 1 3047 3197 3737 2567
16175 4 2 100 1 274 283 707 3672
16176 4 2 100 1 1653 1676 1916 2529
16177 4 2 100 1 2292 2615 3180 3713
16178 4 2 100 1 102 1258 758 3792
16179 4 2 100 1 2738 2612 2293 3507
16180 4 2 100 1 2963 3041 2543 3861
16181 4 2 100 1 27 3727 632 3941
16182 4 2 100 1 331 577 237 3402
16183 4 2 100 1 3456 1272 1273 2904
16184 4 2 100 1 2583 3505 2891 3776
16185 4 2 100 1 2122 3616 3484 3880
16186 4 2 100 1 3470 786 1251 3437
16187 4 2 100 1 1888 1951 2075 2869
16188 4 2 100 1 94 2649 1500 1203
16189 4 2 100 1 2222 2584 3720 3721
16190 4 2 100 1 2296 2659 2143 3773
16191 4 2 100 1 370 2718 477 3695
16192 4 2 100 1 2828 2453 2220 4014
16193 4 2 100 1 2507 2462 3294 3337
16194 4 2 100 1 1333 3002 1085 3481
16195 4 2 100 1 2310 2962 3324 3405
16196 4 2 100 1 400 3050 372 3800
16197 4 2 100 1 295 638 391 2819
16198 4 2 100 1 1177 3667 1411 1493
16199 4 2 100 1 396 335 478 3697
16200 4 2 100 1 2459 2239 3871 2997
16201 4 2 100 1 2281 3314 4051 4111
16202 4 2 100 1 2895 3035 2424 2188
16203 4 2 100 1 2943 3335 2691 4009
16204 4 2 100 1 595 318 427 3869
16205 4 2 100 1 1189 1157 1024 3507
16206 4 2 100 1 2834 1517 1374 1061
16207 4 2 100 1 1231 1110 3025 3226
16208 4 2 100 1 2754 3193 2195 3461
16209 4 2 100 1 2729 2162 3333 4046
16210 4 2 100 1 2564 3039 2350 4022
16211 4 2 100 1 2692 3199 2401 4080
16212 4 2 100 1 824 821 823 3090
16213 4 2 100 1 2353 2555 3486 3659
16214 4 2 100 1 2760 2791 2389 3106
16215 4 2 100 1 979 3665 2699 3884
16216 4 2 100 1 2280 3249 2821 3321
16217 4 2 100 1 4016 2530 2106 3058
16218 4 2 100 1 2995 3243 2438 2619
16219 4 2 100 1 2520 3206 2919 3903
16220 4 2 100 1 1040 1252 1233 3408
16221 4 2 100 1 2838 3007 2232 3690
16222 4 2 100 1 158 3180 3941 713
16223 4 2 100 1 2128 3715 2998 3795
16224 4 2 100 1 3153 3332 2296 3870
16225 4 2 100 1 160 702 563 2970
16226 4 2 100 1 3759 3523 2460 2722
16227 4 2 100 1 1813 3252 2916 4096
16228 4 2 100 1 1279 1277 3590 3655
16229 4 2 100 1 3183 3977 2186 2862
16230 4 2 100 1 1905 1921 1551 3570
16231 4 2 100 1 2107 3592 2912 3776
16232 4 2 100 1 2134 2911 3446 3561
16233 4 2 100 1 2560 3569 2402 3962
16234 4 2 100 1 2738 2293 2612 2173
16235 4 2 100 1 2275 3258 2711 2469
16236 4 2 100 1 2679 3366 3462 2184
16237 4 2 100 1 2844 3277 2183 3473
16238 4 2 100 1 1151 3531 3382 3938
16239 4 2 100 1 1774 1869 1734 2750
16240 4 2 100 1 2704 3505 3095 3760
16241 4 2 100 1 1804 1622 2907 3729
16242 4 2 100 1 2699 3351 985 3996
16243 4 2 100 1 2665 3181 3551 2817
16244 4 2 100 1 2579 2181 3413 3593
16245 4 2 100 1 78 2664 686 3271
16246 4 2 100 1 2623 3468 574 3656
16247 4 2 100 1 3533 4006 2394 4050
16248 4 2 100 1 2145 2887 2301 3075
16249 4 2 100 1 2355 3402 3171 3787
16250 4 2 100 1 719 721 732 3516
16251 4 2 100 1 681 2610 425 3675
16252 4 2 100 1 1808 2916 1809 3415
16253 4 2 100 1 494 3050 593 3276
16254 4 2 100 1 190 558 77 3271
16255 4 2 100 1 2401 3753 2692 4080
16256 4 2 100 1 2772 2899 2231 3509
16257 4 2 100 1 2099 2578 3315 3359
16258 4 2 100 1 1434 25 760 2936
16259 4 2 100 1 3428 3906 2502 4105
16260 4 2 100 1 4105 2369 4115 2886
16261 4 2 100 1 2847 2100 2748 2693
16262 4 2 100 1 1742 3392 2840 3537
16263 4 2 100 1 336 331 335 3402
16264 4 2 100 1 985 995 979 3884
16265 4 2 100 1 2186 3126 2697 3790
16266 4 2 100 1 525 3640 2447 3896
16267 4 2 100 1 252 249 245 4080
16268 4 2 100 1 1366 2837 3307 4007
16269 4 2 100 1 3414 3566 2786 2175
16270 4 2 100 1 1331 1332 1115 3597
16271 4 2 100 1 477 2518 562 3695
16272 4 2 100 1 2275 3008 2620 3319
16273 4 2 100 1 282 3672 283 274
16274 4 2 100 1 592 505 508 3656
16275 4 2 100 1 2974 3255 2641 3506
16276 4 2 100 1 394 428 3041 3336
16277 4 2 100 1 376 380 378 3489
16278 4 2 100 1 2214 3616 3099 3710
16279 4 2 100 1 2653 2393 3124 3660
16280 4 2 100 1 2233 3255 2974 3506
16281 4 2 100 1 2092 3847 2753 3970
16282 4 2 100 1 2771 3073 1421 3284
16283 4 2 100 1 841 3142 3835 4039
16284 4 2 100 1 487 645 165 2802
16285 4 2 100 1 1826 1856 2064 2723
16286 4 2 100 1 2923 3171 198 3599
16287 4 2 100 1 3097 96 1204 2914
16288 4 2 100 1 106 107 2701 3916
16289 4 2 100 1 3766 1990 2968 1536
16290 4 2 100 1 1212 1047 1049 2910
16291 4 2 100 1 2486 2251 3176 3809
16292 4 2 100 1 1053 3410 2596 3605
16293 4 2 100 1 3040 2333 3810 4102
16294 4 2 100 1 3953 2120 3423 2622
16295 4 2 100 1 2133 3487 2946 3010
16296 4 2 100 1 86 1405 768 3990
16297 4 2 100 1 2718 3383 2518 2148
16298 4 2 100 1 2280 3834 3249 3898
16299 4 2 100 1 3116 2673 2180 3342
16300 4 2 100 1 1533 1904 139 3534
16301 4 2 100 1 1848 1847 1981 2760
16302 4 2 100 1 2129 3430 2611 2311
16303 4 2 100 1 1602 3069 2746 3594
16304 4 2 100 1 3350 1388 3483 1122
16305 4 2 100 1 2112 3155 4053 4102
16306 4 2 100 1 2304 2149 2810 3451
16307 4 2 100 1 2710 3262 401 3641
16308 4 2 100 1 2397 3358 3089 3568
16309 4 2 100 1 765 2771 1421 3284
16310 4 2 100 1 1913 3016 2021 3185
16311 4 2 100 1 647 587 671 3849
16312 4 2 100 1 1980 109 110 2741
16313 4 2 100 1 2338 2602 3283 3966
16314 4 2 100 1 3825 1217 1227 1228
16315 4 2 100 1 3545 1350 1436 3104
16316 4 2 100 1 1699 3112 1661 2655
16317 4 2 100 1 2170 2884 2940 3953
16318 4 2 100 1 3717 273 2934 282
16319 4 2 100 1 1306 1307 2867 3922
16320 4 2 100 1 2595 3221 2127 2258
16321 4 2 100 1 1011 772 774 3441
16322 4 2 100 1 2242 3187 2829 4081
16323 4 2 100 1 1099 3417 1362 3435
16324 4 2 100 1 1612 3729 1609 4060
16325 4 2 100 1 2555 3204 2785 3706
16326 4 2 100 1 3626 3874 3458 2427
16327 4 2 100 1 2049 2791 3372 4043
16328 4 2 100 1 2220 2732 2453 3526
16329 4 2 100 1 732 4135 3516 4121
16330 4 2 100 1 1316 2826 824 3584
16331 4 2 100 1 2232 2665 3072 3690
16332 4 2 100 1 2117 3089 3258 2298
16333 4 2 100 1 2229 3316 2828 3567
16334 4 2 100 1 110 111 1524 3761
16335 4 2 100 1 200 3599 3027 3930
16336 4 2 100 1 2124 3165 2712 3573
16337 4 2 100 1 3119 558 590 190
16338 4 2 100 1 2100 3488 3061 3691
16339 4 2 100 1 1259 1260 1478 3356
16340 4 2 100 1 238 3035 235 4065
16341 4 2 100 1 2186 2842 3183 3923
16342 4 2 100 1 413 414 415 2797
16343 4 2 100 1 2533 3494 3328 2159
16344 4 2 100 1 3918 3720 3868 2380
16345 4 2 100 1 1746 2022 2014 3586
16346 4 2 100 1 2320 2953 2758 3339
16347 4 2 100 1 1279 3590 2469 3655
16348 4 2 100 1 806 4092 3588 4108
16349 4 2 100 1 12 1375 13 3949
16350 4 2 100 1 2757 2225 3320 3327
16351 4 2 100 1 2579 2201 3146 3967
16352 4 2 100 1 2331 3304 3793 3839
16353 4 2 100 1 2288 3058 2658 3583
16354 4 2 100 1 2156 3448 2735 3788
16355 4 2 100 1 2114 2759 2982 3462
16356 4 2 100 1 2909 3463 2736 3541
16357 4 2 100 1 2538 3332 3153 3870
16358 4 2 100 1 3730 3029 2910 1212
16359 4 2 100 1 2120 3469 2597 3693
16360 4 2 100 1 2272 3524 2907 3881
16361 4 2 100 1 1807 2869 3415 3832
16362 4 2 100 1 369 655 677 3188
16363 4 2 100 1 927 2703 1346 3862
16364 4 2 100 1 2485 3073 3606 4018
16365 4 2 100 1 1211 1077 1131 2754
16366 4 2 100 1 1237 1228 756 3825
16367 4 2 100 1 253 2692 249 4080
16368 4 2 100 1 2128 3715 3795 4055
16369 4 2 100 1 2419 3521 3210 2394
16370 4 2 100 1 892 3298 3029 3662
16371 4 2 100 1 2168 2558 2891 3920
16372 4 2 100 1 2672 3406 1483 2324
16373 4 2 100 1 3824 517 601 3305
16374 4 2 100 1 3545 1436 1350 1458
16375 4 2 100 1 3120 3661 2476 3902
16376 4 2 100 1 3976 2949 3261 3671
16377 4 2 100 1 1408 1116 1385 2837
16378 4 2 100 1 2468 2988 3262 3969
16379 4 2 100 1 2472 4051 2725 3432
16380 4 2 100 1 2570 3435 1102 3863
16381 4 2 100 1 3692 1953 1658 4024
16382 4 2 100 1 2183 2838 3290 4101
16383 4 2 100 1 3875 1929 1523 3369
16384 4 2 100 1 3553 3179 3972 2567
16385 4 2 100 1 2170 2940 3466 3953
16386 4 2 100 1 1201 106 105 3600
16387 4 2 100 1 1177 753 1502 3989
16388 4 2 100 1 2291 2832 2489 3207
16389 4 2 100 1 2635 3154 2389 3191
16390 4 2 100 1 1829 1828 1827 3023
16391 4 2 100 1 2980 3052 2402 3649
16392 4 2 100 1 2943 3644 2466 3879
16393 4 2 100 1 2291 3148 2605 3771
16394 4 2 100 1 1040 900 1252 3408
16395 4 2 100 1 515 510 511 3707
16396 4 2 100 1 271 3110 266 4019
16397 4 2 100 1 3875 1523 1929 100
16398 4 2 100 1 2734 2293 3250 2173
16399 4 2 100 1 3000 3492 3224 3497
16400 4 2 100 1 3843 2901 1237 2900
16401 4 2 100 1 2261 3192 3007 3578
16402 4 2 100 1 603 543 312 3436
16403 4 2 100 1 2478 3739 3280 3779
16404 4 2 100 1 807 2633 809 3588
16405 4 2 100 1 3349 3635 1121 4091
16406 4 2 100 1 3165 3573 2290 3689
16407 4 2 100 1 182 452 661 3334
16408 4 2 100 1 3843 1237 2901 79
16409 4 2 100 1 765 3284 3059 3803
16410 4 2 100 1 2436 3096 2484 3685
16411 4 2 100 1 2092 2090 3847 3970
16412 4 2 100 1 1186 1405 750 3368
16413 4 2 100 1 4010 3025 2700 3635
16414 4 2 100 1 2519 3085 2628 3994
16415 4 2 100 1 2513 3303 2383 3530
16416 4 2 100 1 2213 2563 3122 2622
16417 4 2 100 1 3328 2159 3243 4095
16418 4 2 100 1 2841 2898 2267 3517
16419 4 2 100 1 2561 3632 3121 3691
16420 4 2 100 1 2371 3381 2973 3870
16421 4 2 100 1 2734 2881 2293 2173
16422 4 2 100 1 2139 2587 3234 3563
16423 4 2 100 1 1813 1832 2916 3252
16424 4 2 100 1 1298 815 3113 817
16425 4 2 100 1 3033 3801 2952 4012
16426 4 2 100 1 129 3341 128 3639
16427 4 2 100 1 1553 1898 1899 2735
16428 4 2 100 1 2029 1786 3586 3859
16429 4 2 100 1 781 784 2777 3747
16430 4 2 100 1 2761 2802 2485 3187
16431 4 2 100 1 2977 3795 2415 4055
16432 4 2 100 1 3199 2283 2308 2408
16433 4 2 100 1 3287 3627 2421 3757
16434 4 2 100 1 2160 3454 2617 4062
16435 4 2 100 1 304 3468 213 3762
16436 4 2 100 1 1227 1106 1226 2879
16437 4 2 100 1 1508 3360 1429 3445
16438 4 2 100 1 2192 2849 3493 3860
16439 4 2 100 1 1861 1971 2059 3228
16440 4 2 100 1 2884 3499 3403 3850
16441 4 2 100 1 1130 1402 1114 2953
16442 4 2 100 1 2186 2697 3256 3977
16443 4 2 100 1 2263 3626 3398 3933
16444 4 2 100 1 1842 1572 1574 3095
16445 4 2 100 1 1320 3453 901 3921
16446 4 2 100 1 549 175 65 4136
16447 4 2 100 1 2252 2613 3022 3755
16448 4 2 100 1 2622 3466 2940 3953
16449 4 2 100 1 3287 2782 3109 2491
16450 4 2 100 1 1667 2957 1665 3514
16451 4 2 100 1 3891 2370 2194 2600
16452 4 2 100 1 1604 3069 1606 4000
16453 4 2 100 1 73 1208 74 3268
16454 4 2 100 1 2343 3401 3184 2827
16455 4 2 100 1 2195 2853 2549 3786
16456 4 2 100 1 2186 2842 3923 4004
16457 4 2 100 1 2015 1905 1957 2667
16458 4 2 100 1 2147 2521 3028 4047
16459 4 2 100 1 3333 3999 4046 2162
16460 4 2 100 1 3287 3109 2782 2228
16461 4 2 100 1 3844 3122 2120 3015
16462 4 2 100 1 1645 1692 1644 2894
16463 4 2 100 1 754 2814 773 3441
16464 4 2 100 1 2378 3911 2271 3083
16465 4 2 100 1 2832 3337 2368 3654
16466 4 2 100 1 2527 3181 3030 3752
16467 4 2 100 1 3436 3468 4090 3656
16468 4 2 100 1 3719 4012 2952 2167
16469 4 2 100 1 909 789 1264 3971
16470 4 2 100 1 3537 1581 2562 3211
16471 4 2 100 1 3025 3460 1036 3635
16472 4 2 100 1 1002 1009 2905 4040
16473 4 2 100 1 2245 3185 2573 3273
16474 4 2 100 1 1835 1987 1814 2635
16475 4 2 100 1 3812 4083 3408 2702
16476 4 2 100 1 2366 3837 2883 4062
16477 4 2 100 1 1301 810 807 4092
16478 4 2 100 1 1106 2879 1227 3816
16479 4 2 100 1 2209 3227 3295 3370
16480 4 2 100 1 2127 3194 3402 2399
16481 4 2 100 1 871 875 2755 3477
16482 4 2 100 1 2217 3601 3377 4089
16483 4 2 100 1 398 608 586 3539
16484 4 2 100 1 2676 3028 2211 3952
16485 4 2 100 1 663 703 519 3845
16486 4 2 100 1 2261 3465 2788 3578
16487 4 2 100 1 2072 4134 1539 1952
16488 4 2 100 1 2982 2878 2277 3846
16489 4 2 100 1 1336 951 1335 3582
16490 4 2 100 1 2447 3538 525 3896
16491 4 2 100 1 2632 2873 359 3513
16492 4 2 100 1 2641 3316 2987 2229
16493 4 2 100 1 228 483 482 2967
16494 4 2 100 1 2740 2469 2275 3655
16495 4 2 100 1 2194 2618 2941 2370
16496 4 2 100 1 112 3527 3049 4050
16497 4 2 100 1 2664 2304 3549 2700
16498 4 2 100 1 2072 4134 1952 3444
16499 4 2 100 1 2117 2983 2671 4059
16500 4 2 100 1 2193 3266 2792 2327
16501 4 2 100 1 2246 3661 3120 3902
16502 4 2 100 1 2749 4124 3159 191
16503 4 2 100 1 1059 3052 1388 4092
16504 4 2 100 1 1999 1907 1901 3443
16505 4 2 100 1 2157 2978 2752 3879
16506 4 2 100 1 2147 3028 2768 4047
16507 4 2 100 1 3108 3828 1205 2767
16508 4 2 100 1 1886 4138 1526 2753
16509 4 2 100 1 1063 2707 3351 3802
16510 4 2 100 1 229 3420 3006 4065
16511 4 2 100 1 1252 788 1233 2678
16512 4 2 100 1 2919 3434 2317 3893
16513 4 2 100 1 1977 1650 1859 3374
16514 4 2 100 1 114 766 1322 4050
16515 4 2 100 1 571 2523 2845 675
16516 4 2 100 1 1952 4134 1539 145
16517 4 2 100 1 969 1327 929 3227
16518 4 2 100 1 1548 1914 1797 2784
16519 4 2 100 1 3408 956 782 2702
16520 4 2 100 1 3408 782 956 900
16521 4 2 100 1 2144 3440 2619 3463
16522 4 2 100 1 1131 1132 1448 3396
16523 4 2 100 1 3954 4056 4015 2388
16524 4 2 100 1 3148 3771 2507 3920
16525 4 2 100 1 2326 3220 3036 3387
16526 4 2 100 1 908 869 871 2755
16527 4 2 100 1 1017 1081 1435 2602
16528 4 2 100 1 2524 3469 2238 3934
16529 4 2 100 1 1895 2426 3859 1896
16530 4 2 100 1 293 328 294 3105
16531 4 2 100 1 2809 1484 3978 1515
16532 4 2 100 1 2570 2265 3677 3998
16533 4 2 100 1 2814 2998 2181 3967
16534 4 2 100 1 2373 3009 2775 3741
16535 4 2 100 1 2269 3130 3090 2545
16536 4 2 100 1 2863 3057 2154 3927
16537 4 2 100 1 2316 2559 3423 3693
16538 4 2 100 1 2295 3325 2568 3591
16539 4 2 100 1 2333 3711 3198 4046
16540 4 2 100 1 1672 1689 1671 2726
16541 4 2 100 1 2008 2724 2529 3987
16542 4 2 100 1 2020 1996 1829 3300
16543 4 2 100 1 2898 103 3792 102
16544 4 2 100 1 834 1197 1199 3178
16545 4 2 100 1 1895 2426 1896 1625
16546 4 2 100 1 2674 421 523 598
16547 4 2 100 1 209 3218 210 4093
16548 4 2 100 1 2942 3160 2192 3419
16549 4 2 100 1 2307 2542 3241 3865
16550 4 2 100 1 2313 2656 3168 2551
16551 4 2 100 1 985 1044 1478 3996
16552 4 2 100 1 2982 2277 2878 3425
16553 4 2 100 1 726 2749 724 3805
16554 4 2 100 1 2241 3094 2562 3392
16555 4 2 100 1 2561 2151 2565 4094
16556 4 2 100 1 2781 3637 2686 2224
16557 4 2 100 1 2383 3311 2513 3530
16558 4 2 100 1 1719 3746 3364 2489
16559 4 2 100 1 3094 3392 2241 3412
16560 4 2 100 1 2138 3046 3020 3774
16561 4 2 100 1 795 793 796 2725
16562 4 2 100 1 3079 3121 2561 2219
16563 4 2 100 1 2632 242 538 449
16564 4 2 100 1 2691 3312 2247 3543
16565 4 2 100 1 2389 2791 2760 3883
16566 4 2 100 1 1680 1681 1670 3055
16567 4 2 100 1 1364 3378 2830 3604
16568 4 2 100 1 3557 3560 2353 2785
16569 4 2 100 1 1826 3782 1825 1823
16570 4 2 100 1 2667 2876 2156 3570
16571 4 2 100 1 2555 3486 3659 4037
16572 4 2 100 1 2586 3019 2147 2358
16573 4 2 100 1 1218 982 905 2886
16574 4 2 100 1 114 2729 113 4050
16575 4 2 100 1 45 2988 163 3522
16576 4 2 100 1 2262 2533 3200 3424
16577 4 2 100 1 3364 3746 1719 1716
16578 4 2 100 1 2501 2233 2549 3506
16579 4 2 100 1 637 2696 669 3522
16580 4 2 100 1 1694 1692 1645 3972
16581 4 2 100 1 963 993 964 2973
16582 4 2 100 1 2998 3593 2181 3967
16583 4 2 100 1 1741 1781 1780 3759
16584 4 2 100 1 2742 3135 2210 3282
16585 4 2 100 1 2238 2524 3366 3469
16586 4 2 100 1 2419 3210 3091 3838
16587 4 2 100 1 2185 3433 2652 2551
16588 4 2 100 1 90 1371 3111 3797
16589 4 2 100 1 1172 797 2743 800
16590 4 2 100 1 1889 2075 2746 3684
16591 4 2 100 1 2165 2528 3261 3571
16592 4 2 100 1 2513 3461 3193 3990
16593 4 2 100 1 2234 3246 2467 4044
16594 4 2 100 1 2401 3077 3620 3845
16595 4 2 100 1 2206 3240 2698 4070
16596 4 2 100 1 1696 2036 1737 2662
16597 4 2 100 1 3792 2683 1262 758
16598 4 2 100 1 298 314 291 3557
16599 4 2 100 1 950 3569 2560 4108
16600 4 2 100 1 207 622 576 2744
16601 4 2 100 1 2189 2967 3712 3997
16602 4 2 100 1 2860 3452 1191 3991
16603 4 2 100 1 128 3639 3065 4104
16604 4 2 100 1 2478 3234 2770 3563
16605 4 2 100 1 3913 4135 3516 2774
16606 4 2 100 1 16 645 15 3284
16607 4 2 100 1 2303 3494 3088 2159
16608 4 2 100 1 2012 2024 1762 2647
16609 4 2 100 1 3792 1262 2683 2861
16610 4 2 100 1 891 905 906 4105
16611 4 2 100 1 1687 3458 1723 4022
16612 4 2 100 1 99 1382 100 2800
16613 4 2 100 1 2699 3665 2681 4072
16614 4 2 100 1 1124 1324 2758 1084
16615 4 2 100 1 2597 3611 3011 4010
16616 4 2 100 1 1271 1456 2691 4009
16617 4 2 100 1 878 2986 837 3686
16618 4 2 100 1 2746 1889 3684 4000
16619 4 2 100 1 2859 2821 2387 2280
16620 4 2 100 1 2246 3679 3680 3737
16621 4 2 100 1 722 723 719 2774
16622 4 2 100 1 3736 3964 3975 2743
16623 4 2 100 1 1124 2758 1324 2953
16624 4 2 100 1 3161 3466 2392 3910
16625 4 2 100 1 885 886 887 3662
16626 4 2 100 1 2131 3651 2675 4068
16627 4 2 100 1 346 342 343 3249
16628 4 2 100 1 2132 3492 2978 3493
16629 4 2 100 1 2736 3463 2464 3541
16630 4 2 100 1 3481 2758 1324 1084
16631 4 2 100 1 3470 1251 786 787
16632 4 2 100 1 2788 3578 3465 3950
16633 4 2 100 1 864 2720 1302 3944
16634 4 2 100 1 3045 3343 2279 3381
16635 4 2 100 1 713 485 3180 3713
16636 4 2 100 1 2753 2156 3060 3448
16637 4 2 100 1 2415 3887 2977 4003
16638 4 2 100 1 2269 3124 2952 3660
16639 4 2 100 1 2105 2828 2453 3202
16640 4 2 100 1 2541 3107 2776 3572
16641 4 2 100 1 1679 2591 1941 3480
16642 4 2 100 1 2326 3707 3595 3824
16643 4 2 100 1 1391 2428 3378 2825
16644 4 2 100 1 3050 3175 372 3800
16645 4 2 100 1 2379 2956 3484 3880
16646 4 2 100 1 388 3238 363 435
16647 4 2 100 1 3108 3429 2423 3872
16648 4 2 100 1 2123 2509 3866 3960
16649 4 2 100 1 2527 2597 3693 2966
16650 4 2 100 1 759 3451 7 3754
16651 4 2 100 1 2402 3236 2875 3962
16652 4 2 100 1 3184 3281 2343 3359
16653 4 2 100 1 3337 3654 2832 3182
16654 4 2 100 1 207 2744 576 3824
16655 4 2 100 1 2649 2202 3158 3667
16656 4 2 100 1 2138 3643 3954 4015
16657 4 2 100 1 3481 1324 2758 2953
16658 4 2 100 1 1945 2564 2066 4022
16659 4 2 100 1 3142 3939 4039 2668
16660 4 2 100 1 2307 3241 2824 3865
16661 4 2 100 1 84 2968 83 3511
16662 4 2 100 1 2595 3246 2872 2355
16663 4 2 100 1 1536 3293 2968 3699
16664 4 2 100 1 2271 2731 3382 3938
16665 4 2 100 1 3663 3384 3554 2638
16666 4 2 100 1 2262 3578 2788 3950
16667 4 2 100 1 2440 2831 2731 3587
16668 4 2 100 1 2002 1763 2704 3228
16669 4 2 100 1 2080 3040 1772 3450
16670 4 2 100 1 2136 3210 3521 2394
16671 4 2 100 1 2220 3286 2609 3526
16672 4 2 100 1 687 616 406 2864
16673 4 2 100 1 1468 753 91 3989
16674 4 2 100 1 3378 1391 2825 1386
16675 4 2 100 1 514 157 639 2808
16676 4 2 100 1 2693 3079 2561 2287
16677 4 2 100 1 1856 2723 3023 4043
16678 4 2 100 1 1858 1614 2892 4029
16679 4 2 100 1 2313 3168 3433 2551
16680 4 2 100 1 2166 2947 2710 3749
16681 4 2 100 1 3456 1273 1272 1087
16682 4 2 100 1 1836 2042 1526 2753
16683 4 2 100 1 20 764 1304 3144
16684 4 2 100 1 2680 3777 3047 3902
16685 4 2 100 1 1311 1312 1313 2815
16686 4 2 100 1 3566 1695 1684 1685
16687 4 2 100 1 1295 3367 2672 2324
16688 4 2 100 1 2637 3650 3404 3733
16689 4 2 100 1 2690 3174 2325 3361
16690 4 2 100 1 2649 3797 3303 4026
16691 4 2 100 1 502 501 2706 3817
16692 4 2 100 1 1367 1042 1348 3215
16693 4 2 100 1 1186 1405 3368 3990
16694 4 2 100 1 2855 3382 1151 3531
16695 4 2 100 1 3553 3179 2567 2246
16696 4 2 100 1 991 1202 967 3269
16697 4 2 100 1 2113 2782 2875 2571
16698 4 2 100 1 2957 3514 1667 3770
16699 4 2 100 1 218 220 219 4103
16700 4 2 100 1 1855 2003 2056 3374
16701 4 2 100 1 2124 3394 2689 3986
16702 4 2 100 1 2338 2637 3278 3966
16703 4 2 100 1 2101 2665 3072 3732
16704 4 2 100 1 2493 3777 3185 2558
16705 4 2 100 1 2861 1161 1086 1262
16706 4 2 100 1 2306 2912 3505 3776
16707 4 2 100 1 2572 3330 2266 3876
16708 4 2 100 1 1706 1782 1760 3987
16709 4 2 100 1 2896 2854 2158 2532
16710 4 2 100 1 2772 3560 2353 4035
16711 4 2 100 1 340 342 341 3321
16712 4 2 100 1 1134 1513 1363 3282
16713 4 2 100 1 2694 3198 1919 3333
16714 4 2 100 1 4053 3819 2784 2374
16715 4 2 100 1 3663 3554 3384 2248
16716 4 2 100 1 1774 1733 2061 2750
16717 4 2 100 1 1405 1186 1184 3990
16718 4 2 100 1 2640 2956 2237 3985
16719 4 2 100 1 2628 2926 3046 4109
16720 4 2 100 1 2146 3022 2616 3881
16721 4 2 100 1 2207 3460 3025 3635
16722 4 2 100 1 3179 3841 2446 3972
16723 4 2 100 1 333 275 300 3717
16724 4 2 100 1 2468 2656 3421 3585
16725 4 2 100 1 2863 2154 3057 3870
16726 4 2 100 1 1609 3729 2993 4060
16727 4 2 100 1 525 3638 2447 3640
16728 4 2 100 1 2978 2128 2752 3879
16729 4 2 100 1 941 1381 1486 2739
16730 4 2 100 1 2559 2178 3181 3551
16731 4 2 100 1 2332 3360 2897 4031
16732 4 2 100 1 224 3353 3244 3726
16733 4 2 100 1 1129 3344 1343 2541
16734 4 2 100 1 2157 2943 2813 3335
16735 4 2 100 1 1060 1022 1365 4100
16736 4 2 100 1 27 632 26 3941
16737 4 2 100 1 220 3006 229 3420
16738 4 2 100 1 3919 2708 50 3928
16739 4 2 100 1 3518 3200 3411 2817
16740 4 2 100 1 758 3792 2683 3937
16741 4 2 100 1 2125 2762 2937 3873
16742 4 2 100 1 2954 2709 3377 2115
16743 4 2 100 1 2665 3424 2262 2817
16744 4 2 100 1 2984 3161 2531 4087
16745 4 2 100 1 291 466 285 3659
16746 4 2 100 1 891 906 1377 4105
16747 4 2 100 1 1310 1312 2815 3603
16748 4 2 100 1 428 643 394 3041
16749 4 2 100 1 4043 3791 3895 2723
16750 4 2 100 1 996 1487 2999 3485
16751 4 2 100 1 2142 3416 2640 3723
16752 4 2 100 1 2915 3129 2496 3541
16753 4 2 100 1 1221 3644 2813 3855
16754 4 2 100 1 3818 199 3599 196
16755 4 2 100 1 927 969 3227 3862
16756 4 2 100 1 2229 2945 3304 3567
16757 4 2 100 1 2952 3124 2393 3660
16758 4 2 100 1 696 464 4036 4037
16759 4 2 100 1 1586 1585 1583 3615
16760 4 2 100 1 3518 3411 3200 2130
16761 4 2 100 1 501 698 502 2706
16762 4 2 100 1 2241 3392 2840 3412
16763 4 2 100 1 2983 3258 2469 2298
16764 4 2 100 1 2446 3933 2894 4033
16765 4 2 100 1 1299 1487 1067 2999
16766 4 2 100 1 2238 2982 2878 3425
16767 4 2 100 1 1355 2490 1013 3666
16768 4 2 100 1 2368 3038 2480 2102
16769 4 2 100 1 1677 1698 1697 3901
16770 4 2 100 1 2213 2984 2845 2563
16771 4 2 100 1 2318 3836 3230 3904
16772 4 2 100 1 620 408 3436 3656
16773 4 2 100 1 961 3648 3008 3655
16774 4 2 100 1 2544 2303 3331 3417
16775 4 2 100 1 2294 2554 3580 3858
16776 4 2 100 1 1105 2844 1474 3473
16777 4 2 100 1 3104 3205 2363 4098
16778 4 2 100 1 1120 1037 992 3635
16779 4 2 100 1 1397 2825 1120 1255
16780 4 2 100 1 1266 798 3313 3736
16781 4 2 100 1 252 253 249 4080
16782 4 2 100 1 2497 3636 3189 3956
16783 4 2 100 1 3476 3767 2206 3871
16784 4 2 100 1 2293 2897 2702 3657
16785 4 2 100 1 1638 3745 1631 1632
16786 4 2 100 1 1873 3931 3722 1725
16787 4 2 100 1 3003 3253 2324 3671
16788 4 2 100 1 1382 99 1180 2800
16789 4 2 100 1 2395 3030 3844 3912
16790 4 2 100 1 1024 1023 778 3657
16791 4 2 100 1 1231 3025 1036 3635
16792 4 2 100 1 2481 3254 2574 3765
16793 4 2 100 1 2472 3351 2707 3386
16794 4 2 100 1 4014 3316 2171 3567
16795 4 2 100 1 2677 2523 3234 3525
16796 4 2 100 1 2969 3501 2633 3561
16797 4 2 100 1 835 839 1280 3980
16798 4 2 100 1 768 1211 1210 3461
16799 4 2 100 1 3197 3504 1966 3759
16800 4 2 100 1 1439 1315 1465 3862
16801 4 2 100 1 2677 3175 2223 3536
16802 4 2 100 1 905 890 1218 2886
16803 4 2 100 1 1051 998 1106 2879
16804 4 2 100 1 1684 1685 1683 3566
16805 4 2 100 1 512 2808 513 3707
16806 4 2 100 1 3722 3931 1873 2385
16807 4 2 100 1 76 1247 1230 3226
16808 4 2 100 1 3569 3962 2834 3963
16809 4 2 100 1 1385 1366 920 4007
16810 4 2 100 1 2383 3895 3013 4026
16811 4 2 100 1 1542 3504 1966 3197
16812 4 2 100 1 2611 3043 2258 3186
16813 4 2 100 1 2753 3060 2156 3216
16814 4 2 100 1 2583 3273 2573 3559
16815 4 2 100 1 2744 2189 2967 3218
16816 4 2 100 1 387 456 401 2710
16817 4 2 100 1 1085 3481 3002 3575
16818 4 2 100 1 3088 3494 2303 3796
16819 4 2 100 1 1706 1943 1790 2724
16820 4 2 100 1 2493 133 2680 3504
16821 4 2 100 1 2334 2373 3213 3122
16822 4 2 100 1 3861 3244 2543 3353
16823 4 2 100 1 2813 3854 4114 3855
16824 4 2 100 1 2393 3932 3801 3981
16825 4 2 100 1 738 8 3451 4066
16826 4 2 100 1 2235 2668 3939 4070
16827 4 2 100 1 2176 3664 3229 4052
16828 4 2 100 1 1868 1988 1531 2584
16829 4 2 100 1 1728 2722 3068 3759
16830 4 2 100 1 1283 911 1395 3940
16831 4 2 100 1 2334 2373 3122 2839
16832 4 2 100 1 1699 1759 1701 4029
16833 4 2 100 1 1131 1476 3461 3111
16834 4 2 100 1 1775 1709 2964 3570
16835 4 2 100 1 2249 3539 3447 3951
16836 4 2 100 1 1858 2377 2040 3618
16837 4 2 100 1 2864 535 536 687
16838 4 2 100 1 2198 2537 3393 3907
16839 4 2 100 1 1012 3569 2834 3963
16840 4 2 100 1 1938 1678 2076 2763
16841 4 2 100 1 1299 943 872 3995
16842 4 2 100 1 925 1346 927 2703
16843 4 2 100 1 2531 3430 2984 3536
16844 4 2 100 1 2243 3017 2798 2732
16845 4 2 100 1 2337 2842 3790 4004
16846 4 2 100 1 3133 1700 1705 1702
16847 4 2 100 1 3133 1705 1700 2576
16848 4 2 100 1 1170 1401 877 3734
16849 4 2 100 1 2800 3070 1382 3875
16850 4 2 100 1 2443 3097 3101 3908
16851 4 2 100 1 1472 1501 1200 3584
16852 4 2 100 1 332 3955 3117 331
16853 4 2 100 1 3187 3716 3042 3948
16854 4 2 100 1 399 409 400 3800
16855 4 2 100 1 1410 1417 1206 3045
16856 4 2 100 1 290 580 486 4037
16857 4 2 100 1 1862 1532 1872 3931
16858 4 2 100 1 536 406 596 2948
16859 4 2 100 1 367 521 689 3775
16860 4 2 100 1 2896 923 3307 4007
16861 4 2 100 1 1171 2771 765 3803
16862 4 2 100 1 715 492 701 3630
16863 4 2 100 1 394 337 428 3336
16864 4 2 100 1 3305 513 517 518
16865 4 2 100 1 2323 3034 2996 3471
16866 4 2 100 1 2150 4051 3314 4111
16867 4 2 100 1 2668 3980 1280 4039
16868 4 2 100 1 879 3686 881 3709
16869 4 2 100 1 916 2896 917 4097
16870 4 2 100 1 1165 1105 1427 2844
16871 4 2 100 1 2699 985 3351 3802
16872 4 2 100 1 2617 2105 3128 3837
16873 4 2 100 1 2178 2372 3030 3752
16874 4 2 100 1 1238 894 893 3153
16875 4 2 100 1 2359 2726 3247 3498
16876 4 2 100 1 713 632 431 2615
16877 4 2 100 1 2615 632 3727 3941
16878 4 2 100 1 2660 2249 3951 3539
16879 4 2 100 1 2073 137 1862 3931
16880 4 2 100 1 795 2725 796 3736
16881 4 2 100 1 2752 3136 2236 2339
16882 4 2 100 1 2066 2564 1686 3798
16883 4 2 100 1 1633 1992 1987 3154
16884 4 2 100 1 2712 3573 3165 3689
16885 4 2 100 1 1945 1739 1909 3039
16886 4 2 100 1 1864 1855 1972 3565
16887 4 2 100 1 2066 1945 1686 2564
16888 4 2 100 1 2801 3345 2230 2990
16889 4 2 100 1 1374 2834 1061 1345
16890 4 2 100 1 3019 3377 2375 4089
16891 4 2 100 1 2573 3185 2245 2558
16892 4 2 100 1 3077 3620 3436 2283
16893 4 2 100 1 899 3014 1141 3437
16894 4 2 100 1 482 481 3218 3712
16895 4 2 100 1 2657 3705 3038 2290
16896 4 2 100 1 2203 3048 2684 2699
16897 4 2 100 1 2207 2717 3379 3653
16898 4 2 100 1 1622 1633 2907 3745
16899 4 2 100 1 3334 2436 14 3059
16900 4 2 100 1 1072 1178 1348 3091
16901 4 2 100 1 209 622 207 2744
16902 4 2 100 1 165 679 489 2485
16903 4 2 100 1 2321 2730 3000 3925
16904 4 2 100 1 391 2765 281 295
16905 4 2 100 1 2005 2889 1523 3369
16906 4 2 100 1 2548 2401 3620 3845
16907 4 2 100 1 268 3407 2650 4019
16908 4 2 100 1 781 2777 783 3812
16909 4 2 100 1 2245 3777 2680 3902
16910 4 2 100 1 2111 3324 2962 3405
16911 4 2 100 1 2274 3028 2676 3952
16912 4 2 100 1 2288 3058 2594 3739
16913 4 2 100 1 3182 3556 2360 3771
16914 4 2 100 1 2461 2725 2298 3568
16915 4 2 100 1 815 3700 3682 3889
16916 4 2 100 1 2447 3640 3338 3645
16917 4 2 100 1 991 967 968 3269
16918 4 2 100 1 2292 3646 3509 3731
16919 4 2 100 1 306 298 292 2785
16920 4 2 100 1 2225 3222 2654 3272
16921 4 2 100 1 3414 3566 2175 3182
16922 4 2 100 1 1645 1644 1626 2894
16923 4 2 100 1 3766 2049 1849 1846
16924 4 2 100 1 2153 3619 2657 2290
16925 4 2 100 1 1602 1604 1889 4000
16926 4 2 100 1 281 286 295 2765
16927 4 2 100 1 2139 3429 2594 3563
16928 4 2 100 1 2404 3446 2911 3561
16929 4 2 100 1 2548 2401 3845 3753
16930 4 2 100 1 2116 2626 3515 3676
16931 4 2 100 1 2779 2459 3033 3801
16932 4 2 100 1 1922 122 123 3078
16933 4 2 100 1 3049 3527 2729 4050
16934 4 2 100 1 2227 3035 3162 2188
16935 4 2 100 1 709 437 438 2598
16936 4 2 100 1 1426 3851 1185 750
16937 4 2 100 1 2372 3366 2982 3462
16938 4 2 100 1 2313 2819 2765 3433
16939 4 2 100 1 246 248 247 3753
16940 4 2 100 1 1124 1324 1402 2953
16941 4 2 100 1 815 813 3700 3889
16942 4 2 100 1 1096 1160 1094 3088
16943 4 2 100 1 744 1234 1516 3335
16944 4 2 100 1 2844 3863 2328 3190
16945 4 2 100 1 985 3351 3802 984
16946 4 2 100 1 2219 3024 3601 4106
16947 4 2 100 1 784 783 781 2777
16948 4 2 100 1 2299 2799 2915 3528
16949 4 2 100 1 2716 2975 2162 3231
16950 4 2 100 1 2336 3697 3500 4067
16951 4 2 100 1 1367 733 1269 2769
16952 4 2 100 1 450 3420 2632 3905
16953 4 2 100 1 3405 4090 3275 2310
16954 4 2 100 1 1160 1379 736 3949
16955 4 2 100 1 2403 3400 3293 3885
16956 4 2 100 1 1546 3564 2694 3596
16957 4 2 100 1 1450 941 3575 3688
16958 4 2 100 1 1394 1096 1098 3088
16959 4 2 100 1 2335 2901 2900 3772
16960 4 2 100 1 1273 1000 1368 2904
16961 4 2 100 1 2954 3632 2370 3121
16962 4 2 100 1 2954 3632 3121 2709
16963 4 2 100 1 3766 1990 1536 1849
16964 4 2 100 1 2522 2956 3484 3520
16965 4 2 100 1 996 2745 868 3485
16966 4 2 100 1 2201 3593 2530 3715
16967 4 2 100 1 2933 3400 2115 3891
16968 4 2 100 1 3350 1388 1122 1412
16969 4 2 100 1 476 2718 370 3827
16970 4 2 100 1 2844 3863 3190 1164
16971 4 2 100 1 1798 2374 3514 3259
16972 4 2 100 1 2283 3077 2874 3762
16973 4 2 100 1 3350 1388 1412 3052
16974 4 2 100 1 1663 1699 1700 3112
16975 4 2 100 1 38 686 1 3915
16976 4 2 100 1 1154 2733 1296 4063
16977 4 2 100 1 3108 3739 2478 3779
16978 4 2 100 1 2521 2274 3296 3952
16979 4 2 100 1 2235 2673 3257 3378
16980 4 2 100 1 2181 2508 3413 2877
16981 4 2 100 1 1838 2655 1837 4085
16982 4 2 100 1 4026 88 1545 5
16983 4 2 100 1 1775 1709 2000 2964
16984 4 2 100 1 4001 2394 2136 2991
16985 4 2 100 1 2680 1542 3737 3197
16986 4 2 100 1 453 392 649 3041
16987 4 2 100 1 1389 1243 734 3938
16988 4 2 100 1 3467 3277 3290 2566
16989 4 2 100 1 2901 3772 2335 3957
16990 4 2 100 1 1124 1083 2758 4006
16991 4 2 100 1 2737 3260 2462 3337
16992 4 2 100 1 2237 2748 3880 4030
16993 4 2 100 1 1614 1596 3594 4085
16994 4 2 100 1 649 2963 636 353
16995 4 2 100 1 1603 3069 1602 3594
16996 4 2 100 1 962 3008 961 3892
16997 4 2 100 1 4001 2136 2394 3339
16998 4 2 100 1 2904 3751 3974 2473
16999 4 2 100 1 1390 3248 1306 2867
17000 4 2 100 1 377 3489 3114 374
17001 4 2 100 1 2561 3256 3632 3977
17002 4 2 100 1 1306 3248 1390 1370
17003 4 2 100 1 2335 3772 2709 3957
17004 4 2 100 1 451 3513 692 3905
17005 4 2 100 1 795 3631 2725 3736
17006 4 2 100 1 2062 1908 1611 4060
17007 4 2 100 1 3588 4092 2560 4108
17008 4 2 100 1 2296 3773 3269 3929
17009 4 2 100 1 436 435 363 3238
17010 4 2 100 1 4069 3422 2655 3615
17011 4 2 100 1 2322 2736 2183 4072
17012 4 2 100 1 205 236 203 3824
17013 4 2 100 1 2542 2179 3241 3865
17014 4 2 100 1 2718 3716 3383 2148
17015 4 2 100 1 2263 2780 3874 3933
17016 4 2 100 1 2154 2920 2233 2853
17017 4 2 100 1 1972 2056 2521 3565
17018 4 2 100 1 767 2914 96 3936
17019 4 2 100 1 2702 2897 2293 2661
17020 4 2 100 1 1961 1831 1821 3517
17021 4 2 100 1 1667 2581 1863 1669
17022 4 2 100 1 2993 3729 1609 4000
17023 4 2 100 1 727 720 716 3159
17024 4 2 100 1 901 3453 3279 3921
17025 4 2 100 1 249 3753 246 4080
17026 4 2 100 1 820 819 817 3113
17027 4 2 100 1 2429 3413 2670 3441
17028 4 2 100 1 3057 3381 2371 3870
17029 4 2 100 1 366 311 357 3762
17030 4 2 100 1 899 1006 1141 3014
17031 4 2 100 1 1007 845 3217 4039
17032 4 2 100 1 3628 3860 3509 2899
17033 4 2 100 1 769 37 36 3146
17034 4 2 100 1 3511 2809 1107 3851
17035 4 2 100 1 2243 3401 3558 2922
17036 4 2 100 1 1113 1334 1464 3357
17037 4 2 100 1 1998 1742 2016 2840
17038 4 2 100 1 203 205 3824 4017
17039 4 2 100 1 542 510 516 2623
17040 4 2 100 1 2109 3051 2909 2232
17041 4 2 100 1 3063 3600 2346 3751
17042 4 2 100 1 2706 502 2923 3955
17043 4 2 100 1 1318 912 910 3285
17044 4 2 100 1 1521 3679 135 3680
17045 4 2 100 1 3082 3106 2791 2194
17046 4 2 100 1 2866 2360 3556 3771
17047 4 2 100 1 1678 2076 2763 3722
17048 4 2 100 1 1924 113 114 2729
17049 4 2 100 1 159 2977 569 3160
17050 4 2 100 1 202 200 233 3027
17051 4 2 100 1 1320 3389 3453 3921
17052 4 2 100 1 2820 3170 2378 4084
17053 4 2 100 1 818 3107 1298 3682
17054 4 2 100 1 2103 2551 2652 3728
17055 4 2 100 1 717 726 724 3805
17056 4 2 100 1 377 3489 374 376
17057 4 2 100 1 2931 1225 3034 4114
17058 4 2 100 1 215 547 2874 3503
17059 4 2 100 1 1692 1644 2894 4038
17060 4 2 100 1 2751 2175 3055 3566
17061 4 2 100 1 2332 2902 2897 3574
17062 4 2 100 1 1291 1034 1033 2773
17063 4 2 100 1 1939 3118 1882 3412
17064 4 2 100 1 1426 3851 750 3511
17065 4 2 100 1 2564 3579 1686 3798
17066 4 2 100 1 2218 3092 2803 2482
17067 4 2 100 1 1862 1872 1736 3931
17068 4 2 100 1 2863 3057 2296 3870
17069 4 2 100 1 2223 3430 3050 3577
17070 4 2 100 1 2468 3262 2947 3749
17071 4 2 100 1 2545 3842 3603 4113
17072 4 2 100 1 2482 3253 3003 3671
17073 4 2 100 1 400 593 3050 3669
17074 4 2 100 1 1772 3040 1744 3810
17075 4 2 100 1 1330 3257 2668 4039
17076 4 2 100 1 670 2660 440 3756
17077 4 2 100 1 169 2708 51 3867
17078 4 2 100 1 1535 1933 102 2898
17079 4 2 100 1 3759 3523 2722 2284
17080 4 2 100 1 3082 2791 3106 2389
17081 4 2 100 1 3951 248 579 3753
17082 4 2 100 1 1938 2027 1678 2763
17083 4 2 100 1 2848 2357 3493 3830
17084 4 2 100 1 2468 3262 3749 3969
17085 4 2 100 1 1715 1716 2903 3813
17086 4 2 100 1 3861 3244 3353 2308
17087 4 2 100 1 1728 3068 2722 3859
17088 4 2 100 1 1921 2876 1551 3570
17089 4 2 100 1 703 663 2401 3845
17090 4 2 100 1 2286 2587 3163 3355
17091 4 2 100 1 2518 2970 160 3695
17092 4 2 100 1 1409 1267 1413 2469
17093 4 2 100 1 1316 1314 1498 2826
17094 4 2 100 1 703 2401 663 243
17095 4 2 100 1 1603 3594 1597 3798
17096 4 2 100 1 2123 2816 2996 2329
17097 4 2 100 1 2122 2686 3151 3380
17098 4 2 100 1 2201 3563 3219 3715
17099 4 2 100 1 1153 1064 1473 3529
17100 4 2 100 1 3193 3461 1211 3990
17101 4 2 100 1 1616 1602 2746 3594
17102 4 2 100 1 2504 2598 356 3831
17103 4 2 100 1 823 825 834 3617
17104 4 2 100 1 1498 2826 1314 3842
17105 4 2 100 1 569 159 32 2977
17106 4 2 100 1 1105 1166 1474 2844
17107 4 2 100 1 2160 2949 3454 4062
17108 4 2 100 1 501 173 698 2706
17109 4 2 100 1 2172 3075 2540 3459
17110 4 2 100 1 2179 2542 3041 3865
17111 4 2 100 1 3553 3179 2246 2446
17112 4 2 100 1 3582 1336 1403 1335
17113 4 2 100 1 2368 3785 2102 2846
17114 4 2 100 1 1362 873 1438 3282
17115 4 2 100 1 4092 950 806 1301
17116 4 2 100 1 2836 2266 2650 3794
17117 4 2 100 1 2364 3252 2916 3832
17118 4 2 100 1 529 3496 251 3951
17119 4 2 100 1 2706 2923 502 3817
17120 4 2 100 1 332 3955 331 330
17121 4 2 100 1 960 3098 1326 3892
17122 4 2 100 1 2384 3166 2925 3992
17123 4 2 100 1 2197 3155 2741 3819
17124 4 2 100 1 2156 2750 2964 3216
17125 4 2 100 1 2432 3295 3227 3370
17126 4 2 100 1 2716 3472 2282 3231
17127 4 2 100 1 491 54 179 3302
17128 4 2 100 1 2336 3499 2884 3850
17129 4 2 100 1 1440 1171 1100 3796
17130 4 2 100 1 1061 1012 2834 3963
17131 4 2 100 1 599 491 711 2864
17132 4 2 100 1 2177 3130 2653 2545
17133 4 2 100 1 125 1975 2051 3769
17134 4 2 100 1 51 168 52 3867
17135 4 2 100 1 2420 3880 2748 4030
17136 4 2 100 1 2325 3371 2868 3993
17137 4 2 100 1 672 4139 3159 4127
17138 4 2 100 1 2616 2272 3201 3881
17139 4 2 100 1 1969 2964 1709 3815
17140 4 2 100 1 1292 3301 980 3473
17141 4 2 100 1 1841 1839 2591 3822
17142 4 2 100 1 724 718 727 4041
17143 4 2 100 1 2103 3426 3145 3852
17144 4 2 100 1 2716 3418 3414 4013
17145 4 2 100 1 1131 1078 1132 3396
17146 4 2 100 1 3573 3774 2575 3986
17147 4 2 100 1 2415 2998 2814 3967
17148 4 2 100 1 2221 2439 3052 3350
17149 4 2 100 1 412 413 2797 414
17150 4 2 100 1 328 293 457 3105
17151 4 2 100 1 2301 3112 2511 2655
17152 4 2 100 1 667 445 173 3272
17153 4 2 100 1 1751 1656 1734 3815
17154 4 2 100 1 5 1496 89 4026
17155 4 2 100 1 1371 3303 1210 3461
17156 4 2 100 1 836 3142 839 3980
17157 4 2 100 1 4113 2554 3842 2815
17158 4 2 100 1 2561 2219 3121 2709
17159 4 2 100 1 2311 2710 3338 3638
17160 4 2 100 1 171 4009 657 3830
17161 4 2 100 1 2429 3288 2670 3864
17162 4 2 100 1 171 657 4009 29
17163 4 2 100 1 2559 3844 3030 3912
17164 4 2 100 1 2178 2599 3192 3551
17165 4 2 100 1 2185 3167 2551 4057
17166 4 2 100 1 739 26 1434 2766
17167 4 2 100 1 4113 2826 2177 2545
17168 4 2 100 1 3494 3796 3088 3803
17169 4 2 100 1 2938 3576 2617 2209
17170 4 2 100 1 2011 4122 1539 2642
17171 4 2 100 1 3083 3833 2378 3152
17172 4 2 100 1 870 872 871 3477
17173 4 2 100 1 818 1298 3107 990
17174 4 2 100 1 3155 4053 3705 2112
17175 4 2 100 1 3377 3601 2375 4089
17176 4 2 100 1 1389 734 1154 3531
17177 4 2 100 1 1899 1903 1938 3448
17178 4 2 100 1 2124 3573 2575 3986
17179 4 2 100 1 680 4136 3805 2749
17180 4 2 100 1 2047 1937 1703 3618
17181 4 2 100 1 588 315 637 2663
17182 4 2 100 1 197 2923 502 3955
17183 4 2 100 1 11 564 555 3694
17184 4 2 100 1 3155 3450 2374 4102
17185 4 2 100 1 3186 3385 2444 3820
17186 4 2 100 1 3217 3257 1007 4039
17187 4 2 100 1 1743 2003 1859 3374
17188 4 2 100 1 2395 3366 3030 2372
17189 4 2 100 1 914 3922 1305 4097
17190 4 2 100 1 1791 2034 2069 3458
17191 4 2 100 1 1174 2670 1011 3475
17192 4 2 100 1 2337 3851 3452 3991
17193 4 2 100 1 1427 1183 737 3277
17194 4 2 100 1 1840 1576 1580 3822
17195 4 2 100 1 2234 3585 3426 4044
17196 4 2 100 1 2101 3267 3551 3732
17197 4 2 100 1 2119 3660 2812 3857
17198 4 2 100 1 1083 3481 2758 3838
17199 4 2 100 1 2759 2982 2277 3846
17200 4 2 100 1 2304 2700 2664 3754
17201 4 2 100 1 1673 3397 2546 2460
17202 4 2 100 1 758 2683 1235 3937
17203 4 2 100 1 2089 2735 3970 2091
17204 4 2 100 1 2271 2565 3587 3833
17205 4 2 100 1 415 2797 416 3638
17206 4 2 100 1 2959 3447 2249 3539
17207 4 2 100 1 1278 924 938 3648
17208 4 2 100 1 1154 2733 4063 3531
17209 4 2 100 1 1772 3450 3040 3810
17210 4 2 100 1 2156 2965 2763 3788
17211 4 2 100 1 748 3644 3855 3887
17212 4 2 100 1 2161 2858 3319 2214
17213 4 2 100 1 3919 50 2708 493
17214 4 2 100 1 1996 1847 1830 3883
17215 4 2 100 1 2222 3721 2727 4023
17216 4 2 100 1 2237 2748 3291 3880
17217 4 2 100 1 961 3008 1277 3655
17218 4 2 100 1 2117 3258 2983 2298
17219 4 2 100 1 2435 3573 2712 3689
17220 4 2 100 1 4069 3422 3615 2264
17221 4 2 100 1 3930 3824 601 3305
17222 4 2 100 1 2338 2888 3299 3650
17223 4 2 100 1 1224 1053 1505 3410
17224 4 2 100 1 2112 2737 3427 4053
17225 4 2 100 1 2124 2941 2712 3165
17226 4 2 100 1 2204 3080 3012 3562
17227 4 2 100 1 3878 1558 1561 1560
17228 4 2 100 1 879 881 880 3709
17229 4 2 100 1 1540 2727 1867 4023
17230 4 2 100 1 2162 2975 2716 4046
17231 4 2 100 1 3839 3780 3209 2143
17232 4 2 100 1 1638 1989 1996 3300
17233 4 2 100 1 3083 2378 3833 2271
17234 4 2 100 1 3283 2149 2386 3451
17235 4 2 100 1 3430 3071 3536 2531
17236 4 2 100 1 533 634 714 3787
17237 4 2 100 1 2910 4004 2458 4112
17238 4 2 100 1 280 279 494 3276
17239 4 2 100 1 1859 1688 1743 3397
17240 4 2 100 1 1163 1323 1334 2820
17241 4 2 100 1 502 197 195 2923
17242 4 2 100 1 2397 3089 3004 3568
17243 4 2 100 1 2302 3067 2718 2148
17244 4 2 100 1 450 3513 359 451
17245 4 2 100 1 2787 3911 4084 2378
17246 4 2 100 1 3252 4005 2908 4077
17247 4 2 100 1 2049 1931 1530 3372
17248 4 2 100 1 2100 3131 2792 3691
17249 4 2 100 1 2241 3118 3094 3412
17250 4 2 100 1 970 1327 1431 2917
17251 4 2 100 1 465 464 3659 4036
17252 4 2 100 1 2037 1913 1541 3016
17253 4 2 100 1 3313 2298 2569 4107
17254 4 2 100 1 290 462 580 4037
17255 4 2 100 1 2375 2954 3024 3601
17256 4 2 100 1 2116 3251 2853 3804
17257 4 2 100 1 2142 2640 3388 3723
17258 4 2 100 1 2733 2378 3833 3152
17259 4 2 100 1 1903 3448 2735 4099
17260 4 2 100 1 3053 3057 2371 4075
17261 4 2 100 1 2733 3833 2378 2271
17262 4 2 100 1 171 3830 3727 4009
17263 4 2 100 1 654 440 670 2660
17264 4 2 100 1 1301 1388 810 4092
17265 4 2 100 1 2293 2897 2902 3574
17266 4 2 100 1 2408 2874 3503 3762
17267 4 2 100 1 2215 3310 2886 2625
17268 4 2 100 1 3546 4088 4112 2920
17269 4 2 100 1 3169 3706 2495 3738
17270 4 2 100 1 2922 4059 3526 4071
17271 4 2 100 1 2120 3015 3469 3844
17272 4 2 100 1 1163 1519 3170 4084
17273 4 2 100 1 188 2654 3272 3896
17274 4 2 100 1 2837 3602 1116 4040
17275 4 2 100 1 2275 2552 2526 3319
17276 4 2 100 1 1224 1222 2813 3410
17277 4 2 100 1 1193 3037 1194 3395
17278 4 2 100 1 1168 2700 1231 3635
17279 4 2 100 1 2567 3553 2894 3972
17280 4 2 100 1 2188 2895 2821 3849
17281 4 2 100 1 1786 2722 2014 3586
17282 4 2 100 1 874 1345 2834 4108
17283 4 2 100 1 2920 2516 2853 2154
17284 4 2 100 1 784 785 783 2777
17285 4 2 100 1 2438 3243 2995 3331
17286 4 2 100 1 1947 1764 1691 2751
17287 4 2 100 1 2257 3320 2757 3510
17288 4 2 100 1 2048 1852 1994 3699
17289 4 2 100 1 3786 2516 2860 3452
17290 4 2 100 1 2232 3072 2665 3732
17291 4 2 100 1 2495 3706 2266 3794
17292 4 2 100 1 1366 1385 1116 2837
17293 4 2 100 1 4030 2937 2193 2811
17294 4 2 100 1 1520 136 135 3179
17295 4 2 100 1 1465 3474 1327 3862
17296 4 2 100 1 1300 834 825 3617
17297 4 2 100 1 2915 3541 2496 3943
17298 4 2 100 1 2696 2808 2326 3707
17299 4 2 100 1 3544 2922 2470 3984
17300 4 2 100 1 2192 2848 2849 3419
17301 4 2 100 1 3948 2280 3829 3067
17302 4 2 100 1 516 2623 510 3595
17303 4 2 100 1 2327 3245 2634 2580
17304 4 2 100 1 100 2800 1382 3875
17305 4 2 100 1 2263 3553 2780 3933
17306 4 2 100 1 3088 3404 2484 3733
17307 4 2 100 1 53 54 187 2885
17308 4 2 100 1 2191 2854 3484 3703
17309 4 2 100 1 213 304 605 3468
17310 4 2 100 1 2276 2803 3092 2482
17311 4 2 100 1 1657 1658 1721 3060
17312 4 2 100 1 4014 3316 3567 2828
17313 4 2 100 1 2935 3015 2184 3696
17314 4 2 100 1 2755 3598 3440 4064
17315 4 2 100 1 2447 3638 3338 3640
17316 4 2 100 1 1067 3995 2707 977
17317 4 2 100 1 384 452 2761 3834
17318 4 2 100 1 595 2806 3708 260
17319 4 2 100 1 815 3682 3113 3889
17320 4 2 100 1 2442 3178 3103 3454
17321 4 2 100 1 3025 3625 3622 2553
17322 4 2 100 1 2494 3125 2993 4060
17323 4 2 100 1 792 793 791 3988
17324 4 2 100 1 2250 2576 3259 3683
17325 4 2 100 1 1168 1232 742 2700
17326 4 2 100 1 2116 3515 3195 3676
17327 4 2 100 1 1374 2834 1345 3900
17328 4 2 100 1 2330 3196 3152 3868
17329 4 2 100 1 2582 2262 2888 3823
17330 4 2 100 1 1009 3602 2905 4040
17331 4 2 100 1 351 2677 405 404
17332 4 2 100 1 1329 1030 1029 3848
17333 4 2 100 1 2378 3083 2787 3911
17334 4 2 100 1 2267 3369 2889 3517
17335 4 2 100 1 3704 2247 3037 2477
17336 4 2 100 1 291 298 3557 2785
17337 4 2 100 1 2493 133 3504 132
17338 4 2 100 1 3951 579 248 529
17339 4 2 100 1 1959 1603 1597 3798
17340 4 2 100 1 2561 3632 2226 3977
17341 4 2 100 1 1203 1500 1270 2649
17342 4 2 100 1 2295 3309 2685 3742
17343 4 2 100 1 1977 1859 2003 3374
17344 4 2 100 1 881 3686 3062 3709
17345 4 2 100 1 2484 3650 3235 3685
17346 4 2 100 1 2519 2991 2136 3521
17347 4 2 100 1 315 3305 2663 3930
17348 4 2 100 1 2910 2240 3730 4112
17349 4 2 100 1 3704 3037 2247 3395
17350 4 2 100 1 2726 3247 2510 2135
17351 4 2 100 1 2277 2601 3425 3562
17352 4 2 100 1 4004 3991 4112 2910
17353 4 2 100 1 188 606 607 2654
17354 4 2 100 1 3526 4059 2631 4071
17355 4 2 100 1 540 705 657 2848
17356 4 2 100 1 3814 2632 2376 3138
17357 4 2 100 1 3085 3689 3038 3705
17358 4 2 100 1 185 563 702 2970
17359 4 2 100 1 1208 1207 1451 2775
17360 4 2 100 1 2245 3185 3777 2558
17361 4 2 100 1 1649 1640 1673 3397
17362 4 2 100 1 3037 3467 2773 2322
17363 4 2 100 1 377 3489 376 378
17364 4 2 100 1 2885 3159 2163 3302
17365 4 2 100 1 2148 3187 2485 4018
17366 4 2 100 1 1810 2869 1807 3832
17367 4 2 100 1 2368 3654 3337 2102
17368 4 2 100 1 3169 3363 2652 3876
17369 4 2 100 1 1718 1867 1761 3746
17370 4 2 100 1 19 561 183 3606
17371 4 2 100 1 2485 3606 2518 4018
17372 4 2 100 1 2317 3104 2637 3670
17373 4 2 100 1 2132 3312 3740 3959
17374 4 2 100 1 1356 1447 2980 3666
17375 4 2 100 1 2216 3241 2542 3876
17376 4 2 100 1 1850 3699 1536 3766
17377 4 2 100 1 2567 2894 1692 3972
17378 4 2 100 1 711 616 2864 3302
17379 4 2 100 1 1955 1776 1740 2476
17380 4 2 100 1 1811 1815 1812 3832
17381 4 2 100 1 2218 2762 3092 2482
17382 4 2 100 1 1278 3648 961 3655
17383 4 2 100 1 2472 4051 3432 3386
17384 4 2 100 1 158 3180 713 454
17385 4 2 100 1 2738 2293 2173 3250
17386 4 2 100 1 2275 2552 3319 2858
17387 4 2 100 1 2306 3505 3095 3609
17388 4 2 100 1 2921 3165 2689 4052
17389 4 2 100 1 1377 974 1414 3406
17390 4 2 100 1 253 640 249 2692
17391 4 2 100 1 2201 3715 3219 3967
17392 4 2 100 1 1109 3733 3096 3966
17393 4 2 100 1 1251 1239 790 2850
17394 4 2 100 1 3024 3418 2512 2368
17395 4 2 100 1 160 561 20 3144
17396 4 2 100 1 2967 206 208 228
17397 4 2 100 1 2244 3380 2904 3974
17398 4 2 100 1 958 3098 960 3648
17399 4 2 100 1 1392 2855 988 4034
17400 4 2 100 1 565 2770 37 3280
17401 4 2 100 1 2967 206 228 4017
17402 4 2 100 1 2231 3000 3308 3820
17403 4 2 100 1 1169 1359 1091 3966
17404 4 2 100 1 3008 3203 2620 3319
17405 4 2 100 1 2209 3576 3295 3858
17406 4 2 100 1 2985 2986 2206 3980
17407 4 2 100 1 3149 1446 1265 1467
17408 4 2 100 1 1541 3016 2680 3679
17409 4 2 100 1 469 650 470 2801
17410 4 2 100 1 385 692 614 3513
17411 4 2 100 1 3150 3476 2568 3591
17412 4 2 100 1 2456 3552 2878 3846
17413 4 2 100 1 979 984 985 3802
17414 4 2 100 1 2784 3176 2251 3442
17415 4 2 100 1 2139 3234 2587 3355
17416 4 2 100 1 1946 2753 1526 3847
17417 4 2 100 1 2114 2717 3116 3379
17418 4 2 100 1 643 254 453 3512
17419 4 2 100 1 109 1980 1548 3375
17420 4 2 100 1 2178 3551 2559 3912
17421 4 2 100 1 2252 2993 3125 3579
17422 4 2 100 1 2263 2894 3553 3933
17423 4 2 100 1 905 2886 982 3906
17424 4 2 100 1 1085 3002 1144 3575
17425 4 2 100 1 2265 3393 2537 3907
17426 4 2 100 1 1725 1873 1874 3722
17427 4 2 100 1 815 3113 816 3889
17428 4 2 100 1 2691 3395 1143 3704
17429 4 2 100 1 3272 3640 41 3896
17430 4 2 100 1 2376 3814 3138 4076
17431 4 2 100 1 1059 1388 1301 4092
17432 4 2 100 1 2799 2299 2915 2421
17433 4 2 100 1 1085 1126 3481 3575
17434 4 2 100 1 2287 3629 3873 2151
17435 4 2 100 1 757 1242 1147 2731
17436 4 2 100 1 4020 4033 3933 2446
17437 4 2 100 1 1313 1439 1418 3580
17438 4 2 100 1 2243 3401 3519 3558
17439 4 2 100 1 604 3119 686 3915
17440 4 2 100 1 2108 2549 3347 3698
17441 4 2 100 1 1219 34 3887 4082
17442 4 2 100 1 1152 1034 1291 2773
17443 4 2 100 1 2541 965 1422 966
17444 4 2 100 1 882 880 881 3709
17445 4 2 100 1 2977 2415 4003 4055
17446 4 2 100 1 472 468 314 2942
17447 4 2 100 1 989 1441 1470 3389
17448 4 2 100 1 2874 3726 243 3244
17449 4 2 100 1 207 576 205 3824
17450 4 2 100 1 2194 2933 2618 2370
17451 4 2 100 1 343 342 340 2821
17452 4 2 100 1 3108 3429 2478 3739
17453 4 2 100 1 672 4139 4127 68
17454 4 2 100 1 3600 761 3751 1201
17455 4 2 100 1 491 711 2864 3302
17456 4 2 100 1 2340 2529 2724 4020
17457 4 2 100 1 2959 595 629 427
17458 4 2 100 1 1428 2969 1339 3603
17459 4 2 100 1 2191 2956 3416 3520
17460 4 2 100 1 2011 1539 2045 2642
17461 4 2 100 1 2338 3096 2630 3685
17462 4 2 100 1 2741 2769 3826 2197
17463 4 2 100 1 237 577 532 3171
17464 4 2 100 1 4122 1784 2642 2011
17465 4 2 100 1 2549 3804 2195 3806
17466 4 2 100 1 2631 2220 3286 2653
17467 4 2 100 1 2270 2975 4046 4102
17468 4 2 100 1 2131 3589 3651 4068
17469 4 2 100 1 1103 3598 3435 1136
17470 4 2 100 1 2218 2951 2787 3911
17471 4 2 100 1 460 2504 461 3928
17472 4 2 100 1 2113 2875 3236 2571
17473 4 2 100 1 268 486 265 4019
17474 4 2 100 1 2265 3073 3998 4018
17475 4 2 100 1 2742 3331 2303 3417
17476 4 2 100 1 2321 3497 2925 3925
17477 4 2 100 1 3270 3661 2450 3758
17478 4 2 100 1 2028 1858 3618 4029
17479 4 2 100 1 2335 3292 2906 3825
17480 4 2 100 1 2384 2992 2730 3925
17481 4 2 100 1 1701 1759 2028 4029
17482 4 2 100 1 3953 3781 2622 3466
17483 4 2 100 1 2532 3295 3576 3858
17484 4 2 100 1 2261 3129 3541 4028
17485 4 2 100 1 1742 1579 1590 2840
17486 4 2 100 1 2655 3615 1837 4085
17487 4 2 100 1 1101 1099 1362 3435
17488 4 2 100 1 2764 3385 2444 3738
17489 4 2 100 1 2579 3593 2201 3967
17490 4 2 100 1 457 391 638 2819
17491 4 2 100 1 2874 243 3726 442
17492 4 2 100 1 3525 166 70 570
17493 4 2 100 1 4112 3786 2337 3347
17494 4 2 100 1 1622 1633 1804 2907
17495 4 2 100 1 684 524 3701 3919
17496 4 2 100 1 2730 3072 2305 3547
17497 4 2 100 1 2108 3506 2549 3698
17498 4 2 100 1 2146 2616 3201 3881
17499 4 2 100 1 2746 3594 3069 3755
17500 4 2 100 1 1802 1803 1738 2786
17501 4 2 100 1 996 870 868 2745
17502 4 2 100 1 2145 2891 3505 3592
17503 4 2 100 1 2554 3474 3862 2209
17504 4 2 100 1 386 3641 3262 3675
17505 4 2 100 1 2897 3408 2474 2661
17506 4 2 100 1 1005 3410 1053 3605
17507 4 2 100 1 3452 1050 1187 1191
17508 4 2 100 1 2236 2752 2972 2998
17509 4 2 100 1 2710 3167 2311 3338
17510 4 2 100 1 2244 2904 3380 3608
17511 4 2 100 1 3818 199 196 588
17512 4 2 100 1 2247 3467 3037 2322
17513 4 2 100 1 1957 1905 1904 2667
17514 4 2 100 1 2289 3391 3236 2571
17515 4 2 100 1 2668 3604 2515 4070
17516 4 2 100 1 1385 2837 1366 4007
17517 4 2 100 1 320 322 586 3064
17518 4 2 100 1 3717 699 612 333
17519 4 2 100 1 1229 1024 778 3657
17520 4 2 100 1 1390 1306 1308 2867
17521 4 2 100 1 1064 2951 1353 3529
17522 4 2 100 1 3030 3366 2395 3469
17523 4 2 100 1 1409 1279 1277 3590
17524 4 2 100 1 2020 1829 3154 3300
17525 4 2 100 1 2288 3739 3108 3779
17526 4 2 100 1 2775 3268 2839 3741
17527 4 2 100 1 1664 1666 1679 3480
17528 4 2 100 1 2597 3469 3213 3934
17529 4 2 100 1 3720 3918 3721 4106
17530 4 2 100 1 1409 2469 1279 3590
17531 4 2 100 1 2642 1775 2072 2045
17532 4 2 100 1 2781 3099 2585 2214
17533 4 2 100 1 1848 1847 2760 3883
17534 4 2 100 1 1147 2731 1051 3816
17535 4 2 100 1 594 499 266 4025
17536 4 2 100 1 473 642 468 3160
17537 4 2 100 1 1795 2784 3259 3442
17538 4 2 100 1 1237 4 740 2900
17539 4 2 100 1 2574 3688 2739 3765
17540 4 2 100 1 2904 3203 1272 3892
17541 4 2 100 1 2288 3429 3108 3739
17542 4 2 100 1 2218 2787 3083 3911
17543 4 2 100 1 2392 3466 3119 2447
17544 4 2 100 1 2833 3457 2393 3744
17545 4 2 100 1 1933 1821 3369 3517
17546 4 2 100 1 2181 2508 2877 2816
17547 4 2 100 1 1987 1814 2635 3782
17548 4 2 100 1 2559 3318 2316 3423
17549 4 2 100 1 3066 3588 2560 4108
17550 4 2 100 1 2291 2507 3654 3148
17551 4 2 100 1 1204 96 767 2914
17552 4 2 100 1 3149 1446 1467 3848
17553 4 2 100 1 2049 3372 1530 4043
17554 4 2 100 1 2512 3418 3024 4106
17555 4 2 100 1 2627 2225 3221 3320
17556 4 2 100 1 2186 3256 2862 3977
17557 4 2 100 1 2529 2427 3626 3987
17558 4 2 100 1 1637 2939 1630 3692
17559 4 2 100 1 2393 3286 2609 3491
17560 4 2 100 1 381 380 382 3489
17561 4 2 100 1 2276 4062 2366 2883
17562 4 2 100 1 2497 3467 3290 3956
17563 4 2 100 1 2712 3165 2941 2182
17564 4 2 100 1 2410 3440 2755 3821
17565 4 2 100 1 2121 3317 3714 2287
17566 4 2 100 1 701 3630 2873 3783
17567 4 2 100 1 3250 2661 2164 4083
17568 4 2 100 1 713 2615 431 3713
17569 4 2 100 1 2862 3923 2503 3256
17570 4 2 100 1 2415 3715 3219 4055
17571 4 2 100 1 839 3142 841 4039
17572 4 2 100 1 467 2801 465 3659
17573 4 2 100 1 3626 4033 3933 2529
17574 4 2 100 1 589 3336 337 3204
17575 4 2 100 1 2821 2895 2188 2387
17576 4 2 100 1 1186 1076 3193 3452
17577 4 2 100 1 1468 91 2928 3989
17578 4 2 100 1 22 702 21 3134
17579 4 2 100 1 2349 2793 3482 2604
17580 4 2 100 1 2190 3908 2800 4056
17581 4 2 100 1 3384 3550 2210 3087
17582 4 2 100 1 2488 2298 2983 4107
17583 4 2 100 1 2739 2320 3416 3723
17584 4 2 100 1 1557 1527 1558 2958
17585 4 2 100 1 2642 2000 1783 2964
17586 4 2 100 1 367 3233 521 3775
17587 4 2 100 1 986 961 962 3008
17588 4 2 100 1 290 696 462 4037
17589 4 2 100 1 2491 3457 2833 3744
17590 4 2 100 1 3677 18 746 3073
17591 4 2 100 1 2380 3687 3079 3918
17592 4 2 100 1 2248 3666 3485 2980
17593 4 2 100 1 2337 2809 3126 3851
17594 4 2 100 1 811 813 812 3700
17595 4 2 100 1 1110 1075 3025 3622
17596 4 2 100 1 3220 3997 2406 2189
17597 4 2 100 1 2931 3034 1225 3471
17598 4 2 100 1 2425 3006 2747 4103
17599 4 2 100 1 684 157 2808 3701
17600 4 2 100 1 1067 2999 1415 3963
17601 4 2 100 1 2761 3383 488 3898
17602 4 2 100 1 2920 3347 2549 3786
17603 4 2 100 1 2289 3236 2999 3962
17604 4 2 100 1 1982 1568 3609 3894
17605 4 2 100 1 386 3262 631 3675
17606 4 2 100 1 1566 1567 1568 2583
17607 4 2 100 1 2106 3058 2679 4016
17608 4 2 100 1 472 2942 314 3557
17609 4 2 100 1 49 156 48 3701
17610 4 2 100 1 2166 2656 3421 3749
17611 4 2 100 1 1724 2866 1879 3556
17612 4 2 100 1 1048 1107 1248 2809
17613 4 2 100 1 2387 2557 3233 3917
17614 4 2 100 1 817 816 815 3113
17615 4 2 100 1 319 369 321 3064
17616 4 2 100 1 345 583 299 4076
17617 4 2 100 1 2695 3960 2397 4111
17618 4 2 100 1 2898 103 102 1535
17619 4 2 100 1 1223 31 2943 3644
17620 4 2 100 1 3226 3622 2373 3741
17621 4 2 100 1 2813 3410 1222 4114
17622 4 2 100 1 2246 3047 2567 3553
17623 4 2 100 1 2741 2769 2197 3375
17624 4 2 100 1 2780 3933 3270 3874
17625 4 2 100 1 2814 3887 2415 4082
17626 4 2 100 1 2495 3186 2836 4057
17627 4 2 100 1 3290 3467 2566 3956
17628 4 2 100 1 1433 3432 1490 3975
17629 4 2 100 1 631 573 164 3262
17630 4 2 100 1 1246 82 745 3978
17631 4 2 100 1 2615 2396 3941 3959
17632 4 2 100 1 3924 4089 2930 3621
17633 4 2 100 1 2616 3201 2768 2676
17634 4 2 100 1 2448 2412 3365 3174
17635 4 2 100 1 606 2654 39 3915
17636 4 2 100 1 2480 3165 2689 2290
17637 4 2 100 1 1807 3415 2869 3684
17638 4 2 100 1 1053 1058 1006 3605
17639 4 2 100 1 1149 2855 1392 3668
17640 4 2 100 1 1193 1194 1192 3395
17641 4 2 100 1 1791 3458 3039 4022
17642 4 2 100 1 2073 2536 1875 3680
17643 4 2 100 1 2567 2246 3179 3737
17644 4 2 100 1 2815 3603 1312 3842
17645 4 2 100 1 2130 2829 3200 3235
17646 4 2 100 1 3818 199 588 2663
17647 4 2 100 1 2261 3192 2788 4028
17648 4 2 100 1 2748 3637 3291 3880
17649 4 2 100 1 2591 2301 3390 3480
17650 4 2 100 1 2406 2967 2674 4017
17651 4 2 100 1 3136 2599 2339 2232
17652 4 2 100 1 2996 3034 2323 3478
17653 4 2 100 1 884 881 1261 3062
17654 4 2 100 1 1621 3398 1646 3626
17655 4 2 100 1 1428 812 1339 2969
17656 4 2 100 1 1377 1284 891 2822
17657 4 2 100 1 388 3238 435 3913
17658 4 2 100 1 2246 3680 3179 3737
17659 4 2 100 1 1849 1846 1848 3766
17660 4 2 100 1 2147 3019 3106 2341
17661 4 2 100 1 3517 3983 3764 2889
17662 4 2 100 1 550 549 4118 3805
17663 4 2 100 1 3152 3720 2330 3868
17664 4 2 100 1 1048 3730 3991 2910
17665 4 2 100 1 4108 2199 3900 2834
17666 4 2 100 1 267 293 270 2806
17667 4 2 100 1 18 3677 19 3606
17668 4 2 100 1 196 195 197 2923
17669 4 2 100 1 3924 4089 3621 2358
17670 4 2 100 1 2230 2990 3219 4055
17671 4 2 100 1 2400 2754 3251 3111
17672 4 2 100 1 2809 1484 1515 1248
17673 4 2 100 1 2134 2911 3109 3446
17674 4 2 100 1 235 3138 234 4065
17675 4 2 100 1 850 2932 877 3734
17676 4 2 100 1 2549 2233 2920 2853
17677 4 2 100 1 956 1189 1229 3657
17678 4 2 100 1 3454 3502 2276 2949
17679 4 2 100 1 3227 3858 2703 3862
17680 4 2 100 1 538 3138 2632 3420
17681 4 2 100 1 2602 2338 3283 2149
17682 4 2 100 1 3257 3378 1254 3604
17683 4 2 100 1 42 2947 546 3640
17684 4 2 100 1 533 364 634 3787
17685 4 2 100 1 861 849 851 3205
17686 4 2 100 1 3486 3706 3164 3794
17687 4 2 100 1 2369 3709 2822 4115
17688 4 2 100 1 2466 2128 2978 3879
17689 4 2 100 1 2747 2189 3218 3712
17690 4 2 100 1 2340 2724 2135 4020
17691 4 2 100 1 535 4137 2864 3516
17692 4 2 100 1 738 8 1475 3451
17693 4 2 100 1 277 269 278 3407
17694 4 2 100 1 1347 981 1065 3765
17695 4 2 100 1 2249 3324 2962 3340
17696 4 2 100 1 1724 2866 3556 3813
17697 4 2 100 1 3138 3814 2557 4076
17698 4 2 100 1 2130 3200 2829 3411
17699 4 2 100 1 1805 2907 1835 3415
17700 4 2 100 1 2225 2706 3272 3645
17701 4 2 100 1 3042 3187 2761 3716
17702 4 2 100 1 811 1340 814 3700
17703 4 2 100 1 572 2615 632 3727
17704 4 2 100 1 1801 1800 1732 3296
17705 4 2 100 1 3485 3666 2248 3087
17706 4 2 100 1 2103 2656 2551 3728
17707 4 2 100 1 2390 3490 3394 4005
17708 4 2 100 1 1924 1529 1944 3198
17709 4 2 100 1 3227 3858 3862 2209
17710 4 2 100 1 1528 131 2077 3177
17711 4 2 100 1 2662 1735 1695 1696
17712 4 2 100 1 1542 2017 3737 3197
17713 4 2 100 1 2199 2743 3031 3362
17714 4 2 100 1 1776 1777 1731 3120
17715 4 2 100 1 2297 3061 2818 4049
17716 4 2 100 1 2365 2814 3854 3855
17717 4 2 100 1 1330 3257 1254 3604
17718 4 2 100 1 3034 3410 2329 4114
17719 4 2 100 1 2750 2156 3060 3216
17720 4 2 100 1 2145 3592 3075 3920
17721 4 2 100 1 2662 1735 1696 1991
17722 4 2 100 1 186 560 75 3623
17723 4 2 100 1 2362 3400 3674 3891
17724 4 2 100 1 3058 3583 2679 4016
17725 4 2 100 1 2582 2888 3299 3823
17726 4 2 100 1 2327 2634 2193 2580
17727 4 2 100 1 2179 3041 2963 3861
17728 4 2 100 1 2712 2941 2124 2297
17729 4 2 100 1 3020 3774 3046 4109
17730 4 2 100 1 74 747 75 2839
17731 4 2 100 1 2735 3970 2091 4099
17732 4 2 100 1 2528 2348 3673 4045
17733 4 2 100 1 3088 3796 1394 3803
17734 4 2 100 1 2480 2689 3165 4052
17735 4 2 100 1 1450 941 1486 3575
17736 4 2 100 1 84 750 3368 3511
17737 4 2 100 1 2595 2258 2407 3852
17738 4 2 100 1 2116 2805 3195 4058
17739 4 2 100 1 2362 3106 3019 3891
17740 4 2 100 1 3045 1206 1148 2767
17741 4 2 100 1 24 1432 760 3743
17742 4 2 100 1 1136 1101 1362 3435
17743 4 2 100 1 2559 3181 3030 3693
17744 4 2 100 1 2149 3611 3011 3897
17745 4 2 100 1 2581 2250 3260 3514
17746 4 2 100 1 637 551 669 2696
17747 4 2 100 1 3011 3611 2597 3897
17748 4 2 100 1 1361 866 855 2856
17749 4 2 100 1 3508 4032 2661 2585
17750 4 2 100 1 1331 1115 847 3157
17751 4 2 100 1 2514 3755 3594 4069
17752 4 2 100 1 3219 3715 2415 3967
17753 4 2 100 1 2712 2666 2182 3789
17754 4 2 100 1 1345 3900 2834 4108
17755 4 2 100 1 188 39 606 2654
17756 4 2 100 1 2427 3458 2840 3874
17757 4 2 100 1 2813 3644 2365 3855
17758 4 2 100 1 2642 1775 1792 2072
17759 4 2 100 1 2250 3427 2737 4053
17760 4 2 100 1 18 19 3677 1461
17761 4 2 100 1 3580 3858 2554 3862
17762 4 2 100 1 1499 1365 3485 4100
17763 4 2 100 1 1048 3730 2910 1047
17764 4 2 100 1 2210 3135 2856 3282
17765 4 2 100 1 2957 3260 2250 3514
17766 4 2 100 1 1339 3603 2969 3889
17767 4 2 100 1 3045 1148 1206 1410
17768 4 2 100 1 2321 3072 2730 3547
17769 4 2 100 1 2114 2982 2759 3846
17770 4 2 100 1 878 837 879 3686
17771 4 2 100 1 2020 3154 1638 3300
17772 4 2 100 1 2633 3561 2911 3886
17773 4 2 100 1 106 2701 3600 3916
17774 4 2 100 1 2231 3497 3000 3925
17775 4 2 100 1 2718 3716 2280 3898
17776 4 2 100 1 534 675 399 3175
17777 4 2 100 1 2446 3553 2894 3933
17778 4 2 100 1 2093 2090 2642 3847
17779 4 2 100 1 1278 961 1277 3655
17780 4 2 100 1 2694 1844 3610 1918
17781 4 2 100 1 3865 3199 2307 2543
17782 4 2 100 1 1188 1202 3622 3935
17783 4 2 100 1 107 1985 106 2701
17784 4 2 100 1 1300 827 1358 3325
17785 4 2 100 1 2362 3372 2791 3674
17786 4 2 100 1 2220 2609 3286 3491
17787 4 2 100 1 2560 3588 2633 4092
17788 4 2 100 1 2829 3187 2534 3633
17789 4 2 100 1 1724 1878 1879 2866
17790 4 2 100 1 561 562 712 2518
17791 4 2 100 1 2054 1765 1771 3102
17792 4 2 100 1 346 3787 364 3249
17793 4 2 100 1 2959 595 427 3869
17794 4 2 100 1 1295 1483 1111 2324
17795 4 2 100 1 610 2819 4025 391
17796 4 2 100 1 1409 1277 1030 3590
17797 4 2 100 1 1669 1668 1667 3770
17798 4 2 100 1 2512 2368 3418 4013
17799 4 2 100 1 2351 3257 3217 4039
17800 4 2 100 1 3626 4033 2529 1651
17801 4 2 100 1 3693 2597 2238 3469
17802 4 2 100 1 2614 2377 3044 2176
17803 4 2 100 1 2665 3192 2599 3551
17804 4 2 100 1 2552 3319 2858 2214
17805 4 2 100 1 345 299 3173 4076
17806 4 2 100 1 1072 1108 1178 3091
17807 4 2 100 1 2387 3035 3162 2557
17808 4 2 100 1 611 3238 326 388
17809 4 2 100 1 3693 2238 2597 2527
17810 4 2 100 1 2556 3363 2929 2550
17811 4 2 100 1 2274 2547 2676 2976
17812 4 2 100 1 2242 2802 3187 4081
17813 4 2 100 1 720 727 731 3159
17814 4 2 100 1 2766 2936 2247 3740
17815 4 2 100 1 2307 3512 2542 3865
17816 4 2 100 1 1807 2869 1888 3684
17817 4 2 100 1 1850 2048 1536 3699
17818 4 2 100 1 2162 2694 3472 2330
17819 4 2 100 1 633 456 652 3638
17820 4 2 100 1 2121 2787 3083 3714
17821 4 2 100 1 2595 2234 3421 3426
17822 4 2 100 1 1397 2825 1255 904
17823 4 2 100 1 533 3171 233 532
17824 4 2 100 1 4109 3683 2251 3619
17825 4 2 100 1 2486 3176 2701 3600
17826 4 2 100 1 3344 3725 2756 2541
17827 4 2 100 1 2662 3479 3364 4061
17828 4 2 100 1 3683 2250 2153 2657
17829 4 2 100 1 2483 3373 2708 3867
17830 4 2 100 1 585 658 3238 3717
17831 4 2 100 1 338 2660 670 3496
17832 4 2 100 1 110 1524 1980 3450
17833 4 2 100 1 3426 3585 2550 4044
17834 4 2 100 1 201 601 315 3930
17835 4 2 100 1 3544 3526 2453 2243
17836 4 2 100 1 799 3313 798 3736
17837 4 2 100 1 200 202 201 3930
17838 4 2 100 1 403 352 367 2629
17839 4 2 100 1 2400 3111 3251 4058
17840 4 2 100 1 3012 3315 2578 3359
17841 4 2 100 1 1816 3044 1815 3764
17842 4 2 100 1 2170 3327 2884 3850
17843 4 2 100 1 918 919 920 4007
17844 4 2 100 1 3189 3224 2321 3636
17845 4 2 100 1 2962 3324 2111 3340
17846 4 2 100 1 1866 3565 1972 4104
17847 4 2 100 1 518 551 637 2696
17848 4 2 100 1 238 575 313 3035
17849 4 2 100 1 1846 2791 1845 3883
17850 4 2 100 1 2100 3131 2748 2693
17851 4 2 100 1 2616 2315 3524 3881
17852 4 2 100 1 631 681 423 3675
17853 4 2 100 1 2323 2702 3250 4083
17854 4 2 100 1 1293 1033 978 2773
17855 4 2 100 1 94 2649 1203 3936
17856 4 2 100 1 431 632 572 2615
17857 4 2 100 1 918 917 916 2896
17858 4 2 100 1 2599 2665 3551 3732
17859 4 2 100 1 1537 3065 128 3341
17860 4 2 100 1 2597 2238 3469 3934
17861 4 2 100 1 1393 1245 3614 3761
17862 4 2 100 1 2716 4046 4102 2333
17863 4 2 100 1 1803 1944 3198 3711
17864 4 2 100 1 2254 2715 3126 3511
17865 4 2 100 1 3142 4039 3939 2351
17866 4 2 100 1 1815 1833 1819 3764
17867 4 2 100 1 537 2885 187 54
17868 4 2 100 1 2823 3701 156 3928
17869 4 2 100 1 2587 3715 3563 4079
17870 4 2 100 1 3683 2153 2250 2576
17871 4 2 100 1 2090 4134 2093 2642
17872 4 2 100 1 3874 3537 2350 3458
17873 4 2 100 1 3034 3471 2323 3812
17874 4 2 100 1 1556 3078 3769 3102
17875 4 2 100 1 3086 3209 2422 3839
17876 4 2 100 1 2400 3396 2754 3111
17877 4 2 100 1 2217 3377 2709 3957
17878 4 2 100 1 680 4136 2749 175
17879 4 2 100 1 1548 2038 108 3375
17880 4 2 100 1 2643 3729 1613 4060
17881 4 2 100 1 2530 3593 2998 3715
17882 4 2 100 1 2223 3050 2728 3577
17883 4 2 100 1 561 160 562 2518
17884 4 2 100 1 840 841 839 3142
17885 4 2 100 1 697 481 484 3712
17886 4 2 100 1 775 1179 1225 2931
17887 4 2 100 1 3717 699 333 658
17888 4 2 100 1 276 301 300 3496
17889 4 2 100 1 3861 3244 2308 3199
17890 4 2 100 1 1310 1428 1444 3603
17891 4 2 100 1 854 856 855 3399
17892 4 2 100 1 198 3171 200 3599
17893 4 2 100 1 2661 3642 2470 2585
17894 4 2 100 1 2317 2434 2851 3893
17895 4 2 100 1 2380 3720 2282 4106
17896 4 2 100 1 725 2774 3516 719
17897 4 2 100 1 3631 1264 3149 1265
17898 4 2 100 1 533 3171 532 577
17899 4 2 100 1 69 770 3108 3779
17900 4 2 100 1 2221 2776 3350 3483
17901 4 2 100 1 3083 2287 2604 2565
17902 4 2 100 1 2472 3031 2743 3964
17903 4 2 100 1 1061 874 1345 2834
17904 4 2 100 1 2969 3501 2344 3603
17905 4 2 100 1 589 269 626 3407
17906 4 2 100 1 1953 1629 1968 4024
17907 4 2 100 1 920 2703 922 4007
17908 4 2 100 1 3769 4 125 2901
17909 4 2 100 1 2247 2936 2766 3395
17910 4 2 100 1 3386 3964 4051 2150
17911 4 2 100 1 891 1284 882 2822
17912 4 2 100 1 1177 3667 1493 3158
17913 4 2 100 1 1692 2894 1645 3972
17914 4 2 100 1 2234 3246 2595 2355
17915 4 2 100 1 2029 1624 2065 4060
17916 4 2 100 1 1995 3679 2680 3737
17917 4 2 100 1 873 1361 857 3282
17918 4 2 100 1 740 1518 2900 3816
17919 4 2 100 1 858 1355 860 3087
17920 4 2 100 1 2986 2960 831 2568
17921 4 2 100 1 2711 3590 1446 3848
17922 4 2 100 1 2259 3245 3237 3487
17923 4 2 100 1 2749 2163 3001 3156
17924 4 2 100 1 2694 1844 1918 1919
17925 4 2 100 1 3132 3564 2330 3720
17926 4 2 100 1 1679 2405 1861 3760
17927 4 2 100 1 3397 2460 2274 3201
17928 4 2 100 1 839 1276 1280 4039
17929 4 2 100 1 1103 3598 1136 1354
17930 4 2 100 1 2315 3881 3022 3947
17931 4 2 100 1 472 314 298 3557
17932 4 2 100 1 866 855 2856 3799
17933 4 2 100 1 2354 3124 2833 3719
17934 4 2 100 1 2128 2645 3163 3634
17935 4 2 100 1 3243 3328 2303 2159
17936 4 2 100 1 200 532 233 3171
17937 4 2 100 1 2023 1525 1927 4096
17938 4 2 100 1 2518 3393 2148 4018
17939 4 2 100 1 1674 1798 2006 3514
17940 4 2 100 1 1772 1970 1744 3040
17941 4 2 100 1 2312 3203 3319 3608
17942 4 2 100 1 705 657 2848 3830
17943 4 2 100 1 432 179 500 3302
17944 4 2 100 1 2147 3612 2607 4047
17945 4 2 100 1 2457 3312 2978 3543
17946 4 2 100 1 2800 3908 3070 4056
17947 4 2 100 1 1326 3098 958 4002
17948 4 2 100 1 1945 1739 3039 4022
17949 4 2 100 1 4004 3991 2910 2809
17950 4 2 100 1 1595 3118 3094 3811
17951 4 2 100 1 1178 3091 1108 3614
17952 4 2 100 1 2441 3343 3515 2279
17953 4 2 100 1 2380 3918 3720 4106
17954 4 2 100 1 2036 1737 2662 3556
17955 4 2 100 1 684 524 157 3701
17956 4 2 100 1 1954 1740 1793 3118
17957 4 2 100 1 1821 1819 2005 3764
17958 4 2 100 1 725 2774 719 723
17959 4 2 100 1 680 4136 175 549
17960 4 2 100 1 3746 1756 1867 4023
17961 4 2 100 1 831 2960 2986 1281
17962 4 2 100 1 2402 2999 3236 3962
17963 4 2 100 1 2171 2641 3255 3567
17964 4 2 100 1 1581 3392 1911 3537
17965 4 2 100 1 1747 1749 3448 4024
17966 4 2 100 1 167 2790 3334 627
17967 4 2 100 1 987 1272 1032 3203
17968 4 2 100 1 1683 1947 1691 3566
17969 4 2 100 1 2706 3421 2923 3817
17970 4 2 100 1 3219 3563 2587 3715
17971 4 2 100 1 1790 1706 2724 3987
17972 4 2 100 1 1310 1312 1311 2815
17973 4 2 100 1 472 3419 2942 3557
17974 4 2 100 1 4124 726 2749 718
17975 4 2 100 1 3953 3781 3466 2170
17976 4 2 100 1 2832 2669 3207 3654
17977 4 2 100 1 2326 3305 2696 3707
17978 4 2 100 1 3011 3611 2413 4010
17979 4 2 100 1 3735 3831 2598 2504
17980 4 2 100 1 1848 3766 1846 3883
17981 4 2 100 1 3275 3656 2608 4090
17982 4 2 100 1 502 2923 195 3817
17983 4 2 100 1 2344 1309 2944 2867
17984 4 2 100 1 2364 2176 2689 3983
17985 4 2 100 1 132 3177 1528 3504
17986 4 2 100 1 1687 1998 1766 3458
17987 4 2 100 1 1326 958 1001 4002
17988 4 2 100 1 1209 1038 957 2897
17989 4 2 100 1 2117 2922 3544 3984
17990 4 2 100 1 2226 3208 2697 3632
17991 4 2 100 1 2245 3777 3185 2680
17992 4 2 100 1 986 962 987 3203
17993 4 2 100 1 891 2822 882 4115
17994 4 2 100 1 125 1973 126 2930
17995 4 2 100 1 2693 3317 3079 2287
17996 4 2 100 1 1292 980 1056 3473
17997 4 2 100 1 2606 1530 3372 4043
17998 4 2 100 1 2687 2685 2295 3367
17999 4 2 100 1 2607 3612 2272 4047
18000 4 2 100 1 3434 3449 2434 3893
18001 4 2 100 1 425 495 2610 3904
18002 4 2 100 1 1214 2910 1213 1049
18003 4 2 100 1 3677 746 18 1461
18004 4 2 100 1 774 1196 1011 3288
18005 4 2 100 1 71 166 70 3872
18006 4 2 100 1 124 4 2051 3769
18007 4 2 100 1 1355 1013 1158 3666
18008 4 2 100 1 695 621 433 3373
18009 4 2 100 1 1555 4120 4132 3444
18010 4 2 100 1 63 162 550 4118
18011 4 2 100 1 2908 2253 3013 3936
18012 4 2 100 1 2539 3021 2740 4097
18013 4 2 100 1 3364 3556 2291 3813
18014 4 2 100 1 522 521 367 3233
18015 4 2 100 1 1132 1148 1463 3396
18016 4 2 100 1 2702 2661 3250 4083
18017 4 2 100 1 514 684 157 2808
18018 4 2 100 1 2272 2616 3524 3881
18019 4 2 100 1 2128 2972 2752 2998
18020 4 2 100 1 1864 1865 1854 3621
18021 4 2 100 1 793 2725 3631 3988
18022 4 2 100 1 2345 2220 2453 2631
18023 4 2 100 1 1995 2680 134 3737
18024 4 2 100 1 2578 2152 3562 3012
18025 4 2 100 1 2584 1756 4023 1868
18026 4 2 100 1 53 497 52 3867
18027 4 2 100 1 2943 657 666 30
18028 4 2 100 1 3280 3739 2658 3779
18029 4 2 100 1 498 403 2882 3180
18030 4 2 100 1 3260 3514 2957 3770
18031 4 2 100 1 3720 3721 2282 4106
18032 4 2 100 1 3958 2752 2998 2621
18033 4 2 100 1 1833 2005 3764 2889
18034 4 2 100 1 3836 46 178 47
18035 4 2 100 1 1359 3278 1091 3966
18036 4 2 100 1 2628 2138 3232 2278
18037 4 2 100 1 1693 1707 1708 4038
18038 4 2 100 1 2814 3855 2365 3887
18039 4 2 100 1 937 1337 959 4040
18040 4 2 100 1 3072 3636 2232 3690
18041 4 2 100 1 2120 3844 3423 2622
18042 4 2 100 1 2910 1248 2906 2809
18043 4 2 100 1 3257 3342 2235 3939
18044 4 2 100 1 4053 3819 2374 3155
18045 4 2 100 1 2451 3087 3384 2210
18046 4 2 100 1 2360 2583 3559 3894
18047 4 2 100 1 2253 2950 3409 3778
18048 4 2 100 1 1319 1320 3389 3453
18049 4 2 100 1 3976 2949 3671 2324
18050 4 2 100 1 2527 3897 2597 2966
18051 4 2 100 1 534 570 166 3525
18052 4 2 100 1 2589 3554 3141 4048
18053 4 2 100 1 711 490 616 3302
18054 4 2 100 1 2175 2751 3182 3566
18055 4 2 100 1 1672 1671 1635 2726
18056 4 2 100 1 3444 2156 2642 3970
18057 4 2 100 1 3014 3356 2203 3605
18058 4 2 100 1 3303 3530 2347 3797
18059 4 2 100 1 28 171 3727 4009
18060 4 2 100 1 2572 3376 2216 3433
18061 4 2 100 1 2609 3286 2393 3744
18062 4 2 100 1 2274 3397 3296 2460
18063 4 2 100 1 3587 3833 2565 2778
18064 4 2 100 1 1704 1968 1634 3498
18065 4 2 100 1 1219 3887 2814 4082
18066 4 2 100 1 3738 3385 3145 2764
18067 4 2 100 1 2103 3385 2551 3852
18068 4 2 100 1 2665 3007 3424 3690
18069 4 2 100 1 2185 3577 3167 4057
18070 4 2 100 1 1226 982 3100 3906
18071 4 2 100 1 927 929 928 3227
18072 4 2 100 1 3417 3435 1099 3796
18073 4 2 100 1 2691 3727 2357 4009
18074 4 2 100 1 2252 3069 3579 3798
18075 4 2 100 1 1544 2930 2044 3621
18076 4 2 100 1 2274 2521 3028 3952
18077 4 2 100 1 1115 1302 844 3597
18078 4 2 100 1 2967 3218 2189 3712
18079 4 2 100 1 3738 3145 3385 2103
18080 4 2 100 1 1799 1662 1663 3112
18081 4 2 100 1 1809 1832 1811 3832
18082 4 2 100 1 2300 3318 2559 3423
18083 4 2 100 1 1770 2841 1831 3517
18084 4 2 100 1 2257 2534 2992 2730
18085 4 2 100 1 275 251 276 3496
18086 4 2 100 1 640 3753 3447 579
18087 4 2 100 1 1369 1160 736 3949
18088 4 2 100 1 838 1459 1358 3325
18089 4 2 100 1 2829 2200 3633 4027
18090 4 2 100 1 239 235 238 3917
18091 4 2 100 1 2215 3100 2886 3906
18092 4 2 100 1 587 343 340 2821
18093 4 2 100 1 2029 1908 1787 3859
18094 4 2 100 1 2041 1748 3448 4099
18095 4 2 100 1 1257 883 3662 4115
18096 4 2 100 1 2547 3177 2958 2976
18097 4 2 100 1 2429 2996 3348 3864
18098 4 2 100 1 1340 1122 945 3483
18099 4 2 100 1 2535 3304 2997 3839
18100 4 2 100 1 885 3062 884 3748
18101 4 2 100 1 2288 2658 3058 3739
18102 4 2 100 1 2162 2716 3999 4046
18103 4 2 100 1 1 686 78 2664
18104 4 2 100 1 2319 3127 2805 3864
18105 4 2 100 1 2830 2143 2235 3773
18106 4 2 100 1 2226 3266 2792 3629
18107 4 2 100 1 3856 3826 2260 3232
18108 4 2 100 1 891 1377 2822 4105
18109 4 2 100 1 1284 1062 880 3709
18110 4 2 100 1 476 477 370 2718
18111 4 2 100 1 2930 2217 3957 4089
18112 4 2 100 1 3954 4056 2388 2861
18113 4 2 100 1 86 3372 2606 1530
18114 4 2 100 1 203 204 205 4017
18115 4 2 100 1 922 926 934 2865
18116 4 2 100 1 2376 3138 2632 3783
18117 4 2 100 1 1020 3278 2434 4078
18118 4 2 100 1 2462 3264 2737 2102
18119 4 2 100 1 4020 4033 2446 3322
18120 4 2 100 1 4029 1934 2655 1699
18121 4 2 100 1 184 4082 34 35
18122 4 2 100 1 2217 2709 3377 3601
18123 4 2 100 1 2219 3918 3687 4106
18124 4 2 100 1 2315 2746 3223 3684
18125 4 2 100 1 2470 2922 2164 3984
18126 4 2 100 1 990 1066 1298 3107
18127 4 2 100 1 1266 3631 795 3736
18128 4 2 100 1 2665 2262 3181 2817
18129 4 2 100 1 1143 1271 2691 3704
18130 4 2 100 1 1925 3293 1536 3699
18131 4 2 100 1 2625 3183 2215 4045
18132 4 2 100 1 706 4130 162 613
18133 4 2 100 1 3061 3140 2327 4049
18134 4 2 100 1 3096 3733 1375 3949
18135 4 2 100 1 867 3087 1355 3666
18136 4 2 100 1 2448 2412 3174 3589
18137 4 2 100 1 1372 770 3779 3828
18138 4 2 100 1 2838 2232 3636 3690
18139 4 2 100 1 3083 2287 2565 2121
18140 4 2 100 1 1994 1852 1854 3699
18141 4 2 100 1 2153 2176 2689 3664
18142 4 2 100 1 1779 2037 1541 3679
18143 4 2 100 1 3132 3152 2222 3720
18144 4 2 100 1 1131 1077 1078 3718
18145 4 2 100 1 2628 2138 2278 3774
18146 4 2 100 1 3729 3947 3881 2315
18147 4 2 100 1 2200 3059 2802 3284
18148 4 2 100 1 5 94 1926 4026
18149 4 2 100 1 407 620 408 3436
18150 4 2 100 1 2697 3126 2449 3790
18151 4 2 100 1 118 3132 1531 3564
18152 4 2 100 1 1612 1609 1611 4060
18153 4 2 100 1 2743 3354 2472 3975
18154 4 2 100 1 757 1243 1242 2831
18155 4 2 100 1 2292 2615 2849 3628
18156 4 2 100 1 2922 3184 2228 3526
18157 4 2 100 1 472 298 316 3557
18158 4 2 100 1 2291 2832 3654 3182
18159 4 2 100 1 3628 3509 3860 2292
18160 4 2 100 1 2328 3440 3598 4064
18161 4 2 100 1 2124 3573 2712 2297
18162 4 2 100 1 734 120 2733 3431
18163 4 2 100 1 2397 3568 3004 4111
18164 4 2 100 1 1771 2039 1922 3102
18165 4 2 100 1 2489 3746 2727 4023
18166 4 2 100 1 3407 2266 2650 4019
18167 4 2 100 1 2873 3630 2376 3783
18168 4 2 100 1 1241 1147 1457 3816
18169 4 2 100 1 691 602 361 3756
18170 4 2 100 1 737 22 21 3134
18171 4 2 100 1 2089 2735 2091 2085
18172 4 2 100 1 218 219 217 4103
18173 4 2 100 1 2322 2773 2183 3467
18174 4 2 100 1 586 3064 322 3539
18175 4 2 100 1 2360 2751 3182 3294
18176 4 2 100 1 3775 418 329 422
18177 4 2 100 1 2690 3921 1082 3945
18178 4 2 100 1 2546 2460 3397 3201
18179 4 2 100 1 86 3372 1530 1931
18180 4 2 100 1 3436 4090 3468 2283
18181 4 2 100 1 1048 1049 1047 2910
18182 4 2 100 1 1940 1799 1663 3112
18183 4 2 100 1 71 571 166 3872
18184 4 2 100 1 1454 1291 1033 2773
18185 4 2 100 1 1310 1311 1308 2867
18186 4 2 100 1 3766 2049 1846 2791
18187 4 2 100 1 1349 3279 826 3548
18188 4 2 100 1 31 666 2943 3644
18189 4 2 100 1 1995 135 3679 3737
18190 4 2 100 1 2446 3972 3322 4033
18191 4 2 100 1 3759 3523 2284 3504
18192 4 2 100 1 2792 3691 3131 2327
18193 4 2 100 1 780 1225 3034 3471
18194 4 2 100 1 2965 3722 2385 2359
18195 4 2 100 1 2385 3263 2726 3722
18196 4 2 100 1 2239 2759 3846 3495
18197 4 2 100 1 2341 3191 2768 3229
18198 4 2 100 1 2493 2958 3177 2976
18199 4 2 100 1 480 697 575 3006
18200 4 2 100 1 2213 3781 3161 2622
18201 4 2 100 1 3227 3858 2209 3295
18202 4 2 100 1 2213 3781 2622 3623
18203 4 2 100 1 1939 3094 1595 3118
18204 4 2 100 1 4010 3025 3635 2207
18205 4 2 100 1 2267 3643 2575 3973
18206 4 2 100 1 2858 3544 2470 3984
18207 4 2 100 1 2555 3706 3486 3794
18208 4 2 100 1 2171 3316 2641 3567
18209 4 2 100 1 1621 1651 1962 3398
18210 4 2 100 1 801 800 1345 3900
18211 4 2 100 1 1481 1025 1287 3003
18212 4 2 100 1 1555 4120 3444 1952
18213 4 2 100 1 633 415 416 3638
18214 4 2 100 1 231 220 229 3420
18215 4 2 100 1 2485 3998 3073 4018
18216 4 2 100 1 57 189 4119 599
18217 4 2 100 1 2662 2291 3364 3556
18218 4 2 100 1 1150 1151 3382 3938
18219 4 2 100 1 1155 1489 1156 3507
18220 4 2 100 1 2459 3801 2779 3932
18221 4 2 100 1 2604 3873 3074 2793
18222 4 2 100 1 2329 3854 2931 4114
18223 4 2 100 1 1728 2014 1786 2722
18224 4 2 100 1 2613 2172 3755 4069
18225 4 2 100 1 3409 4008 3778 2618
18226 4 2 100 1 1328 840 989 3365
18227 4 2 100 1 2888 3200 2130 3518
18228 4 2 100 1 2801 3659 3486 4036
18229 4 2 100 1 2514 4069 3594 4085
18230 4 2 100 1 885 886 3662 3748
18231 4 2 100 1 1270 2649 1500 3797
18232 4 2 100 1 2742 3598 2451 4086
18233 4 2 100 1 3409 4008 2618 3791
18234 4 2 100 1 2138 2575 3020 3643
18235 4 2 100 1 2008 2529 1652 3987
18236 4 2 100 1 216 212 3218 3503
18237 4 2 100 1 1006 3356 3014 3605
18238 4 2 100 1 1463 1462 3396 3828
18239 4 2 100 1 1858 2047 2028 3618
18240 4 2 100 1 1064 1353 1473 3529
18241 4 2 100 1 2808 3405 2326 3707
18242 4 2 100 1 1939 1882 1884 3412
18243 4 2 100 1 3074 3873 2604 2125
18244 4 2 100 1 4056 4031 3070 2861
18245 4 2 100 1 2246 2780 3047 3553
18246 4 2 100 1 2247 3051 3352 3543
18247 4 2 100 1 3905 3861 2963 3353
18248 4 2 100 1 3130 3124 2269 3660
18249 4 2 100 1 2398 3432 2850 4051
18250 4 2 100 1 671 339 2895 3849
18251 4 2 100 1 875 876 1292 3477
18252 4 2 100 1 2313 2656 2551 3749
18253 4 2 100 1 2732 2171 3255 3567
18254 4 2 100 1 22 23 185 3134
18255 4 2 100 1 1275 1372 92 2857
18256 4 2 100 1 3489 375 376 596
18257 4 2 100 1 2602 3278 2317 2434
18258 4 2 100 1 2109 3943 3136 2496
18259 4 2 100 1 1979 2694 1920 3479
18260 4 2 100 1 1421 3073 17 3284
18261 4 2 100 1 2358 2521 3565 4104
18262 4 2 100 1 845 3835 3217 4039
18263 4 2 100 1 1579 1742 1911 3392
18264 4 2 100 1 3083 2287 2121 3714
18265 4 2 100 1 1848 2760 3766 3883
18266 4 2 100 1 391 610 594 4025
18267 4 2 100 1 1979 2694 3479 3610
18268 4 2 100 1 3489 375 596 2948
18269 4 2 100 1 2124 2575 3394 3986
18270 4 2 100 1 2492 3557 3560 4035
18271 4 2 100 1 2390 2908 3490 4005
18272 4 2 100 1 882 2822 1284 3709
18273 4 2 100 1 2344 3147 2867 3914
18274 4 2 100 1 1284 1062 3709 2822
18275 4 2 100 1 3000 3072 2321 3224
18276 4 2 100 1 1833 3764 2005 1819
18277 4 2 100 1 1120 3635 2825 4091
18278 4 2 100 1 2375 3555 2846 2341
18279 4 2 100 1 3192 2232 2599 2496
18280 4 2 100 1 1887 1703 1937 3133
18281 4 2 100 1 2919 3026 2363 3670
18282 4 2 100 1 740 1457 1518 3816
18283 4 2 100 1 986 1277 3008 3590
18284 4 2 100 1 706 4130 613 2774
18285 4 2 100 1 1757 1756 1719 3479
18286 4 2 100 1 2561 2862 3256 3977
18287 4 2 100 1 1159 3751 3215 3916
18288 4 2 100 1 2631 2983 2488 4071
18289 4 2 100 1 3144 3393 2518 3606
18290 4 2 100 1 1863 2374 1773 3810
18291 4 2 100 1 3116 2428 3773 3929
18292 4 2 100 1 2851 3104 2317 4098
18293 4 2 100 1 937 3307 1337 4040
18294 4 2 100 1 1949 1913 2021 3185
18295 4 2 100 1 15 765 16 3284
18296 4 2 100 1 439 2849 705 3419
18297 4 2 100 1 4123 4133 3443 2030
18298 4 2 100 1 2640 3416 2320 3723
18299 4 2 100 1 3116 3379 2428 3929
18300 4 2 100 1 2745 3485 2999 3663
18301 4 2 100 1 1887 1831 1770 2841
18302 4 2 100 1 2054 3102 2026 3853
18303 4 2 100 1 2314 2648 3554 3968
18304 4 2 100 1 2118 2619 3007 4095
18305 4 2 100 1 2122 3484 3291 3880
18306 4 2 100 1 1063 3351 984 3802
18307 4 2 100 1 2579 2814 3967 4082
18308 4 2 100 1 2860 2337 3991 4112
18309 4 2 100 1 2566 3467 2936 3740
18310 4 2 100 1 1176 1011 3288 3475
18311 4 2 100 1 2970 418 600 563
18312 4 2 100 1 927 969 929 3227
18313 4 2 100 1 4016 3143 3080 2106
18314 4 2 100 1 2154 2863 2538 3870
18315 4 2 100 1 2725 796 3736 3975
18316 4 2 100 1 2296 2143 2830 3773
18317 4 2 100 1 1256 1424 2906 3825
18318 4 2 100 1 1062 1281 878 2960
18319 4 2 100 1 2851 2434 2317 4078
18320 4 2 100 1 1983 3176 2055 3809
18321 4 2 100 1 2386 2688 3403 2149
18322 4 2 100 1 1846 3766 2791 3883
18323 4 2 100 1 282 3672 274 273
18324 4 2 100 1 1117 1119 1028 2639
18325 4 2 100 1 2102 2768 3785 2676
18326 4 2 100 1 1916 1676 2009 3322
18327 4 2 100 1 2316 2940 2884 3953
18328 4 2 100 1 2901 2930 2217 3957
18329 4 2 100 1 488 384 2761 3898
18330 4 2 100 1 2324 2685 2672 3976
18331 4 2 100 1 1604 1948 1889 4000
18332 4 2 100 1 3080 3143 4016 2367
18333 4 2 100 1 2911 3446 2404 4042
18334 4 2 100 1 226 3244 545 4080
18335 4 2 100 1 195 2923 196 3818
18336 4 2 100 1 3634 2977 4055 3795
18337 4 2 100 1 1085 1425 1144 3002
18338 4 2 100 1 1191 983 2860 3991
18339 4 2 100 1 1929 2005 1523 3369
18340 4 2 100 1 908 2755 1469 4064
18341 4 2 100 1 1905 2081 1921 3570
18342 4 2 100 1 2706 2355 3117 3955
18343 4 2 100 1 1318 2944 1307 3922
18344 4 2 100 1 1514 1111 1414 3406
18345 4 2 100 1 531 175 659 2749
18346 4 2 100 1 1669 1670 1668 3770
18347 4 2 100 1 1758 1880 2036 3364
18348 4 2 100 1 2250 3683 3259 4053
18349 4 2 100 1 2258 3166 2992 3829
18350 4 2 100 1 2190 2388 3973 4015
18351 4 2 100 1 2127 3320 2795 2992
18352 4 2 100 1 135 1520 3179 3737
18353 4 2 100 1 2344 3297 2994 3561
18354 4 2 100 1 3156 544 619 2885
18355 4 2 100 1 653 705 2849 3830
18356 4 2 100 1 651 2990 3345 471
18357 4 2 100 1 1175 2928 92 3613
18358 4 2 100 1 2682 3370 2883 3576
18359 4 2 100 1 1886 2042 1748 2753
18360 4 2 100 1 2771 3796 3494 3803
18361 4 2 100 1 885 3062 3748 3662
18362 4 2 100 1 1826 3782 1823 1827
18363 4 2 100 1 814 815 813 3700
18364 4 2 100 1 2829 3212 2130 3411
18365 4 2 100 1 3452 1050 1191 3991
18366 4 2 100 1 1078 1148 1132 3396
18367 4 2 100 1 3008 3648 961 3892
18368 4 2 100 1 1553 1900 1901 2735
18369 4 2 100 1 2397 2164 3089 3358
18370 4 2 100 1 765 1171 1421 2771
18371 4 2 100 1 2406 2674 2967 3997
18372 4 2 100 1 2254 3368 2715 3511
18373 4 2 100 1 1270 1500 89 3797
18374 4 2 100 1 2929 3363 2416 2550
18375 4 2 100 1 4106 3439 3721 2137
18376 4 2 100 1 1150 1149 1052 3382
18377 4 2 100 1 164 526 681 2988
18378 4 2 100 1 1306 1307 1308 2867
18379 4 2 100 1 2718 2280 3321 3898
18380 4 2 100 1 2624 3317 2255 2136
18381 4 2 100 1 3156 619 544 434
18382 4 2 100 1 1833 2018 2889 4005
18383 4 2 100 1 2234 2595 3246 3426
18384 4 2 100 1 629 258 595 3708
18385 4 2 100 1 1043 1063 1139 3351
18386 4 2 100 1 1886 1526 2042 2753
18387 4 2 100 1 1895 1727 1787 3859
18388 4 2 100 1 2316 3318 2940 3423
18389 4 2 100 1 2082 2091 2092 4099
18390 4 2 100 1 697 3006 480 3712
18391 4 2 100 1 466 465 284 3659
18392 4 2 100 1 3953 3781 2170 3549
18393 4 2 100 1 2120 3469 3693 3844
18394 4 2 100 1 3409 4008 3791 2253
18395 4 2 100 1 2331 3491 2852 2099
18396 4 2 100 1 575 3035 238 4065
18397 4 2 100 1 2625 2215 3310 4045
18398 4 2 100 1 2539 2867 3914 3922
18399 4 2 100 1 922 926 2865 2703
18400 4 2 100 1 2291 2866 3556 3771
18401 4 2 100 1 752 71 1205 2767
18402 4 2 100 1 2558 2411 3523 2107
18403 4 2 100 1 2402 2980 3485 4100
18404 4 2 100 1 2134 2994 3297 3561
18405 4 2 100 1 2267 3369 3643 3973
18406 4 2 100 1 1316 1501 1472 3584
18407 4 2 100 1 1219 3855 748 1179
18408 4 2 100 1 2733 3132 2222 3431
18409 4 2 100 1 443 3845 3672 3077
18410 4 2 100 1 2864 2163 3159 3302
18411 4 2 100 1 2077 2025 1801 3296
18412 4 2 100 1 2883 3370 2209 3576
18413 4 2 100 1 2331 3304 2945 3567
18414 4 2 100 1 985 3351 984 1043
18415 4 2 100 1 3152 3196 2121 3868
18416 4 2 100 1 2694 3472 2330 3564
18417 4 2 100 1 2296 2659 3773 3929
18418 4 2 100 1 2282 2716 3414 3999
18419 4 2 100 1 4087 3844 2622 2300
18420 4 2 100 1 2417 3794 2650 4037
18421 4 2 100 1 1734 1733 1774 2750
18422 4 2 100 1 1707 1693 1692 4038
18423 4 2 100 1 1940 1663 1700 3112
18424 4 2 100 1 2229 3304 2945 3946
18425 4 2 100 1 1768 3259 1795 1796
18426 4 2 100 1 41 3272 173 3640
18427 4 2 100 1 3016 3185 2245 3273
18428 4 2 100 1 4106 3439 2137 3601
18429 4 2 100 1 2830 2296 3773 3961
18430 4 2 100 1 1219 773 754 2814
18431 4 2 100 1 1755 2647 1762 3841
18432 4 2 100 1 804 805 3066 4108
18433 4 2 100 1 2053 1554 1973 3843
18434 4 2 100 1 4121 174 700 3516
18435 4 2 100 1 78 686 190 3271
18436 4 2 100 1 946 981 935 3765
18437 4 2 100 1 1048 3730 1047 983
18438 4 2 100 1 3111 3158 2319 3989
18439 4 2 100 1 3989 1174 1177 3475
18440 4 2 100 1 2620 2275 3319 3750
18441 4 2 100 1 797 2743 3736 3975
18442 4 2 100 1 1889 2075 1602 2746
18443 4 2 100 1 3401 3866 2509 3960
18444 4 2 100 1 156 528 527 2823
18445 4 2 100 1 2550 3246 3145 3426
18446 4 2 100 1 352 485 344 3713
18447 4 2 100 1 2227 2632 3138 3420
18448 4 2 100 1 849 847 848 3157
18449 4 2 100 1 2794 2126 3308 3877
18450 4 2 100 1 2959 2307 2692 3979
18451 4 2 100 1 2398 2850 3314 4051
18452 4 2 100 1 2462 2737 3337 2102
18453 4 2 100 1 978 3301 948 3665
18454 4 2 100 1 2566 3467 3740 3956
18455 4 2 100 1 805 3588 3066 4108
18456 4 2 100 1 2190 3101 3214 3702
18457 4 2 100 1 1964 1874 1873 2965
18458 4 2 100 1 3891 2954 2370 2600
18459 4 2 100 1 2206 2698 3240 3871
18460 4 2 100 1 3206 4068 3449 2196
18461 4 2 100 1 3717 273 282 609
18462 4 2 100 1 957 900 1040 3408
18463 4 2 100 1 2906 3923 2186 3256
18464 4 2 100 1 2248 3485 2745 3663
18465 4 2 100 1 2370 2954 3891 2115
18466 4 2 100 1 3269 3773 2296 3961
18467 4 2 100 1 2295 2685 2672 3367
18468 4 2 100 1 2597 4010 3213 4011
18469 4 2 100 1 3134 3290 2566 3956
18470 4 2 100 1 1681 1684 1683 3566
18471 4 2 100 1 2269 3113 3090 3548
18472 4 2 100 1 1982 3609 2704 3894
18473 4 2 100 1 1372 1462 770 3828
18474 4 2 100 1 1257 3029 1357 2886
18475 4 2 100 1 2549 2195 3786 3806
18476 4 2 100 1 119 1531 118 3132
18477 4 2 100 1 2022 1956 1624 3586
18478 4 2 100 1 4020 4033 3322 2529
18479 4 2 100 1 4087 3844 2300 3464
18480 4 2 100 1 2117 2298 2983 4071
18481 4 2 100 1 3026 3346 2438 3950
18482 4 2 100 1 2795 2127 2525 4054
18483 4 2 100 1 465 464 284 3659
18484 4 2 100 1 2118 3007 3424 4095
18485 4 2 100 1 2558 3592 2891 3920
18486 4 2 100 1 2664 3271 78 2700
18487 4 2 100 1 2329 3034 2996 3478
18488 4 2 100 1 3948 2280 3067 3716
18489 4 2 100 1 3492 3542 2339 2128
18490 4 2 100 1 1006 3356 3605 1058
18491 4 2 100 1 1163 2820 1334 4084
18492 4 2 100 1 1084 1080 1085 3481
18493 4 2 100 1 2198 3290 3134 3956
18494 4 2 100 1 1215 1214 1424 2906
18495 4 2 100 1 1810 1951 2869 3832
18496 4 2 100 1 529 3496 3951 338
18497 4 2 100 1 1270 3158 2649 3797
18498 4 2 100 1 1003 1052 1142 3668
18499 4 2 100 1 1411 1177 1176 3475
18500 4 2 100 1 658 436 585 3238
18501 4 2 100 1 1809 1813 1832 2916
18502 4 2 100 1 3750 3225 3848 2268
18503 4 2 100 1 2904 3380 2473 3974
18504 4 2 100 1 72 71 752 2767
18505 4 2 100 1 1567 2583 3273 2476
18506 4 2 100 1 1378 1330 1254 3604
18507 4 2 100 1 1529 114 115 3333
18508 4 2 100 1 1726 2081 2015 3570
18509 4 2 100 1 2141 2764 3323 3814
18510 4 2 100 1 3039 1648 1646 3626
18511 4 2 100 1 2928 3111 2319 3989
18512 4 2 100 1 18 3606 3073 3677
18513 4 2 100 1 2594 2201 3563 3739
18514 4 2 100 1 607 479 674 3222
18515 4 2 100 1 1909 1619 1617 2961
18516 4 2 100 1 998 1226 2879 3906
18517 4 2 100 1 1470 1170 1445 3174
18518 4 2 100 1 1303 1302 3597 3944
18519 4 2 100 1 1271 1456 1143 2691
18520 4 2 100 1 2322 3665 2699 4072
18521 4 2 100 1 383 312 407 3436
18522 4 2 100 1 2559 3693 3030 3844
18523 4 2 100 1 1747 1748 1722 3060
18524 4 2 100 1 1091 1359 1074 3278
18525 4 2 100 1 3077 3672 3620 3845
18526 4 2 100 1 2092 3970 2753 4099
18527 4 2 100 1 2702 3408 2897 2661
18528 4 2 100 1 1500 3797 2649 4026
18529 4 2 100 1 2275 2620 3590 3750
18530 4 2 100 1 1041 898 1244 3747
18531 4 2 100 1 3891 2933 2370 2115
18532 4 2 100 1 1364 1254 3378 3604
18533 4 2 100 1 2998 3715 3593 3967
18534 4 2 100 1 1041 3034 1383 4114
18535 4 2 100 1 946 935 3254 3765
18536 4 2 100 1 1245 1178 1108 3614
18537 4 2 100 1 2090 2089 3444 3970
18538 4 2 100 1 680 4136 549 3805
18539 4 2 100 1 2118 3328 3243 4095
18540 4 2 100 1 2896 923 4007 918
18541 4 2 100 1 2658 3280 2201 3739
18542 4 2 100 1 3714 3317 2454 2287
18543 4 2 100 1 3525 3280 181 69
18544 4 2 100 1 1366 3307 923 4007
18545 4 2 100 1 1648 1978 3626 3987
18546 4 2 100 1 3881 3729 3745 2643
18547 4 2 100 1 918 1366 923 4007
18548 4 2 100 1 960 958 1326 3098
18549 4 2 100 1 2175 3182 2751 3294
18550 4 2 100 1 3733 3966 3650 3096
18551 4 2 100 1 1400 3009 1188 3622
18552 4 2 100 1 1361 855 857 2856
18553 4 2 100 1 2815 3147 2344 4113
18554 4 2 100 1 651 2990 471 161
18555 4 2 100 1 1440 2771 1171 3796
18556 4 2 100 1 2266 3407 3330 4019
18557 4 2 100 1 2581 3260 3055 3770
18558 4 2 100 1 69 3280 181 2
18559 4 2 100 1 3758 3661 3120 2246
18560 4 2 100 1 2312 3203 3008 3319
18561 4 2 100 1 1136 2742 1362 4086
18562 4 2 100 1 2291 3556 3182 3771
18563 4 2 100 1 1530 1845 2049 4043
18564 4 2 100 1 619 544 187 2885
18565 4 2 100 1 2637 2338 3650 3966
18566 4 2 100 1 3750 3225 2268 3508
18567 4 2 100 1 3007 2619 3578 4095
18568 4 2 100 1 1037 1231 1036 3635
18569 4 2 100 1 2186 3923 2862 3256
18570 4 2 100 1 1320 1423 3389 3921
18571 4 2 100 1 2606 2254 3311 3674
18572 4 2 100 1 1913 1541 3016 2680
18573 4 2 100 1 2203 3356 3014 2699
18574 4 2 100 1 3769 125 4 2051
18575 4 2 100 1 2310 3701 2823 3928
18576 4 2 100 1 1871 3179 1520 3737
18577 4 2 100 1 837 2986 833 3980
18578 4 2 100 1 101 1258 3792 3875
18579 4 2 100 1 2931 3854 2814 3855
18580 4 2 100 1 2364 3394 2889 3983
18581 4 2 100 1 2459 3801 3932 3981
18582 4 2 100 1 2359 3498 3247 4024
18583 4 2 100 1 2202 2714 3237 3010
18584 4 2 100 1 2447 3338 2627 3645
18585 4 2 100 1 2186 3183 2862 3923
18586 4 2 100 1 310 2873 306 2785
18587 4 2 100 1 2812 3742 2685 3946
18588 4 2 100 1 1638 3745 1632 3265
18589 4 2 100 1 3819 1980 1915 3450
18590 4 2 100 1 204 2674 523 598
18591 4 2 100 1 672 55 3 4127
18592 4 2 100 1 2133 3778 3010 4008
18593 4 2 100 1 2187 3706 3169 3738
18594 4 2 100 1 2569 3285 3940 4107
18595 4 2 100 1 3902 3737 2680 3679
18596 4 2 100 1 3053 2553 3379 4075
18597 4 2 100 1 2121 2787 3714 3317
18598 4 2 100 1 3758 3120 3661 2450
18599 4 2 100 1 2449 2783 3347 3806
18600 4 2 100 1 2339 2599 3267 3732
18601 4 2 100 1 1890 1542 133 3504
18602 4 2 100 1 2113 2648 3627 3968
18603 4 2 100 1 3338 3577 3167 2311
18604 4 2 100 1 836 840 839 3142
18605 4 2 100 1 2371 3057 3870 4075
18606 4 2 100 1 2881 3127 2612 2173
18607 4 2 100 1 2420 3099 3637 3880
18608 4 2 100 1 2116 3251 2714 4058
18609 4 2 100 1 3409 4008 2253 3778
18610 4 2 100 1 2628 2138 3774 3046
18611 4 2 100 1 1270 753 3158 3797
18612 4 2 100 1 158 3180 454 624
18613 4 2 100 1 3864 3784 2173 3127
18614 4 2 100 1 2959 2692 2307 3340
18615 4 2 100 1 1813 1824 1832 3252
18616 4 2 100 1 1275 1462 1372 2857
18617 4 2 100 1 2224 2278 2748 3637
18618 4 2 100 1 2330 2694 3564 3596
18619 4 2 100 1 814 3682 815 3700
18620 4 2 100 1 1154 1153 1151 3531
18621 4 2 100 1 2370 2818 3488 3691
18622 4 2 100 1 1450 930 941 3688
18623 4 2 100 1 2572 3376 3433 4025
18624 4 2 100 1 1941 3390 1660 3480
18625 4 2 100 1 1503 1259 1044 3996
18626 4 2 100 1 1830 1846 1845 3883
18627 4 2 100 1 1813 1824 3252 4096
18628 4 2 100 1 2100 3121 3488 3691
18629 4 2 100 1 213 212 214 3503
18630 4 2 100 1 1146 1517 1442 3354
18631 4 2 100 1 2563 3015 2935 3696
18632 4 2 100 1 949 978 948 3665
18633 4 2 100 1 2512 3418 2716 4013
18634 4 2 100 1 1592 1659 3390 3422
18635 4 2 100 1 3494 3998 3284 2200
18636 4 2 100 1 129 1537 128 3341
18637 4 2 100 1 2857 3396 1462 3828
18638 4 2 100 1 2302 3695 2718 3827
18639 4 2 100 1 1842 1591 1572 3095
18640 4 2 100 1 2561 3629 2862 3977
18641 4 2 100 1 744 29 1271 4009
18642 4 2 100 1 4061 3610 3414 2662
18643 4 2 100 1 2342 3602 2905 3703
18644 4 2 100 1 3338 3577 2311 2611
18645 4 2 100 1 363 296 585 3238
18646 4 2 100 1 1343 2756 1344 2541
18647 4 2 100 1 3039 1646 1648 1739
18648 4 2 100 1 661 3194 448 3334
18649 4 2 100 1 499 267 261 3376
18650 4 2 100 1 1599 1627 1629 3247
18651 4 2 100 1 1514 2324 1287 1111
18652 4 2 100 1 2647 3972 3322 2446
18653 4 2 100 1 2627 3510 2258 3338
18654 4 2 100 1 2170 2884 3403 3850
18655 4 2 100 1 2834 3569 874 4108
18656 4 2 100 1 1456 28 3727 4009
18657 4 2 100 1 4056 4031 2861 2332
18658 4 2 100 1 677 648 369 2823
18659 4 2 100 1 2990 650 184 4003
18660 4 2 100 1 980 1034 1056 3473
18661 4 2 100 1 1074 3278 1020 4078
18662 4 2 100 1 970 1335 933 3582
18663 4 2 100 1 525 41 3640 3896
18664 4 2 100 1 1019 1332 1073 4078
18665 4 2 100 1 437 602 355 2598
18666 4 2 100 1 2284 3197 3068 3759
18667 4 2 100 1 2632 3420 2425 3905
18668 4 2 100 1 3132 3431 2078 4023
18669 4 2 100 1 775 777 776 3471
18670 4 2 100 1 2590 2190 4015 4056
18671 4 2 100 1 3733 3650 3966 2637
18672 4 2 100 1 910 3940 912 911
18673 4 2 100 1 2788 2601 3465 4028
18674 4 2 100 1 2151 3587 2565 4094
18675 4 2 100 1 180 590 3119 3538
18676 4 2 100 1 611 682 2948 3913
18677 4 2 100 1 222 224 646 3726
18678 4 2 100 1 3566 1695 1685 2662
18679 4 2 100 1 1085 1333 1425 3002
18680 4 2 100 1 1752 1751 1734 3216
18681 4 2 100 1 2361 3391 2638 3663
18682 4 2 100 1 2335 3256 2709 3772
18683 4 2 100 1 1821 1929 1933 3369
18684 4 2 100 1 2332 2897 3360 4032
18685 4 2 100 1 910 3940 911 802
18686 4 2 100 1 2112 3705 2657 4053
18687 4 2 100 1 2470 3642 3017 2585
18688 4 2 100 1 1416 1289 1290 3283
18689 4 2 100 1 1181 1189 1038 2902
18690 4 2 100 1 1468 2928 1175 3989
18691 4 2 100 1 1171 3796 2771 3803
18692 4 2 100 1 1843 1591 1842 3095
18693 4 2 100 1 2330 3720 3472 3868
18694 4 2 100 1 3865 3199 2543 3861
18695 4 2 100 1 2129 3466 3910 2447
18696 4 2 100 1 837 833 835 3980
18697 4 2 100 1 2933 3311 2254 3674
18698 4 2 100 1 2703 3858 3580 3862
18699 4 2 100 1 2409 3681 2648 3965
18700 4 2 100 1 497 2598 169 3867
18701 4 2 100 1 1145 1415 2999 3963
18702 4 2 100 1 2730 2384 3925 3982
18703 4 2 100 1 453 394 643 3041
18704 4 2 100 1 165 645 16 3284
18705 4 2 100 1 4030 2792 2454 2693
18706 4 2 100 1 3438 3454 2442 2209
18707 4 2 100 1 2623 3468 3656 4090
18708 4 2 100 1 2420 3710 3099 3880
18709 4 2 100 1 2910 2906 2458 4004
18710 4 2 100 1 2321 2730 3925 3982
18711 4 2 100 1 1385 920 922 4007
18712 4 2 100 1 812 1339 2969 3889
18713 4 2 100 1 1732 1860 1801 3296
18714 4 2 100 1 1039 1188 1400 3009
18715 4 2 100 1 2262 3518 3181 2817
18716 4 2 100 1 1728 3068 1741 3759
18717 4 2 100 1 2192 2794 2942 4035
18718 4 2 100 1 2288 2594 3429 3739
18719 4 2 100 1 2170 3403 2884 3953
18720 4 2 100 1 1465 1327 969 3862
18721 4 2 100 1 712 183 561 3606
18722 4 2 100 1 2388 3070 2800 3875
18723 4 2 100 1 482 481 210 3218
18724 4 2 100 1 2424 3712 2967 3997
18725 4 2 100 1 2617 3576 2105 3837
18726 4 2 100 1 3121 3687 2666 3789
18727 4 2 100 1 2699 2322 2684 2477
18728 4 2 100 1 576 2744 622 3595
18729 4 2 100 1 3394 2575 2267 3986
18730 4 2 100 1 2371 3935 3153 4110
18731 4 2 100 1 2543 3199 2692 4080
18732 4 2 100 1 1938 1967 2027 2763
18733 4 2 100 1 2908 4005 2390 4077
18734 4 2 100 1 2219 2778 3918 4106
18735 4 2 100 1 2280 3042 2761 3716
18736 4 2 100 1 2741 2769 3375 3614
18737 4 2 100 1 3492 3542 2128 2645
18738 4 2 100 1 2249 3064 2959 3539
18739 4 2 100 1 2855 2271 3531 3911
18740 4 2 100 1 2902 3574 2332 4056
18741 4 2 100 1 2601 2789 3129 4028
18742 4 2 100 1 2446 2894 3972 4033
18743 4 2 100 1 2854 3484 3329 3616
18744 4 2 100 1 2296 3929 3269 4075
18745 4 2 100 1 3814 2632 3138 2227
18746 4 2 100 1 1137 1423 1082 3921
18747 4 2 100 1 177 2696 551 3836
18748 4 2 100 1 2641 2331 3255 3567
18749 4 2 100 1 2446 3322 2647 4020
18750 4 2 100 1 962 1272 3203 3892
18751 4 2 100 1 2133 2946 3530 3010
18752 4 2 100 1 1371 1476 755 3111
18753 4 2 100 1 2078 2584 4023 1868
18754 4 2 100 1 94 3013 1926 4026
18755 4 2 100 1 1976 1547 2050 4077
18756 4 2 100 1 2487 3371 2779 3681
18757 4 2 100 1 2417 4036 3486 4037
18758 4 2 100 1 2813 4114 3854 2329
18759 4 2 100 1 2373 3226 3025 3622
18760 4 2 100 1 912 914 3021 3922
18761 4 2 100 1 1738 1695 1684 2786
18762 4 2 100 1 2374 3450 3155 3819
18763 4 2 100 1 1081 1416 3283 3966
18764 4 2 100 1 2627 3221 2225 3645
18765 4 2 100 1 112 3049 1321 4050
18766 4 2 100 1 2263 3274 2780 3553
18767 4 2 100 1 3171 3955 237 3402
18768 4 2 100 1 1300 825 827 3617
18769 4 2 100 1 1219 2814 754 4082
18770 4 2 100 1 182 14 15 3059
18771 4 2 100 1 1807 1808 1809 3415
18772 4 2 100 1 4048 2409 3371 3681
18773 4 2 100 1 3030 3181 2178 3752
18774 4 2 100 1 349 350 279 2728
18775 4 2 100 1 3953 2120 2622 3549
18776 4 2 100 1 4048 3371 2409 2155
18777 4 2 100 1 2425 3624 2632 3905
18778 4 2 100 1 1445 877 848 2932
18779 4 2 100 1 3769 2900 4 2901
18780 4 2 100 1 1804 1835 1805 2907
18781 4 2 100 1 1775 1726 1709 3570
18782 4 2 100 1 1406 3921 2651 3945
18783 4 2 100 1 595 2806 260 270
18784 4 2 100 1 2230 3219 2770 3234
18785 4 2 100 1 2471 3799 3205 3903
18786 4 2 100 1 1106 1457 1147 3816
18787 4 2 100 1 2673 2825 2428 3653
18788 4 2 100 1 2282 3472 2584 3720
18789 4 2 100 1 2812 3660 3130 3857
18790 4 2 100 1 2259 2974 3018 3607
18791 4 2 100 1 629 427 664 2959
18792 4 2 100 1 1935 3364 1716 3813
18793 4 2 100 1 2833 3124 2354 3886
18794 4 2 100 1 2249 2959 2692 3447
18795 4 2 100 1 949 3665 2681 3802
18796 4 2 100 1 2669 2375 3242 3555
18797 4 2 100 1 3913 4135 2774 447
18798 4 2 100 1 1034 1104 1056 3473
18799 4 2 100 1 2468 3421 2656 3749
18800 4 2 100 1 1097 1099 1098 3417
18801 4 2 100 1 3992 3829 3067 2384
18802 4 2 100 1 2522 3856 3291 3985
18803 4 2 100 1 1542 1966 3504 1890
18804 4 2 100 1 641 448 661 3194
18805 4 2 100 1 2711 3149 2268 3848
18806 4 2 100 1 2954 3121 2219 2709
18807 4 2 100 1 2308 3199 2824 3861
18808 4 2 100 1 1305 1370 919 3248
18809 4 2 100 1 359 2632 449 3783
18810 4 2 100 1 1110 1075 1036 3025
18811 4 2 100 1 535 189 687 2864
18812 4 2 100 1 2733 3531 2378 4063
18813 4 2 100 1 1514 2324 1111 3406
18814 4 2 100 1 1116 1408 1070 3602
18815 4 2 100 1 2656 3426 3421 3585
18816 4 2 100 1 4052 2941 2182 2341
18817 4 2 100 1 2839 3226 2373 3741
18818 4 2 100 1 3353 227 3905 708
18819 4 2 100 1 1002 1001 959 4002
18820 4 2 100 1 2680 3016 2245 3902
18821 4 2 100 1 652 3638 2710 3890
18822 4 2 100 1 241 234 235 3138
18823 4 2 100 1 2834 1517 1061 3963
18824 4 2 100 1 1415 1517 1146 3963
18825 4 2 100 1 2515 2143 2830 3748
18826 4 2 100 1 3854 3855 2931 4114
18827 4 2 100 1 456 2710 652 3638
18828 4 2 100 1 2819 3433 3376 4025
18829 4 2 100 1 3769 4 2900 124
18830 4 2 100 1 2267 3369 2898 3643
18831 4 2 100 1 1872 1532 1873 3931
18832 4 2 100 1 2052 1778 1776 3016
18833 4 2 100 1 2206 3139 2698 3871
18834 4 2 100 1 2397 3558 3401 2922
18835 4 2 100 1 1175 92 1437 3613
18836 4 2 100 1 1755 3179 1894 3972
18837 4 2 100 1 940 1306 1305 3922
18838 4 2 100 1 1713 1714 1715 3813
18839 4 2 100 1 1809 1808 1813 2916
18840 4 2 100 1 1140 1442 1172 3354
18841 4 2 100 1 1108 1393 1245 3614
18842 4 2 100 1 1100 1099 3435 3796
18843 4 2 100 1 1943 2061 1790 2724
18844 4 2 100 1 1563 1949 1974 3273
18845 4 2 100 1 156 527 48 3701
18846 4 2 100 1 842 840 1328 3365
18847 4 2 100 1 1569 2476 1954 3811
18848 4 2 100 1 1098 3417 1099 3796
18849 4 2 100 1 473 666 159 3160
18850 4 2 100 1 2869 3223 2746 3684
18851 4 2 100 1 196 2923 3599 3818
18852 4 2 100 1 781 782 779 3812
18853 4 2 100 1 1310 3603 2815 2867
18854 4 2 100 1 2804 2208 3681 3965
18855 4 2 100 1 2406 2674 3997 4044
18856 4 2 100 1 2716 2333 3999 4046
18857 4 2 100 1 1871 1993 1520 3179
18858 4 2 100 1 3108 3872 2423 2767
18859 4 2 100 1 1145 3963 2999 4100
18860 4 2 100 1 2662 1735 1991 3610
18861 4 2 100 1 538 2632 450 3420
18862 4 2 100 1 301 338 670 3496
18863 4 2 100 1 661 448 559 3334
18864 4 2 100 1 761 3751 1167 1159
18865 4 2 100 1 850 877 1352 3734
18866 4 2 100 1 2455 2896 2854 4007
18867 4 2 100 1 2348 3183 3115 3673
18868 4 2 100 1 2179 2929 2824 3861
18869 4 2 100 1 3107 1046 1066 3945
18870 4 2 100 1 3007 3578 3424 4095
18871 4 2 100 1 3138 3420 234 4065
18872 4 2 100 1 514 2808 639 3836
18873 4 2 100 1 3062 3709 2369 4115
18874 4 2 100 1 2845 409 410 693
18875 4 2 100 1 1546 2031 3564 3596
18876 4 2 100 1 540 539 705 3419
18877 4 2 100 1 2251 2926 2784 3683
18878 4 2 100 1 1708 3068 1727 4038
18879 4 2 100 1 1234 1271 1068 3335
18880 4 2 100 1 576 2744 3595 3824
18881 4 2 100 1 200 198 532 3171
18882 4 2 100 1 490 382 616 3302
18883 4 2 100 1 2462 3294 3260 2301
18884 4 2 100 1 2981 3633 2200 4027
18885 4 2 100 1 2729 3333 3198 4046
18886 4 2 100 1 2706 3640 3272 3645
18887 4 2 100 1 3449 3597 2434 3893
18888 4 2 100 1 2439 3725 3344 2541
18889 4 2 100 1 3643 3792 3369 2898
18890 4 2 100 1 237 532 198 3171
18891 4 2 100 1 39 2654 188 3896
18892 4 2 100 1 2415 3715 2998 3967
18893 4 2 100 1 190 604 590 3119
18894 4 2 100 1 652 456 387 2710
18895 4 2 100 1 1046 1045 1494 3361
18896 4 2 100 1 1572 3609 1571 3811
18897 4 2 100 1 2351 3939 3257 4039
18898 4 2 100 1 2903 3364 2291 3813
18899 4 2 100 1 1674 1667 1665 3514
18900 4 2 100 1 3394 2267 2575 3973
18901 4 2 100 1 1426 84 83 3511
18902 4 2 100 1 2063 1750 2012 3901
18903 4 2 100 1 1768 3259 1796 1940
18904 4 2 100 1 78 1 2664 3754
18905 4 2 100 1 2662 1695 3610 2786
18906 4 2 100 1 2453 2631 3526 4059
18907 4 2 100 1 370 2718 3695 3827
18908 4 2 100 1 1916 1986 1962 4033
18909 4 2 100 1 1932 3809 2898 3937
18910 4 2 100 1 2522 3484 3151 3703
18911 4 2 100 1 2645 3163 2286 3542
18912 4 2 100 1 3078 3102 2727 3439
18913 4 2 100 1 1897 2054 1552 3853
18914 4 2 100 1 747 1400 1399 3741
18915 4 2 100 1 1231 1110 1036 3025
18916 4 2 100 1 3822 1574 1576 2562
18917 4 2 100 1 33 2977 32 3887
18918 4 2 100 1 2374 3810 3427 4102
18919 4 2 100 1 3055 3260 2405 3770
18920 4 2 100 1 433 504 381 3373
18921 4 2 100 1 2289 3031 2571 3962
18922 4 2 100 1 2273 3535 3519 3784
18923 4 2 100 1 2731 3382 2349 3482
18924 4 2 100 1 2125 2937 3678 3873
18925 4 2 100 1 3358 3568 2397 4111
18926 4 2 100 1 4012 3279 2309 3921
18927 4 2 100 1 2330 3152 3132 3720
18928 4 2 100 1 1529 1919 3198 3333
18929 4 2 100 1 419 420 332 3117
18930 4 2 100 1 1330 1280 1276 4039
18931 4 2 100 1 2976 3523 2558 2411
18932 4 2 100 1 2396 3743 2566 3956
18933 4 2 100 1 2134 3446 2994 3561
18934 4 2 100 1 2415 3795 2977 3887
18935 4 2 100 1 1908 2062 1896 3125
18936 4 2 100 1 1720 2841 1770 3809
18937 4 2 100 1 3517 3983 2889 2267
18938 4 2 100 1 2496 3129 2789 4028
18939 4 2 100 1 3550 4048 3725 2835
18940 4 2 100 1 430 437 355 2598
18941 4 2 100 1 23 185 3134 3743
18942 4 2 100 1 2720 3597 1302 3944
18943 4 2 100 1 2879 3428 998 3906
18944 4 2 100 1 2368 2737 3337 4013
18945 4 2 100 1 2584 3564 3132 3720
18946 4 2 100 1 2697 3632 3256 3977
18947 4 2 100 1 3079 3121 2219 3687
18948 4 2 100 1 1249 889 896 3298
18949 4 2 100 1 1343 3344 2756 2541
18950 4 2 100 1 1771 2026 2054 3102
18951 4 2 100 1 904 902 1274 2971
18952 4 2 100 1 2227 2764 3162 3814
18953 4 2 100 1 2813 1222 3855 4114
18954 4 2 100 1 225 224 223 3353
18955 4 2 100 1 2231 2925 3497 3925
18956 4 2 100 1 2292 3173 2629 3731
18957 4 2 100 1 2756 1352 1004 1344
18958 4 2 100 1 1013 3344 1158 3666
18959 4 2 100 1 1597 1601 1596 3594
18960 4 2 100 1 2718 3383 3716 3898
18961 4 2 100 1 260 267 270 2806
18962 4 2 100 1 2262 3200 2888 3518
18963 4 2 100 1 2353 3560 3557 4035
18964 4 2 100 1 3360 3445 2603 4032
18965 4 2 100 1 2402 3485 2999 4100
18966 4 2 100 1 3421 3426 2234 3585
18967 4 2 100 1 2244 2603 3456 3608
18968 4 2 100 1 1968 1627 1634 3247
18969 4 2 100 1 3308 3000 3043 3820
18970 4 2 100 1 3553 3758 2780 3933
18971 4 2 100 1 2866 2291 3556 3813
18972 4 2 100 1 507 508 505 3275
18973 4 2 100 1 2129 2757 3466 2447
18974 4 2 100 1 2696 177 3230 3836
18975 4 2 100 1 2581 3514 3260 3770
18976 4 2 100 1 1659 1661 3390 2655
18977 4 2 100 1 2149 3823 2688 2966
18978 4 2 100 1 1966 3504 1781 3759
18979 4 2 100 1 892 3029 1257 3662
18980 4 2 100 1 2244 2138 2686 3974
18981 4 2 100 1 571 2523 675 166
18982 4 2 100 1 3924 4089 2358 3853
18983 4 2 100 1 1363 873 1362 3282
18984 4 2 100 1 2108 2842 3115 3347
18985 4 2 100 1 860 867 863 3087
18986 4 2 100 1 2459 2852 2997 3981
18987 4 2 100 1 4010 3025 2207 3213
18988 4 2 100 1 2165 3261 2685 3571
18989 4 2 100 1 3062 3662 883 4115
18990 4 2 100 1 2219 3024 2954 3601
18991 4 2 100 1 1668 1670 1971 3770
18992 4 2 100 1 2321 3547 2730 3982
18993 4 2 100 1 3253 952 955 1325
18994 4 2 100 1 1715 1714 1716 3813
18995 4 2 100 1 512 514 513 2808
18996 4 2 100 1 3822 1576 1574 1840
18997 4 2 100 1 887 1249 892 3298
18998 4 2 100 1 1932 1983 3809 3937
18999 4 2 100 1 2476 3661 3239 3902
19000 4 2 100 1 224 222 223 3353
19001 4 2 100 1 2003 1855 1853 3374
19002 4 2 100 1 3523 2411 2721 2107
19003 4 2 100 1 1277 3008 3590 3655
19004 4 2 100 1 1542 3737 2017 1891
19005 4 2 100 1 413 426 617 3669
19006 4 2 100 1 744 1223 2943 3335
19007 4 2 100 1 1193 1434 1477 2936
19008 4 2 100 1 215 2874 357 3762
19009 4 2 100 1 1193 1434 2936 3395
19010 4 2 100 1 2854 2379 3616 4074
19011 4 2 100 1 958 960 938 3648
19012 4 2 100 1 1400 3009 3622 3741
19013 4 2 100 1 2342 2837 3602 3703
19014 4 2 100 1 2512 3024 3687 4106
19015 4 2 100 1 1815 1816 1812 3044
19016 4 2 100 1 1582 3211 1583 3422
19017 4 2 100 1 2289 3962 2999 3963
19018 4 2 100 1 3874 3537 3458 2840
19019 4 2 100 1 2344 2944 3914 2867
19020 4 2 100 1 2121 3196 2787 3317
19021 4 2 100 1 3091 3210 2452 3838
19022 4 2 100 1 2215 2879 3100 3906
19023 4 2 100 1 2249 2692 2959 3340
19024 4 2 100 1 1867 2039 1761 2727
19025 4 2 100 1 2302 3646 3233 3647
19026 4 2 100 1 375 611 682 2948
19027 4 2 100 1 2689 3664 2176 4052
19028 4 2 100 1 2406 3027 2674 4044
19029 4 2 100 1 3123 2840 3874 2241
19030 4 2 100 1 2722 3586 1786 3859
19031 4 2 100 1 2930 3621 1544 3924
19032 4 2 100 1 640 3753 579 249
19033 4 2 100 1 3615 4069 2514 4085
19034 4 2 100 1 1465 1472 1431 3474
19035 4 2 100 1 1371 1210 1476 3461
19036 4 2 100 1 1074 1020 1073 4078
19037 4 2 100 1 2150 2695 3314 3048
19038 4 2 100 1 2086 2753 2092 3847
19039 4 2 100 1 287 494 593 3276
19040 4 2 100 1 901 828 3279 3453
19041 4 2 100 1 744 1516 1223 3335
19042 4 2 100 1 2103 3363 2550 3728
19043 4 2 100 1 790 1239 792 2850
19044 4 2 100 1 1505 1053 1005 3410
19045 4 2 100 1 3974 3456 2904 2244
19046 4 2 100 1 2270 3527 3049 3761
19047 4 2 100 1 1154 2733 3531 734
19048 4 2 100 1 1932 2898 103 3937
19049 4 2 100 1 2477 3356 2699 3884
19050 4 2 100 1 652 2710 387 3890
19051 4 2 100 1 1615 1948 1609 4000
19052 4 2 100 1 2700 3349 2304 4011
19053 4 2 100 1 495 328 457 3105
19054 4 2 100 1 443 2592 3077 3672
19055 4 2 100 1 1609 1606 2993 4000
19056 4 2 100 1 399 372 3175 3800
19057 4 2 100 1 2780 3270 3933 3758
19058 4 2 100 1 3659 2794 2353 2942
19059 4 2 100 1 1237 2900 1518 3825
19060 4 2 100 1 1621 1647 1651 3626
19061 4 2 100 1 244 3244 226 4080
19062 4 2 100 1 2732 2171 3567 4014
19063 4 2 100 1 835 836 839 3980
19064 4 2 100 1 4072 3665 3301 2322
19065 4 2 100 1 2300 2940 3318 3423
19066 4 2 100 1 2695 3314 2281 4111
19067 4 2 100 1 2302 3647 3233 3827
19068 4 2 100 1 1048 3730 983 3991
19069 4 2 100 1 622 2744 209 4093
19070 4 2 100 1 2763 3722 2965 2359
19071 4 2 100 1 2351 3365 3142 3835
19072 4 2 100 1 2973 3045 2371 4110
19073 4 2 100 1 2850 3432 792 3988
19074 4 2 100 1 2748 3131 2420 4030
19075 4 2 100 1 2216 3376 2819 3433
19076 4 2 100 1 2179 3041 3861 3865
19077 4 2 100 1 2654 3222 2225 3327
19078 4 2 100 1 315 518 637 3305
19079 4 2 100 1 2816 3652 3306 2391
19080 4 2 100 1 2898 3369 2267 3517
19081 4 2 100 1 3306 3652 2816 2890
19082 4 2 100 1 809 1404 808 3501
19083 4 2 100 1 3532 3495 3846 2456
19084 4 2 100 1 1846 2049 1845 2791
19085 4 2 100 1 579 3753 3447 3951
19086 4 2 100 1 1443 1450 1144 3575
19087 4 2 100 1 3070 3908 2902 4056
19088 4 2 100 1 1247 1399 1110 3226
19089 4 2 100 1 895 893 888 3332
19090 4 2 100 1 3221 3320 2127 2258
19091 4 2 100 1 1211 1131 1476 3461
19092 4 2 100 1 2261 3463 2909 3541
19093 4 2 100 1 426 630 287 3890
19094 4 2 100 1 2092 2091 3970 4099
19095 4 2 100 1 302 303 308 3827
19096 4 2 100 1 543 3114 656 3436
19097 4 2 100 1 3030 3181 2527 3693
19098 4 2 100 1 2242 3334 2802 4081
19099 4 2 100 1 3846 3495 3532 2239
19100 4 2 100 1 4118 726 717 3805
19101 4 2 100 1 443 3845 3077 393
19102 4 2 100 1 3532 3552 3846 2804
19103 4 2 100 1 1322 1130 735 3533
19104 4 2 100 1 820 2651 1349 3548
19105 4 2 100 1 1913 1912 1541 2680
19106 4 2 100 1 2480 3664 2689 4052
19107 4 2 100 1 2260 2686 3151 3856
19108 4 2 100 1 78 2664 2700 3754
19109 4 2 100 1 803 804 805 3066
19110 4 2 100 1 2518 3144 2970 3393
19111 4 2 100 1 2329 3410 2813 4114
19112 4 2 100 1 2710 2311 3167 3890
19113 4 2 100 1 2944 2205 3914 3922
19114 4 2 100 1 3976 2949 2324 2685
19115 4 2 100 1 2431 3496 2934 3717
19116 4 2 100 1 2276 4062 2883 3454
19117 4 2 100 1 1728 2722 1786 3859
19118 4 2 100 1 2262 3518 2888 3823
19119 4 2 100 1 910 3940 802 3285
19120 4 2 100 1 2292 2615 3628 3180
19121 4 2 100 1 1367 1178 733 3614
19122 4 2 100 1 2710 3638 2311 3890
19123 4 2 100 1 44 45 164 2988
19124 4 2 100 1 2405 3260 2957 3770
19125 4 2 100 1 272 281 594 4025
19126 4 2 100 1 1041 1244 1383 3034
19127 4 2 100 1 2312 3380 2904 3608
19128 4 2 100 1 2570 2771 3328 3998
19129 4 2 100 1 1079 1072 1071 3838
19130 4 2 100 1 79 2053 4 2901
19131 4 2 100 1 526 46 178 3230
19132 4 2 100 1 3199 3244 2401 4080
19133 4 2 100 1 3532 3909 2852 2804
19134 4 2 100 1 2439 3344 3550 3666
19135 4 2 100 1 2441 2679 3343 3583
19136 4 2 100 1 3631 1264 1265 794
19137 4 2 100 1 3301 2183 2322 2773
19138 4 2 100 1 113 112 1321 4050
19139 4 2 100 1 1903 2041 1749 3448
19140 4 2 100 1 1219 3855 1179 2814
19141 4 2 100 1 1788 1893 1537 3341
19142 4 2 100 1 1155 1156 1023 3507
19143 4 2 100 1 2291 2662 3182 3556
19144 4 2 100 1 1188 3009 1039 3935
19145 4 2 100 1 1967 2763 1938 3448
19146 4 2 100 1 1924 3198 1944 3711
19147 4 2 100 1 2074 1972 2521 4104
19148 4 2 100 1 2247 3037 2936 3395
19149 4 2 100 1 2497 3740 3467 3956
19150 4 2 100 1 1628 1634 1627 3247
19151 4 2 100 1 1882 3412 3118 3840
19152 4 2 100 1 2238 3366 3030 3469
19153 4 2 100 1 69 1497 770 3779
19154 4 2 100 1 4061 3414 2282 2832
19155 4 2 100 1 606 39 38 3915
19156 4 2 100 1 724 725 723 4041
19157 4 2 100 1 26 739 27 2766
19158 4 2 100 1 170 42 546 3640
19159 4 2 100 1 3155 2374 4053 4102
19160 4 2 100 1 3646 2557 2141 3731
19161 4 2 100 1 2101 3072 3000 3732
19162 4 2 100 1 2411 3075 3592 3920
19163 4 2 100 1 1805 1807 3684 3415
19164 4 2 100 1 7 192 685 2893
19165 4 2 100 1 311 215 357 3762
19166 4 2 100 1 2480 2689 3664 2290
19167 4 2 100 1 2549 3786 3347 3806
19168 4 2 100 1 2701 3375 2769 3916
19169 4 2 100 1 2317 3434 2434 3893
19170 4 2 100 1 2858 2470 3508 3984
19171 4 2 100 1 1044 1240 1503 3996
19172 4 2 100 1 960 3648 3098 3892
19173 4 2 100 1 1419 1332 2851 4078
19174 4 2 100 1 503 412 618 3093
19175 4 2 100 1 2146 3523 2976 2411
19176 4 2 100 1 1626 1645 2894 4033
19177 4 2 100 1 2419 3614 2741 3761
19178 4 2 100 1 21 20 1304 3144
19179 4 2 100 1 306 3557 298 2785
19180 4 2 100 1 222 3353 224 3726
19181 4 2 100 1 2837 2342 3602 4040
19182 4 2 100 1 2221 3350 3052 3483
19183 4 2 100 1 2893 3403 2386 3850
19184 4 2 100 1 2123 2329 2996 3478
19185 4 2 100 1 792 790 2850 3988
19186 4 2 100 1 2189 3076 2550 3997
19187 4 2 100 1 1899 1900 1553 2735
19188 4 2 100 1 366 357 393 3077
19189 4 2 100 1 538 449 450 2632
19190 4 2 100 1 2299 2915 3326 3528
19191 4 2 100 1 2454 3317 2693 2287
19192 4 2 100 1 1341 1498 1471 3842
19193 4 2 100 1 2469 2298 3313 4107
19194 4 2 100 1 1954 3118 1595 3811
19195 4 2 100 1 2360 3894 2751 3294
19196 4 2 100 1 1303 903 1302 3944
19197 4 2 100 1 2075 1616 1602 2746
19198 4 2 100 1 2363 3545 2856 3799
19199 4 2 100 1 3620 3672 2548 3845
19200 4 2 100 1 2192 3493 2899 3860
19201 4 2 100 1 3119 39 2654 3915
19202 4 2 100 1 748 32 3644 3887
19203 4 2 100 1 867 1355 1356 3666
19204 4 2 100 1 1898 4131 152 1538
19205 4 2 100 1 2441 3583 3343 2279
19206 4 2 100 1 1674 1863 1667 3514
19207 4 2 100 1 2484 3096 3650 3685
19208 4 2 100 1 1039 1400 1451 3009
19209 4 2 100 1 2308 2824 3199 2408
19210 4 2 100 1 1391 968 1008 3961
19211 4 2 100 1 1579 2840 1742 3392
19212 4 2 100 1 622 3595 2744 4093
19213 4 2 100 1 759 1475 7 3451
19214 4 2 100 1 3746 1867 1756 1718
19215 4 2 100 1 1790 2724 2008 3987
19216 4 2 100 1 2693 3079 2255 3687
19217 4 2 100 1 1621 1962 1620 3398
19218 4 2 100 1 2908 3936 1927 4077
19219 4 2 100 1 2999 2707 2289 3963
19220 4 2 100 1 859 873 857 3135
19221 4 2 100 1 1283 1395 3313 3940
19222 4 2 100 1 437 430 438 2598
19223 4 2 100 1 343 2821 587 3849
19224 4 2 100 1 1346 2703 3580 3862
19225 4 2 100 1 2790 3334 2436 3694
19226 4 2 100 1 1120 1121 3635 4091
19227 4 2 100 1 1966 2017 1542 3197
19228 4 2 100 1 329 521 3775 422
19229 4 2 100 1 3041 2542 3512 3865
19230 4 2 100 1 1354 3863 3598 4064
19231 4 2 100 1 3814 2632 2227 2187
19232 4 2 100 1 1747 1749 1748 3448
19233 4 2 100 1 1932 103 2898 1535
19234 4 2 100 1 471 567 161 2990
19235 4 2 100 1 3118 3811 2476 4021
19236 4 2 100 1 2230 2990 2770 3219
19237 4 2 100 1 358 359 449 3783
19238 4 2 100 1 3752 2789 2601 4028
19239 4 2 100 1 2287 2604 2565 2151
19240 4 2 100 1 2077 1801 3177 3296
19241 4 2 100 1 1134 1363 1097 3417
19242 4 2 100 1 2447 3640 3272 3896
19243 4 2 100 1 788 2678 3470 3971
19244 4 2 100 1 1006 1259 1141 3014
19245 4 2 100 1 1132 1463 1462 3396
19246 4 2 100 1 2742 3417 2303 3435
19247 4 2 100 1 3646 2141 2557 3647
19248 4 2 100 1 2781 2332 2585 2224
19249 4 2 100 1 2221 3540 2875 3649
19250 4 2 100 1 714 634 402 2467
19251 4 2 100 1 2178 2789 3752 4028
19252 4 2 100 1 2528 3310 3074 4045
19253 4 2 100 1 1523 1833 2018 2889
19254 4 2 100 1 2319 2670 3475 3864
19255 4 2 100 1 2694 1844 1919 3198
19256 4 2 100 1 308 370 329 3827
19257 4 2 100 1 2711 3258 2275 3750
19258 4 2 100 1 1968 1629 1627 3247
19259 4 2 100 1 2838 2497 3290 3636
19260 4 2 100 1 2268 3750 2711 3848
19261 4 2 100 1 2475 3214 3101 3702
19262 4 2 100 1 3252 3490 2908 4005
19263 4 2 100 1 2275 3590 2711 3750
19264 4 2 100 1 308 476 370 3827
19265 4 2 100 1 3403 3499 2386 3850
19266 4 2 100 1 69 770 70 3108
19267 4 2 100 1 1752 1783 1751 3216
19268 4 2 100 1 481 216 3218 3712
19269 4 2 100 1 223 227 225 3353
19270 4 2 100 1 2343 3281 3401 3866
19271 4 2 100 1 623 478 479 3697
19272 4 2 100 1 452 487 384 2761
19273 4 2 100 1 1841 1840 1839 3822
19274 4 2 100 1 1728 1708 1741 3068
19275 4 2 100 1 2856 3399 2490 2520
19276 4 2 100 1 2640 2320 3339 3723
19277 4 2 100 1 1154 1151 1389 3531
19278 4 2 100 1 1469 908 871 2755
19279 4 2 100 1 2557 2141 3731 3814
19280 4 2 100 1 465 3659 2801 4036
19281 4 2 100 1 1900 2735 1899 3788
19282 4 2 100 1 975 976 1016 3172
19283 4 2 100 1 1163 1162 1519 4084
19284 4 2 100 1 826 901 828 3279
19285 4 2 100 1 2679 3583 2441 4016
19286 4 2 100 1 2731 3482 2349 3807
19287 4 2 100 1 2656 3585 2468 3969
19288 4 2 100 1 2860 983 3730 3991
19289 4 2 100 1 360 368 615 3156
19290 4 2 100 1 1224 1516 1234 3335
19291 4 2 100 1 2643 3586 2494 4060
19292 4 2 100 1 277 268 3407 4037
19293 4 2 100 1 986 1030 1277 3590
19294 4 2 100 1 1558 1877 1557 2958
19295 4 2 100 1 396 395 335 3697
19296 4 2 100 1 2218 3083 2787 3714
19297 4 2 100 1 142 1907 141 3443
19298 4 2 100 1 1655 1654 1656 3815
19299 4 2 100 1 3807 2731 3772 3816
19300 4 2 100 1 120 1296 734 2733
19301 4 2 100 1 540 473 539 3419
19302 4 2 100 1 537 2885 54 3159
19303 4 2 100 1 2370 3488 3121 3691
19304 4 2 100 1 663 519 393 3845
19305 4 2 100 1 1731 1876 1712 3120
19306 4 2 100 1 1603 1602 1597 3594
19307 4 2 100 1 2021 1913 2037 3016
19308 4 2 100 1 2392 3119 3538 2447
19309 4 2 100 1 480 575 229 3006
19310 4 2 100 1 522 367 305 4073
19311 4 2 100 1 2379 3484 2956 2191
19312 4 2 100 1 2353 2942 2794 4035
19313 4 2 100 1 1266 795 798 3736
19314 4 2 100 1 1375 3096 1109 3733
19315 4 2 100 1 3807 3587 2731 3482
19316 4 2 100 1 2929 3076 2556 2550
19317 4 2 100 1 319 321 320 3064
19318 4 2 100 1 2415 3219 2990 4055
19319 4 2 100 1 2305 3633 2981 4027
19320 4 2 100 1 3216 3970 3847 2642
19321 4 2 100 1 2275 2858 3258 3768
19322 4 2 100 1 1690 1711 1689 3263
19323 4 2 100 1 2369 3209 3086 3780
19324 4 2 100 1 267 610 293 3376
19325 4 2 100 1 3930 601 3824 203
19326 4 2 100 1 1767 3176 1794 3442
19327 4 2 100 1 1393 111 110 3761
19328 4 2 100 1 2716 3472 3231 2162
19329 4 2 100 1 2271 3382 2855 3531
19330 4 2 100 1 2384 3166 2992 3925
19331 4 2 100 1 204 202 523 3027
19332 4 2 100 1 246 579 248 3753
19333 4 2 100 1 580 2650 486 4037
19334 4 2 100 1 3361 1344 1401 3734
19335 4 2 100 1 566 33 34 4003
19336 4 2 100 1 2771 2303 3494 3796
19337 4 2 100 1 443 3845 393 519
19338 4 2 100 1 443 3845 704 3672
19339 4 2 100 1 3185 3777 2493 2680
19340 4 2 100 1 2597 2966 3611 4011
19341 4 2 100 1 2314 3926 2880 3968
19342 4 2 100 1 2313 3749 3262 3969
19343 4 2 100 1 1370 942 921 3248
19344 4 2 100 1 3717 273 609 275
19345 4 2 100 1 1360 3205 851 3799
19346 4 2 100 1 429 439 397 2849
19347 4 2 100 1 1633 3154 2907 3745
19348 4 2 100 1 1004 1344 1343 2756
19349 4 2 100 1 1556 1975 3102 3769
19350 4 2 100 1 3369 3792 2388 3875
19351 4 2 100 1 2494 3586 2722 3859
19352 4 2 100 1 4053 3819 3155 2926
19353 4 2 100 1 1391 2428 2825 3460
19354 4 2 100 1 580 2650 4037 2417
19355 4 2 100 1 1543 1964 1917 2965
19356 4 2 100 1 2342 2905 3151 3703
19357 4 2 100 1 1592 1585 1659 3422
19358 4 2 100 1 1436 861 1360 3205
19359 4 2 100 1 1638 3265 1639 3300
19360 4 2 100 1 2565 3833 3152 3918
19361 4 2 100 1 2379 2854 3484 2191
19362 4 2 100 1 2313 3168 2656 3969
19363 4 2 100 1 229 3006 575 4065
19364 4 2 100 1 2167 2952 3801 4012
19365 4 2 100 1 1862 1736 1875 3931
19366 4 2 100 1 3484 3616 2379 3880
19367 4 2 100 1 2830 2143 2465 3748
19368 4 2 100 1 1685 1737 1947 3566
19369 4 2 100 1 1609 2993 1611 4060
19370 4 2 100 1 2009 2063 1753 3322
19371 4 2 100 1 2604 3482 2565 2151
19372 4 2 100 1 3195 3515 2441 3676
19373 4 2 100 1 1021 1065 981 3357
19374 4 2 100 1 882 2822 3709 4115
19375 4 2 100 1 2244 3380 2781 3608
19376 4 2 100 1 1770 1932 2898 1535
19377 4 2 100 1 1147 1242 1051 2731
19378 4 2 100 1 1124 1453 1083 4006
19379 4 2 100 1 577 331 336 3402
19380 4 2 100 1 1810 1807 1809 3832
19381 4 2 100 1 3784 3348 3250 2509
19382 4 2 100 1 1591 2002 1763 2704
19383 4 2 100 1 3009 3622 2373 3625
19384 4 2 100 1 2836 3186 2611 4057
19385 4 2 100 1 2122 3329 3484 3616
19386 4 2 100 1 2894 3553 2446 3972
19387 4 2 100 1 418 2970 160 563
19388 4 2 100 1 2417 3486 3794 4037
19389 4 2 100 1 192 685 2893 3915
19390 4 2 100 1 2655 4069 3615 4085
19391 4 2 100 1 365 641 452 3834
19392 4 2 100 1 2186 3790 2697 3977
19393 4 2 100 1 1222 1221 2813 3855
19394 4 2 100 1 2283 2962 3620 4090
19395 4 2 100 1 2170 3403 2893 3850
19396 4 2 100 1 2315 2746 3684 4000
19397 4 2 100 1 2154 3381 3057 3870
19398 4 2 100 1 500 53 52 3867
19399 4 2 100 1 1013 1158 3344 1488
19400 4 2 100 1 3974 3456 2244 2683
19401 4 2 100 1 2858 3319 2275 3750
19402 4 2 100 1 1060 1412 1059 3052
19403 4 2 100 1 2521 3296 3639 3952
19404 4 2 100 1 1188 3622 3009 3935
19405 4 2 100 1 204 206 205 4017
19406 4 2 100 1 2309 3389 2690 3921
19407 4 2 100 1 2287 3873 2604 2151
19408 4 2 100 1 793 3631 794 3988
19409 4 2 100 1 672 55 4127 3159
19410 4 2 100 1 2271 3382 2731 3482
19411 4 2 100 1 2363 3205 3799 3903
19412 4 2 100 1 1160 3088 1394 3803
19413 4 2 100 1 4061 3414 2832 3182
19414 4 2 100 1 1043 3351 1240 3996
19415 4 2 100 1 2429 2670 3413 3864
19416 4 2 100 1 458 181 660 3525
19417 4 2 100 1 1039 3009 1451 4110
19418 4 2 100 1 3021 3922 914 4097
19419 4 2 100 1 584 3420 450 3905
19420 4 2 100 1 2597 3897 3611 2966
19421 4 2 100 1 2271 2733 2831 3938
19422 4 2 100 1 2150 3004 3568 4111
19423 4 2 100 1 2140 3620 2548 3735
19424 4 2 100 1 3315 3763 3676 2204
19425 4 2 100 1 985 3351 1043 3996
19426 4 2 100 1 2379 3710 3005 2105
19427 4 2 100 1 2969 3297 2344 3561
19428 4 2 100 1 482 208 3218 210
19429 4 2 100 1 384 487 488 2761
19430 4 2 100 1 2706 502 419 698
19431 4 2 100 1 2146 3881 2643 3947
19432 4 2 100 1 2381 2977 4003 4055
19433 4 2 100 1 595 2806 270 3869
19434 4 2 100 1 2109 3136 2232 2496
19435 4 2 100 1 2291 2507 3148 3771
19436 4 2 100 1 1088 2861 1263 4031
19437 4 2 100 1 1971 1745 2059 3228
19438 4 2 100 1 2561 3632 3256 2709
19439 4 2 100 1 4069 3422 2264 2887
19440 4 2 100 1 2553 3622 3009 3625
19441 4 2 100 1 3409 3778 2950 2297
19442 4 2 100 1 213 605 211 4093
19443 4 2 100 1 1153 2855 1151 3531
19444 4 2 100 1 2850 3470 2461 3988
19445 4 2 100 1 1090 1089 1350 3104
19446 4 2 100 1 2611 3186 2258 3338
19447 4 2 100 1 1063 1043 984 3351
19448 4 2 100 1 1714 1713 1643 3813
19449 4 2 100 1 3784 3250 3348 2173
19450 4 2 100 1 2235 3378 3257 3604
19451 4 2 100 1 1643 2866 1724 3813
19452 4 2 100 1 2440 3078 2831 2778
19453 4 2 100 1 165 16 17 3284
19454 4 2 100 1 2043 3179 1993 3841
19455 4 2 100 1 1467 1446 1329 3848
19456 4 2 100 1 1055 1163 1334 4084
19457 4 2 100 1 1991 1757 1758 3479
19458 4 2 100 1 2163 2774 3238 3913
19459 4 2 100 1 1918 1919 1546 2694
19460 4 2 100 1 1552 1975 126 3853
19461 4 2 100 1 1826 1828 1856 3023
19462 4 2 100 1 3643 3369 3792 2388
19463 4 2 100 1 2474 3360 2897 4032
19464 4 2 100 1 2908 3252 2067 4096
19465 4 2 100 1 914 940 1305 3922
19466 4 2 100 1 2768 3201 2272 4047
19467 4 2 100 1 3894 3609 3505 2583
19468 4 2 100 1 2997 3839 2796 3888
19469 4 2 100 1 2731 2271 3482 3587
19470 4 2 100 1 2104 3141 3346 3465
19471 4 2 100 1 3119 2654 39 3896
19472 4 2 100 1 37 565 161 2770
19473 4 2 100 1 1856 1545 2064 2723
19474 4 2 100 1 1888 1807 1810 2869
19475 4 2 100 1 693 409 597 2845
19476 4 2 100 1 1834 1817 1976 4005
19477 4 2 100 1 1615 3684 1948 4000
19478 4 2 100 1 1369 1375 3733 3949
19479 4 2 100 1 138 1533 139 3534
19480 4 2 100 1 265 271 266 4019
19481 4 2 100 1 3760 3505 3294 2704
19482 4 2 100 1 1732 1729 1860 2460
19483 4 2 100 1 2432 3575 2739 3688
19484 4 2 100 1 2178 3054 3551 3912
19485 4 2 100 1 1654 1652 2008 2529
19486 4 2 100 1 2358 3565 2586 3621
19487 4 2 100 1 2415 2990 4003 4055
19488 4 2 100 1 1708 1727 1693 4038
19489 4 2 100 1 2149 3611 3897 2966
19490 4 2 100 1 426 3638 652 3890
19491 4 2 100 1 2768 2272 3612 4047
19492 4 2 100 1 186 3093 560 3623
19493 4 2 100 1 1140 1139 1063 3351
19494 4 2 100 1 1810 1812 1951 3832
19495 4 2 100 1 1652 3626 1978 3987
19496 4 2 100 1 2829 2305 3200 4027
19497 4 2 100 1 2313 2710 3262 3749
19498 4 2 100 1 1843 2059 2002 3228
19499 4 2 100 1 2390 3394 2889 4005
19500 4 2 100 1 1840 1842 1574 3095
19501 4 2 100 1 2476 3609 2306 3811
19502 4 2 100 1 2905 3602 2342 4040
19503 4 2 100 1 245 249 246 4080
19504 4 2 100 1 1605 3579 3069 3798
19505 4 2 100 1 772 754 773 3441
19506 4 2 100 1 2254 2968 3368 3511
19507 4 2 100 1 2351 3217 2720 3835
19508 4 2 100 1 2388 3643 3369 3973
19509 4 2 100 1 2953 3357 1381 1114
19510 4 2 100 1 824 1341 821 3090
19511 4 2 100 1 2334 2664 3549 2700
19512 4 2 100 1 1715 1717 1893 2903
19513 4 2 100 1 1747 1658 1953 4024
19514 4 2 100 1 844 843 842 3835
19515 4 2 100 1 4020 2427 3933 2529
19516 4 2 100 1 3986 3619 3983 2689
19517 4 2 100 1 2026 1771 1922 3102
19518 4 2 100 1 2560 2834 3569 3962
19519 4 2 100 1 1045 1422 1344 2541
19520 4 2 100 1 2809 2186 2906 4004
19521 4 2 100 1 174 4137 59 535
19522 4 2 100 1 2112 3085 3038 3705
19523 4 2 100 1 1956 2643 1623 1624
19524 4 2 100 1 2515 3748 3062 3780
19525 4 2 100 1 841 3835 845 4039
19526 4 2 100 1 3168 2551 2656 3728
19527 4 2 100 1 1942 1566 1568 3894
19528 4 2 100 1 1805 3684 1807 1806
19529 4 2 100 1 3333 3999 2162 2694
19530 4 2 100 1 2537 2838 3636 3690
19531 4 2 100 1 192 2893 4066 4067
19532 4 2 100 1 1356 1158 1447 3666
19533 4 2 100 1 906 905 972 4105
19534 4 2 100 1 1064 1162 1055 4084
19535 4 2 100 1 1264 1467 909 3149
19536 4 2 100 1 1968 3247 1634 3498
19537 4 2 100 1 1647 1621 1646 3626
19538 4 2 100 1 464 465 635 4036
19539 4 2 100 1 102 101 1258 3792
19540 4 2 100 1 2195 3806 2946 3808
19541 4 2 100 1 1028 2639 3367 2324
19542 4 2 100 1 2710 3641 387 3890
19543 4 2 100 1 3766 1990 1849 3372
19544 4 2 100 1 2254 3400 2933 3674
19545 4 2 100 1 562 2518 160 3695
19546 4 2 100 1 40 667 41 3272
19547 4 2 100 1 465 467 470 2801
19548 4 2 100 1 2334 3271 2664 2700
19549 4 2 100 1 2372 3462 2982 3562
19550 4 2 100 1 3135 862 1438 4086
19551 4 2 100 1 3576 3837 2682 2105
19552 4 2 100 1 4020 4033 2529 3933
19553 4 2 100 1 2674 3027 2406 4017
19554 4 2 100 1 2266 3330 3336 3876
19555 4 2 100 1 2531 3355 3071 3536
19556 4 2 100 1 2103 3426 2656 3728
19557 4 2 100 1 1149 988 1392 2855
19558 4 2 100 1 1421 1171 1440 2771
19559 4 2 100 1 1088 1263 2861 1262
19560 4 2 100 1 2622 3549 2334 3781
19561 4 2 100 1 1159 1057 3215 3751
19562 4 2 100 1 1980 1524 2007 3450
19563 4 2 100 1 3382 3531 2271 3938
19564 4 2 100 1 2356 3309 2960 3476
19565 4 2 100 1 2675 3651 3449 4068
19566 4 2 100 1 1728 1780 2014 2722
19567 4 2 100 1 2767 3268 3696 2775
19568 4 2 100 1 1120 2825 1397 4091
19569 4 2 100 1 761 3751 1159 3916
19570 4 2 100 1 2275 3258 2858 3750
19571 4 2 100 1 441 395 448 3194
19572 4 2 100 1 1153 988 2855 3529
19573 4 2 100 1 1603 1605 3069 3798
19574 4 2 100 1 1170 877 1445 3174
19575 4 2 100 1 3043 3308 2286 3000
19576 4 2 100 1 2953 1381 3357 2739
19577 4 2 100 1 200 3930 199 3599
19578 4 2 100 1 287 286 3276 3890
19579 4 2 100 1 1283 1395 1268 3313
19580 4 2 100 1 1589 1910 1588 2924
19581 4 2 100 1 2235 2830 3378 3604
19582 4 2 100 1 1723 3458 1791 4022
19583 4 2 100 1 3027 3171 2234 3599
19584 4 2 100 1 715 3630 701 3783
19585 4 2 100 1 1419 1332 1331 2851
19586 4 2 100 1 2150 3314 2695 4111
19587 4 2 100 1 477 475 678 3383
19588 4 2 100 1 2699 3665 2322 3884
19589 4 2 100 1 1032 1087 1086 3456
19590 4 2 100 1 2977 3644 32 3887
19591 4 2 100 1 3082 4052 2941 2921
19592 4 2 100 1 2303 3328 2771 3494
19593 4 2 100 1 2691 3335 2596 3704
19594 4 2 100 1 2126 3486 3164 3794
19595 4 2 100 1 2428 3379 3116 3653
19596 4 2 100 1 2490 3550 3344 3666
19597 4 2 100 1 610 2819 391 457
19598 4 2 100 1 1022 950 1012 3569
19599 4 2 100 1 1242 1052 1051 3382
19600 4 2 100 1 979 3665 949 3802
19601 4 2 100 1 1828 1856 3023 4043
19602 4 2 100 1 2502 3906 2886 4105
19603 4 2 100 1 801 804 3066 3900
19604 4 2 100 1 1838 1596 1614 4085
19605 4 2 100 1 3053 3379 3929 4075
19606 4 2 100 1 467 469 470 2801
19607 4 2 100 1 1136 1103 1101 3435
19608 4 2 100 1 1390 1418 942 3580
19609 4 2 100 1 2623 2283 3468 4090
19610 4 2 100 1 1527 3185 1558 2958
19611 4 2 100 1 167 2790 627 564
19612 4 2 100 1 313 240 238 3035
19613 4 2 100 1 1570 1571 1572 3609
19614 4 2 100 1 384 3834 2761 3898
19615 4 2 100 1 2224 2686 2278 3637
19616 4 2 100 1 3406 2324 2672 3976
19617 4 2 100 1 669 551 177 2696
19618 4 2 100 1 656 3114 620 3436
19619 4 2 100 1 2657 3705 2926 4053
19620 4 2 100 1 331 237 330 3955
19621 4 2 100 1 2358 3853 3065 3924
19622 4 2 100 1 596 380 376 3489
19623 4 2 100 1 3923 3825 3256 2906
19624 4 2 100 1 757 122 1507 2831
19625 4 2 100 1 1986 1916 3322 4033
19626 4 2 100 1 2479 3843 3292 3957
19627 4 2 100 1 2402 2999 3962 3963
19628 4 2 100 1 3150 3591 2119 3742
19629 4 2 100 1 1147 1051 1106 3816
19630 4 2 100 1 1278 1297 924 3655
19631 4 2 100 1 4012 3279 3921 2651
19632 4 2 100 1 450 449 359 2632
19633 4 2 100 1 2767 3696 3268 2423
19634 4 2 100 1 2800 2388 3369 3973
19635 4 2 100 1 2681 3665 2699 3802
19636 4 2 100 1 1454 1293 3037 2773
19637 4 2 100 1 1256 756 1424 3825
19638 4 2 100 1 536 596 682 2948
19639 4 2 100 1 234 3420 231 4065
19640 4 2 100 1 2304 3349 2810 3611
19641 4 2 100 1 1733 1656 1654 3815
19642 4 2 100 1 1717 2903 1716 3746
19643 4 2 100 1 1572 1571 1573 3811
19644 4 2 100 1 2760 3300 2389 3883
19645 4 2 100 1 3464 2563 2139 4087
19646 4 2 100 1 1400 2775 1451 3009
19647 4 2 100 1 2178 3030 2372 3912
19648 4 2 100 1 2284 3523 2721 2107
19649 4 2 100 1 2926 3155 2197 3819
19650 4 2 100 1 1939 1573 1595 3094
19651 4 2 100 1 1545 2723 1856 3895
19652 4 2 100 1 813 815 816 3889
19653 4 2 100 1 998 1226 1106 2879
19654 4 2 100 1 1558 3185 1527 1559
19655 4 2 100 1 1307 1318 1384 2944
19656 4 2 100 1 968 3269 895 3961
19657 4 2 100 1 2428 2673 3378 2825
19658 4 2 100 1 2749 2163 3159 4041
19659 4 2 100 1 1163 1519 1452 3170
19660 4 2 100 1 3059 3803 2484 3949
19661 4 2 100 1 401 3262 386 3641
19662 4 2 100 1 1593 1837 3615 4085
19663 4 2 100 1 2493 2558 2958 2976
19664 4 2 100 1 294 2806 293 3105
19665 4 2 100 1 2908 2352 3252 4096
19666 4 2 100 1 2146 2721 3523 2411
19667 4 2 100 1 781 783 782 3812
19668 4 2 100 1 2969 3603 2545 3889
19669 4 2 100 1 3128 3837 2644 4062
19670 4 2 100 1 2133 3208 3311 3808
19671 4 2 100 1 3200 3235 2829 4027
19672 4 2 100 1 271 279 272 3110
19673 4 2 100 1 48 639 157 3701
19674 4 2 100 1 391 2765 295 2819
19675 4 2 100 1 1507 1243 2831 3938
19676 4 2 100 1 1750 2024 2012 3901
19677 4 2 100 1 2156 2965 2667 2359
19678 4 2 100 1 3092 2482 2762 2366
19679 4 2 100 1 2016 1930 1675 2939
19680 4 2 100 1 1921 1555 1906 3444
19681 4 2 100 1 2267 2889 3369 3973
19682 4 2 100 1 807 3588 806 4092
19683 4 2 100 1 1471 1498 1314 3842
19684 4 2 100 1 1491 3190 764 3677
19685 4 2 100 1 1521 1995 135 3679
19686 4 2 100 1 2111 3199 2824 2408
19687 4 2 100 1 576 3595 515 3824
19688 4 2 100 1 2940 3423 2622 3953
19689 4 2 100 1 1306 940 1307 3922
19690 4 2 100 1 913 3021 914 4097
19691 4 2 100 1 2463 3519 3535 3784
19692 4 2 100 1 1729 3397 1732 1688
19693 4 2 100 1 2802 3059 2200 4081
19694 4 2 100 1 2344 1309 2867 3603
19695 4 2 100 1 2207 2825 3635 4010
19696 4 2 100 1 1728 1780 2722 3759
19697 4 2 100 1 2626 3676 2807 3763
19698 4 2 100 1 2555 3794 3486 4037
19699 4 2 100 1 478 3222 479 3697
19700 4 2 100 1 3728 2174 3220 3585
19701 4 2 100 1 512 684 514 2808
19702 4 2 100 1 3107 1066 1046 990
19703 4 2 100 1 1616 1601 1602 3594
19704 4 2 100 1 1319 830 1320 3453
19705 4 2 100 1 2120 2966 3423 3693
19706 4 2 100 1 2382 3130 2812 2160
19707 4 2 100 1 1349 826 822 3548
19708 4 2 100 1 1626 2894 3398 4033
19709 4 2 100 1 2493 3777 3504 2680
19710 4 2 100 1 54 491 55 3159
19711 4 2 100 1 1820 1821 3517 3764
19712 4 2 100 1 968 895 3269 967
19713 4 2 100 1 2241 3270 2780 3661
19714 4 2 100 1 2627 3320 3221 2258
19715 4 2 100 1 159 31 32 3644
19716 4 2 100 1 908 3598 2755 4064
19717 4 2 100 1 1038 1189 956 2897
19718 4 2 100 1 1000 2904 1272 3892
19719 4 2 100 1 748 3644 1221 3855
19720 4 2 100 1 3076 3145 2550 2188
19721 4 2 100 1 2492 3419 3557 4035
19722 4 2 100 1 1705 1767 1768 3442
19723 4 2 100 1 2316 3423 2966 3693
19724 4 2 100 1 1240 3351 1139 3432
19725 4 2 100 1 215 547 357 2874
19726 4 2 100 1 1192 1143 3395 3704
19727 4 2 100 1 897 1341 1471 3842
19728 4 2 100 1 1080 3481 1083 3838
19729 4 2 100 1 2879 2731 3807 3816
19730 4 2 100 1 2114 2759 3495 3846
19731 4 2 100 1 2352 3409 2908 3490
19732 4 2 100 1 1031 1125 1029 3445
19733 4 2 100 1 1133 3190 1127 3863
19734 4 2 100 1 952 953 2803 4034
19735 4 2 100 1 3905 3861 3353 2425
19736 4 2 100 1 450 3513 451 3905
19737 4 2 100 1 1589 1588 1587 2924
19738 4 2 100 1 2332 3574 2719 4056
19739 4 2 100 1 4056 4031 2332 2902
19740 4 2 100 1 3986 4109 2290 3774
19741 4 2 100 1 180 590 604 3119
19742 4 2 100 1 530 3447 3539 3951
19743 4 2 100 1 2691 3335 1271 4009
19744 4 2 100 1 242 3783 3138 4076
19745 4 2 100 1 997 1353 1064 2951
19746 4 2 100 1 2941 2297 2712 2370
19747 4 2 100 1 2134 2911 3561 3886
19748 4 2 100 1 1595 3094 1573 3811
19749 4 2 100 1 3050 3276 2728 3577
19750 4 2 100 1 2350 3458 3039 3874
19751 4 2 100 1 2176 3191 3229 3524
19752 4 2 100 1 176 623 479 4067
19753 4 2 100 1 192 8 554 4066
19754 4 2 100 1 1619 1621 1620 3398
19755 4 2 100 1 2780 3274 2263 3874
19756 4 2 100 1 3760 3294 3505 2145
19757 4 2 100 1 3728 3220 2174 2416
19758 4 2 100 1 819 816 817 3113
19759 4 2 100 1 42 501 43 2947
19760 4 2 100 1 1587 1583 1960 3211
19761 4 2 100 1 3770 1971 1861 2405
19762 4 2 100 1 3770 1861 1971 1668
19763 4 2 100 1 1064 1055 2951 4084
19764 4 2 100 1 2627 3338 2166 3645
19765 4 2 100 1 2711 2275 2469 3590
19766 4 2 100 1 2117 3544 2858 3984
19767 4 2 100 1 2074 3639 1534 4104
19768 4 2 100 1 2364 3490 3252 4005
19769 4 2 100 1 3196 4001 2624 2330
19770 4 2 100 1 3236 2571 2875 3962
19771 4 2 100 1 2778 3721 2222 3918
19772 4 2 100 1 2563 3122 3015 3696
19773 4 2 100 1 2101 2817 3072 2665
19774 4 2 100 1 1151 2855 1149 3382
19775 4 2 100 1 2664 3271 2334 3781
19776 4 2 100 1 792 2725 3432 1433
19777 4 2 100 1 671 587 339 3849
19778 4 2 100 1 31 666 30 2943
19779 4 2 100 1 1283 798 799 3313
19780 4 2 100 1 2223 2611 3430 3577
19781 4 2 100 1 1585 1592 1582 3422
19782 4 2 100 1 2461 2725 3568 4051
19783 4 2 100 1 53 187 497 2885
19784 4 2 100 1 2535 3309 3476 3742
19785 4 2 100 1 647 2674 421 3849
19786 4 2 100 1 2147 2768 3612 4047
19787 4 2 100 1 2511 3618 2892 4029
19788 4 2 100 1 3198 3711 2729 4046
19789 4 2 100 1 336 446 3194 441
19790 4 2 100 1 2962 3405 2310 4090
19791 4 2 100 1 1609 1608 1611 2993
19792 4 2 100 1 1093 1351 1095 3404
19793 4 2 100 1 136 2073 1521 3680
19794 4 2 100 1 2117 2671 3544 4059
19795 4 2 100 1 1220 2931 4114 1225
19796 4 2 100 1 1184 3193 1211 3990
19797 4 2 100 1 418 562 160 3695
19798 4 2 100 1 2474 3445 3360 4032
19799 4 2 100 1 713 485 454 3180
19800 4 2 100 1 1456 28 27 3727
19801 4 2 100 1 19 1461 764 3677
19802 4 2 100 1 183 18 19 3606
19803 4 2 100 1 2321 3224 3189 3497
19804 4 2 100 1 250 3672 704 3845
19805 4 2 100 1 937 923 1337 3307
19806 4 2 100 1 2614 2176 3044 3983
19807 4 2 100 1 2969 3561 2633 3886
19808 4 2 100 1 2322 3665 3301 2773
19809 4 2 100 1 1882 1884 3412 3840
19810 4 2 100 1 1444 1312 3603 3842
19811 4 2 100 1 2117 2858 3258 3984
19812 4 2 100 1 3634 4055 2977 2381
19813 4 2 100 1 2179 3041 2542 3336
19814 4 2 100 1 302 329 3233 3827
19815 4 2 100 1 2593 3596 3333 2330
19816 4 2 100 1 803 801 804 3066
19817 4 2 100 1 2427 2840 3270 3874
19818 4 2 100 1 2755 3477 2410 3821
19819 4 2 100 1 1083 1430 1079 3838
19820 4 2 100 1 2983 2298 2488 4071
19821 4 2 100 1 1223 31 30 2943
19822 4 2 100 1 2126 3043 3186 3820
19823 4 2 100 1 1804 1633 1835 2907
19824 4 2 100 1 3814 2632 2187 2376
19825 4 2 100 1 2788 3465 2261 4028
19826 4 2 100 1 497 544 438 2885
19827 4 2 100 1 787 790 789 3470
19828 4 2 100 1 1186 1187 1076 3452
19829 4 2 100 1 617 426 287 3890
19830 4 2 100 1 2132 3189 3224 3497
19831 4 2 100 1 2315 3684 2907 3729
19832 4 2 100 1 2082 2092 2086 4099
19833 4 2 100 1 553 536 682 3913
19834 4 2 100 1 3260 3294 2405 2301
19835 4 2 100 1 701 492 644 3630
19836 4 2 100 1 2741 3614 2419 3826
19837 4 2 100 1 1974 2052 1641 3273
19838 4 2 100 1 613 435 706 2774
19839 4 2 100 1 879 837 1054 3686
19840 4 2 100 1 2306 2583 3505 3609
19841 4 2 100 1 1433 1139 1490 3432
19842 4 2 100 1 215 214 547 3503
19843 4 2 100 1 1320 1423 1441 3389
19844 4 2 100 1 1983 1522 2055 3176
19845 4 2 100 1 400 593 372 3050
19846 4 2 100 1 2303 3417 3088 3796
19847 4 2 100 1 2824 3241 2179 3865
19848 4 2 100 1 39 3119 604 3915
19849 4 2 100 1 2472 3432 2725 3975
19850 4 2 100 1 1386 1364 1254 3378
19851 4 2 100 1 2733 2271 3531 3938
19852 4 2 100 1 1257 890 883 4115
19853 4 2 100 1 2766 2247 3312 3740
19854 4 2 100 1 700 447 61 4135
19855 4 2 100 1 742 3271 78 77
19856 4 2 100 1 1081 1359 1416 3966
19857 4 2 100 1 1680 1802 1681 2786
19858 4 2 100 1 905 3906 972 4105
19859 4 2 100 1 278 589 288 3204
19860 4 2 100 1 1194 1293 995 3884
19861 4 2 100 1 3179 3680 2536 3841
19862 4 2 100 1 2830 3604 2515 3748
19863 4 2 100 1 3227 3858 3295 2703
19864 4 2 100 1 2837 3307 2342 4040
19865 4 2 100 1 1960 3211 1581 3537
19866 4 2 100 1 409 410 400 3800
19867 4 2 100 1 1448 1132 1462 3396
19868 4 2 100 1 1560 1559 1949 3185
19869 4 2 100 1 2137 3024 3418 4106
19870 4 2 100 1 1266 1265 794 3631
19871 4 2 100 1 615 659 175 2749
19872 4 2 100 1 1406 901 1349 3279
19873 4 2 100 1 1612 1613 1622 3729
19874 4 2 100 1 1249 3298 896 3730
19875 4 2 100 1 2596 3410 2813 3658
19876 4 2 100 1 1226 982 1217 3100
19877 4 2 100 1 2290 3774 3573 3986
19878 4 2 100 1 2112 2975 3155 4102
19879 4 2 100 1 3378 1391 1386 1008
19880 4 2 100 1 2518 2970 3695 2148
19881 4 2 100 1 2908 3252 2352 3490
19882 4 2 100 1 2278 2100 2847 3994
19883 4 2 100 1 3313 2469 1267 2711
19884 4 2 100 1 2170 3549 3403 3953
19885 4 2 100 1 3631 1264 794 3988
19886 4 2 100 1 2791 3372 2362 3766
19887 4 2 100 1 2359 2724 3692 2135
19888 4 2 100 1 2812 3591 2295 3742
19889 4 2 100 1 3136 2599 2236 2339
19890 4 2 100 1 1085 1144 1126 3575
19891 4 2 100 1 2889 3394 2267 3983
19892 4 2 100 1 2168 2958 2558 2976
19893 4 2 100 1 2148 3716 3187 3948
19894 4 2 100 1 1496 3303 89 4026
19895 4 2 100 1 3407 3794 2266 2555
19896 4 2 100 1 1219 754 34 4082
19897 4 2 100 1 3052 3483 1388 4092
19898 4 2 100 1 839 841 1276 4039
19899 4 2 100 1 2826 3438 2382 3584
19900 4 2 100 1 2309 3453 3389 3921
19901 4 2 100 1 2284 3047 3777 2107
19902 4 2 100 1 1502 1468 1175 3989
19903 4 2 100 1 1997 1939 1884 3412
19904 4 2 100 1 1285 2672 1483 1286
19905 4 2 100 1 496 328 495 3105
19906 4 2 100 1 854 1004 1342 3399
19907 4 2 100 1 3974 2683 2244 2138
19908 4 2 100 1 2461 3631 2725 3988
19909 4 2 100 1 290 486 268 4037
19910 4 2 100 1 2245 3776 2558 3777
19911 4 2 100 1 3902 3737 3679 2246
19912 4 2 100 1 885 1257 883 3662
19913 4 2 100 1 1996 3300 1847 3883
19914 4 2 100 1 1538 4117 1885 4099
19915 4 2 100 1 247 244 3753 3845
19916 4 2 100 1 1301 807 806 4092
19917 4 2 100 1 160 21 2970 3144
19918 4 2 100 1 1636 1657 1637 3692
19919 4 2 100 1 2682 3576 2883 3837
19920 4 2 100 1 184 4082 35 2990
19921 4 2 100 1 2303 3328 3494 2159
19922 4 2 100 1 2664 2334 3549 3781
19923 4 2 100 1 3068 3859 1727 4038
19924 4 2 100 1 49 3701 524 3928
19925 4 2 100 1 746 1294 1461 3677
19926 4 2 100 1 2461 3470 2678 3971
19927 4 2 100 1 2392 3271 3119 3781
19928 4 2 100 1 1454 1293 1194 3037
19929 4 2 100 1 38 1 685 3915
19930 4 2 100 1 2031 1920 1546 3564
19931 4 2 100 1 1028 3367 1295 2324
19932 4 2 100 1 399 400 372 3800
19933 4 2 100 1 3130 3124 3660 2653
19934 4 2 100 1 2876 3443 2735 3970
19935 4 2 100 1 565 651 161 2770
19936 4 2 100 1 216 214 212 3503
19937 4 2 100 1 2990 650 4003 2801
19938 4 2 100 1 1939 1575 1573 3094
19939 4 2 100 1 3948 2280 3716 3042
19940 4 2 100 1 2428 3773 3269 3961
19941 4 2 100 1 28 29 171 4009
19942 4 2 100 1 2113 3627 3757 3968
19943 4 2 100 1 909 1233 788 3971
19944 4 2 100 1 2234 3426 3246 4044
19945 4 2 100 1 975 902 903 3944
19946 4 2 100 1 3129 3465 2601 4028
19947 4 2 100 1 1630 1930 1599 2939
19948 4 2 100 1 2538 3153 2973 3870
19949 4 2 100 1 1933 1961 1821 3517
19950 4 2 100 1 1143 1068 1271 3704
19951 4 2 100 1 2146 3022 3881 3947
19952 4 2 100 1 3130 3124 2653 2545
19953 4 2 100 1 498 185 23 3743
19954 4 2 100 1 200 199 3930 201
19955 4 2 100 1 1917 1964 1873 2965
19956 4 2 100 1 2821 3849 343 2467
19957 4 2 100 1 347 342 3249 3898
19958 4 2 100 1 684 520 524 3919
19959 4 2 100 1 2013 1704 1967 4024
19960 4 2 100 1 3839 3780 2143 3240
19961 4 2 100 1 3313 1267 2469 1268
19962 4 2 100 1 2093 2084 2090 3847
19963 4 2 100 1 2813 3410 2329 3658
19964 4 2 100 1 2288 2658 3739 3779
19965 4 2 100 1 2954 3121 2370 3789
19966 4 2 100 1 2634 3245 2798 2580
19967 4 2 100 1 2906 3292 2403 3978
19968 4 2 100 1 578 177 46 3230
19969 4 2 100 1 3407 3794 2555 4037
19970 4 2 100 1 3476 3767 3871 3150
19971 4 2 100 1 1996 1830 1829 3883
19972 4 2 100 1 71 70 3108 3872
19973 4 2 100 1 3687 3918 2380 4106
19974 4 2 100 1 325 670 691 3756
19975 4 2 100 1 2384 2925 3925 3982
19976 4 2 100 1 316 298 306 3557
19977 4 2 100 1 2999 3485 1487 4100
19978 4 2 100 1 1128 3863 1354 4064
19979 4 2 100 1 2041 1885 1748 4099
19980 4 2 100 1 181 69 570 3525
19981 4 2 100 1 2118 3424 3007 3690
19982 4 2 100 1 2886 3906 905 4105
19983 4 2 100 1 1145 1415 1487 2999
19984 4 2 100 1 92 1175 1468 2928
19985 4 2 100 1 2393 3491 3932 3981
19986 4 2 100 1 2619 3440 2328 4101
19987 4 2 100 1 2086 2084 2097 3847
19988 4 2 100 1 1100 1099 1101 3435
19989 4 2 100 1 1436 1350 1089 3104
19990 4 2 100 1 1659 1934 1661 2655
19991 4 2 100 1 788 785 787 3470
19992 4 2 100 1 1540 1867 1963 4023
19993 4 2 100 1 1503 1141 1259 3014
19994 4 2 100 1 882 3062 4115 3709
19995 4 2 100 1 582 671 339 2895
19996 4 2 100 1 1794 1767 2055 3176
19997 4 2 100 1 2125 3074 3671 2604
19998 4 2 100 1 3349 2413 4010 4091
19999 4 2 100 1 2167 3801 2779 3882
20000 4 2 100 1 892 1212 1357 3029
20001 4 2 100 1 1889 1888 2075 3684
20002 4 2 100 1 1213 1216 1357 2886
20003 4 2 100 1 428 626 625 3330
20004 4 2 100 1 3268 2839 560 3093
20005 4 2 100 1 1183 1104 1152 3277
20006 4 2 100 1 708 221 455 3905
20007 4 2 100 1 3062 3686 2356 3709
20008 4 2 100 1 2112 4053 3427 4102
20009 4 2 100 1 2148 3982 3032 2302
20010 4 2 100 1 3523 3777 2558 2107
20011 4 2 100 1 2618 3409 2941 2297
20012 4 2 100 1 828 1320 830 3453
20013 4 2 100 1 164 45 526 2988
20014 4 2 100 1 2154 2863 3927 4088
20015 4 2 100 1 2316 3423 2940 3953
20016 4 2 100 1 3268 560 2839 74
20017 4 2 100 1 310 358 306 2873
20018 4 2 100 1 1609 1606 1608 2993
20019 4 2 100 1 2990 650 2801 568
20020 4 2 100 1 1847 1996 1989 3300
20021 4 2 100 1 2864 3159 2163 4041
20022 4 2 100 1 1220 2931 1225 1179
20023 4 2 100 1 1405 86 85 3368
20024 4 2 100 1 1888 1810 1951 2869
20025 4 2 100 1 2179 3241 3363 3876
20026 4 2 100 1 2119 3742 2812 3946
20027 4 2 100 1 934 926 1443 2865
20028 4 2 100 1 1876 1777 2019 3120
20029 4 2 100 1 310 306 292 2785
20030 4 2 100 1 2298 3631 3313 3736
20031 4 2 100 1 1310 1444 1312 3603
20032 4 2 100 1 188 445 667 3272
20033 4 2 100 1 1836 1721 1722 3060
20034 4 2 100 1 3119 3271 2664 3781
20035 4 2 100 1 1426 3851 3511 1107
20036 4 2 100 1 2044 1544 1973 2930
20037 4 2 100 1 646 442 591 3726
20038 4 2 100 1 1895 1693 1727 4038
20039 4 2 100 1 2161 4032 3508 2585
20040 4 2 100 1 71 72 571 3872
20041 4 2 100 1 629 3708 2959 3979
20042 4 2 100 1 2222 3152 3833 3918
20043 4 2 100 1 2926 3705 2657 4109
20044 4 2 100 1 3976 2949 2685 3261
20045 4 2 100 1 1238 963 894 3153
20046 4 2 100 1 2078 2584 1868 1531
20047 4 2 100 1 909 1264 3149 3971
20048 4 2 100 1 1328 846 842 3365
20049 4 2 100 1 1223 30 744 2943
20050 4 2 100 1 701 2873 358 3783
20051 4 2 100 1 2962 3199 2283 2401
20052 4 2 100 1 1194 3037 1293 3884
20053 4 2 100 1 120 2078 119 3132
20054 4 2 100 1 1687 1723 1589 4022
20055 4 2 100 1 1969 1677 1655 3815
20056 4 2 100 1 1941 1592 1660 3390
20057 4 2 100 1 2178 3752 2788 4028
20058 4 2 100 1 538 234 242 3138
20059 4 2 100 1 1603 1605 1604 3069
20060 4 2 100 1 1998 1742 2840 3537
20061 4 2 100 1 1719 1716 1935 3364
20062 4 2 100 1 2454 3714 3388 3317
20063 4 2 100 1 415 652 426 3638
20064 4 2 100 1 1321 3049 749 4006
20065 4 2 100 1 332 3955 330 419
20066 4 2 100 1 337 317 288 3204
20067 4 2 100 1 2232 3224 3072 3732
20068 4 2 100 1 30 744 2943 4009
20069 4 2 100 1 2373 3622 3009 3741
20070 4 2 100 1 1583 1582 1581 3211
20071 4 2 100 1 3701 3919 524 3928
20072 4 2 100 1 2179 3861 2824 3865
20073 4 2 100 1 1836 1946 1869 3216
20074 4 2 100 1 2163 3238 2948 3913
20075 4 2 100 1 3665 3037 3884 1293
20076 4 2 100 1 555 623 176 3500
20077 4 2 100 1 1872 3263 1736 3931
20078 4 2 100 1 1429 3225 1125 3445
20079 4 2 100 1 3948 2280 3042 3829
20080 4 2 100 1 2160 2644 2949 4062
20081 4 2 100 1 3378 1391 1008 3961
20082 4 2 100 1 120 2078 3132 3431
20083 4 2 100 1 927 1346 969 3862
20084 4 2 100 1 3292 3293 2403 3978
20085 4 2 100 1 332 3955 419 3117
20086 4 2 100 1 2440 2831 3587 2778
20087 4 2 100 1 2245 3776 2891 2558
20088 4 2 100 1 1164 1166 2844 4064
20089 4 2 100 1 1499 1447 1060 2980
20090 4 2 100 1 1406 901 3279 3921
20091 4 2 100 1 2235 3378 2830 3773
20092 4 2 100 1 2271 2831 2733 3833
20093 4 2 100 1 2167 3457 2779 3801
20094 4 2 100 1 2779 3457 2208 3932
20095 4 2 100 1 2119 3591 2812 3742
20096 4 2 100 1 1331 847 849 3157
20097 4 2 100 1 1595 1793 1882 3118
20098 4 2 100 1 3229 3664 2480 4052
20099 4 2 100 1 2272 3191 2768 3612
20100 4 2 100 1 3046 3774 2628 4109
20101 4 2 100 1 2379 3710 2811 3880
20102 4 2 100 1 3699 1550 1994 1925
20103 4 2 100 1 1932 104 1983 3937
20104 4 2 100 1 2978 2466 3493 2128
20105 4 2 100 1 1197 1118 1198 3178
20106 4 2 100 1 962 1272 987 3203
20107 4 2 100 1 2476 3239 3661 4021
20108 4 2 100 1 2718 2518 3695 2148
20109 4 2 100 1 3986 3983 3619 2267
20110 4 2 100 1 435 2774 447 3913
20111 4 2 100 1 2336 3222 3697 4067
20112 4 2 100 1 546 573 401 3262
20113 4 2 100 1 1702 1701 1703 3133
20114 4 2 100 1 71 70 1205 3108
20115 4 2 100 1 2219 3601 2954 2709
20116 4 2 100 1 3864 3784 3127 2805
20117 4 2 100 1 1319 1441 989 3389
20118 4 2 100 1 2452 2905 3602 3703
20119 4 2 100 1 1509 1114 1324 2953
20120 4 2 100 1 407 543 656 3436
20121 4 2 100 1 1556 3078 3102 1922
20122 4 2 100 1 680 615 175 2749
20123 4 2 100 1 997 1064 1055 2951
20124 4 2 100 1 1214 2910 1049 1248
20125 4 2 100 1 1122 966 945 3350
20126 4 2 100 1 647 598 421 2674
20127 4 2 100 1 2302 2718 3695 2148
20128 4 2 100 1 2325 2690 3361 3882
20129 4 2 100 1 1813 3782 1822 4096
20130 4 2 100 1 2617 3454 2883 4062
20131 4 2 100 1 1549 112 113 3527
20132 4 2 100 1 2421 3757 3627 3968
20133 4 2 100 1 2196 2919 3903 4098
20134 4 2 100 1 550 4118 162 3805
20135 4 2 100 1 2313 3262 2710 3641
20136 4 2 100 1 1798 2079 1796 3259
20137 4 2 100 1 2420 2811 3710 3880
20138 4 2 100 1 1365 1499 1060 4100
20139 4 2 100 1 1007 845 865 3217
20140 4 2 100 1 2638 3391 3236 3663
20141 4 2 100 1 2368 3337 2737 2102
20142 4 2 100 1 168 695 500 3867
20143 4 2 100 1 1110 1399 1075 3622
20144 4 2 100 1 1136 1492 3598 4086
20145 4 2 100 1 2148 3547 3032 3982
20146 4 2 100 1 2313 2656 3749 3969
20147 4 2 100 1 1466 834 1300 3617
20148 4 2 100 1 1801 1860 1528 3177
20149 4 2 100 1 2813 2365 3854 3855
20150 4 2 100 1 1107 1050 3851 3991
20151 4 2 100 1 43 2947 501 3817
20152 4 2 100 1 192 606 685 3915
20153 4 2 100 1 3199 2249 2401 2962
20154 4 2 100 1 483 647 671 3849
20155 4 2 100 1 667 173 41 3272
20156 4 2 100 1 1510 93 2 3280
20157 4 2 100 1 708 455 451 3905
20158 4 2 100 1 1176 1011 1196 3288
20159 4 2 100 1 1042 3215 1057 4002
20160 4 2 100 1 1094 1092 1093 3404
20161 4 2 100 1 2124 2941 3409 2297
20162 4 2 100 1 1120 1121 1037 3635
20163 4 2 100 1 1994 1854 1865 3621
20164 4 2 100 1 2812 3130 2430 2160
20165 4 2 100 1 1806 1948 1615 3684
20166 4 2 100 1 726 718 724 2749
20167 4 2 100 1 104 1235 741 3937
20168 4 2 100 1 979 949 984 3802
20169 4 2 100 1 2829 3235 2200 4027
20170 4 2 100 1 2238 3425 3137 3752
20171 4 2 100 1 508 509 510 3275
20172 4 2 100 1 2569 4042 3285 4107
20173 4 2 100 1 2966 3403 2304 3549
20174 4 2 100 1 2337 2715 3452 3851
20175 4 2 100 1 1541 2680 1995 3679
20176 4 2 100 1 498 454 403 3180
20177 4 2 100 1 3008 3203 2312 3892
20178 4 2 100 1 1921 1792 1555 3444
20179 4 2 100 1 2386 3451 2893 4066
20180 4 2 100 1 282 3672 273 2934
20181 4 2 100 1 1653 1655 1676 2529
20182 4 2 100 1 2333 3198 3999 4046
20183 4 2 100 1 881 879 1261 3686
20184 4 2 100 1 1711 1736 1872 3263
20185 4 2 100 1 1292 1056 1474 3473
20186 4 2 100 1 464 277 284 4037
20187 4 2 100 1 2447 3538 2797 3638
20188 4 2 100 1 116 1546 2060 3596
20189 4 2 100 1 2628 2435 3774 2278
20190 4 2 100 1 1393 110 1245 3761
20191 4 2 100 1 1845 2791 2049 4043
20192 4 2 100 1 1121 1420 1168 3349
20193 4 2 100 1 2111 2824 3036 2408
20194 4 2 100 1 2850 3437 2281 3470
20195 4 2 100 1 2184 3343 2767 2371
20196 4 2 100 1 1022 1059 950 3569
20197 4 2 100 1 126 1973 1544 2930
20198 4 2 100 1 1424 1484 1256 2906
20199 4 2 100 1 771 3146 35 4082
20200 4 2 100 1 2918 2278 3232 3856
20201 4 2 100 1 3050 3669 2418 3800
20202 4 2 100 1 1041 1222 3410 4114
20203 4 2 100 1 829 828 830 3453
20204 4 2 100 1 1330 1007 3257 4039
20205 4 2 100 1 3662 3748 2465 3780
20206 4 2 100 1 2222 3152 2733 3833
20207 4 2 100 1 1339 816 897 3889
20208 4 2 100 1 2947 3262 2710 3749
20209 4 2 100 1 2333 3040 4046 4102
20210 4 2 100 1 2533 3235 3200 4027
20211 4 2 100 1 2262 3424 3200 2817
20212 4 2 100 1 1165 1164 1105 2844
20213 4 2 100 1 882 3062 3709 881
20214 4 2 100 1 1945 1785 1739 4022
20215 4 2 100 1 1318 1307 940 3922
20216 4 2 100 1 1647 1978 1652 3626
20217 4 2 100 1 3062 3748 3662 3780
20218 4 2 100 1 1860 1729 2046 2460
20219 4 2 100 1 2337 2809 3851 3991
20220 4 2 100 1 3109 2199 2875 2782
20221 4 2 100 1 2141 3509 2925 3646
20222 4 2 100 1 1320 901 1423 3921
20223 4 2 100 1 1186 3193 1184 3990
20224 4 2 100 1 2267 3394 2889 3973
20225 4 2 100 1 576 515 236 3824
20226 4 2 100 1 1104 3277 1105 3473
20227 4 2 100 1 1729 3397 1688 1673
20228 4 2 100 1 1848 1846 1847 3883
20229 4 2 100 1 893 894 889 3332
20230 4 2 100 1 1135 1046 3361 3945
20231 4 2 100 1 421 3849 2674 2467
20232 4 2 100 1 2145 3505 2912 3592
20233 4 2 100 1 302 3827 3233 3917
20234 4 2 100 1 347 3249 3834 3898
20235 4 2 100 1 2333 3040 3711 4046
20236 4 2 100 1 3109 2875 2199 2911
20237 4 2 100 1 2392 3119 3466 3781
20238 4 2 100 1 711 189 599 2864
20239 4 2 100 1 1017 976 1019 2434
20240 4 2 100 1 2657 3264 2153 2290
20241 4 2 100 1 3974 2683 2138 2346
20242 4 2 100 1 2744 2326 3595 3824
20243 4 2 100 1 3034 3478 2636 3747
20244 4 2 100 1 183 679 18 3606
20245 4 2 100 1 2309 3921 2690 4012
20246 4 2 100 1 3349 3611 2304 4011
20247 4 2 100 1 2992 3166 2384 3829
20248 4 2 100 1 2579 3967 3146 4082
20249 4 2 100 1 2727 3102 2433 3439
20250 4 2 100 1 792 2725 1433 793
20251 4 2 100 1 878 833 837 2986
20252 4 2 100 1 1251 899 1141 3437
20253 4 2 100 1 2953 3339 2320 3723
20254 4 2 100 1 1216 3100 982 2886
20255 4 2 100 1 2593 4001 3196 2330
20256 4 2 100 1 2784 3683 2926 4053
20257 4 2 100 1 732 4137 721 59
20258 4 2 100 1 2809 3511 3126 3851
20259 4 2 100 1 1728 1727 3068 3859
20260 4 2 100 1 2783 3698 3347 3806
20261 4 2 100 1 1607 1606 1605 3579
20262 4 2 100 1 763 3170 1519 4063
20263 4 2 100 1 1909 1739 1646 3039
20264 4 2 100 1 1752 1734 1869 3216
20265 4 2 100 1 2532 3576 2682 2105
20266 4 2 100 1 1537 1897 128 3065
20267 4 2 100 1 912 914 913 3021
20268 4 2 100 1 35 771 36 3146
20269 4 2 100 1 2244 3456 2904 3608
20270 4 2 100 1 2793 2349 3482 3807
20271 4 2 100 1 2190 2950 3101 3702
20272 4 2 100 1 1232 78 742 2700
20273 4 2 100 1 948 876 944 3995
20274 4 2 100 1 2123 2989 2329 3478
20275 4 2 100 1 2407 3992 3162 2764
20276 4 2 100 1 2509 3558 3401 3960
20277 4 2 100 1 87 1530 86 2606
20278 4 2 100 1 1922 1540 122 3078
20279 4 2 100 1 1379 765 15 3059
20280 4 2 100 1 1601 1614 1596 3594
20281 4 2 100 1 126 2930 1544 3924
20282 4 2 100 1 2950 2253 3101 3778
20283 4 2 100 1 1487 1415 1067 2999
20284 4 2 100 1 1551 1906 141 2876
20285 4 2 100 1 553 3516 536 3913
20286 4 2 100 1 3162 3992 2407 2859
20287 4 2 100 1 2952 2269 3660 3857
20288 4 2 100 1 1584 1997 1884 3412
20289 4 2 100 1 1160 1394 3088 1096
20290 4 2 100 1 3119 39 180 3896
20291 4 2 100 1 2422 3571 3304 2229
20292 4 2 100 1 2364 3044 2176 3983
20293 4 2 100 1 106 1522 105 3600
20294 4 2 100 1 1403 1198 1336 3103
20295 4 2 100 1 762 1169 1387 3966
20296 4 2 100 1 2299 3326 3048 3528
20297 4 2 100 1 1887 1770 1720 2841
20298 4 2 100 1 126 3853 2930 3924
20299 4 2 100 1 1920 1531 1988 3564
20300 4 2 100 1 1105 3277 2844 3473
20301 4 2 100 1 2038 107 108 3375
20302 4 2 100 1 842 841 840 3365
20303 4 2 100 1 1188 1202 1075 3622
20304 4 2 100 1 1468 91 92 2928
20305 4 2 100 1 2849 3419 2492 3860
20306 4 2 100 1 2256 3388 2787 3317
20307 4 2 100 1 4 2053 125 2901
20308 4 2 100 1 2365 3855 3644 3887
20309 4 2 100 1 2395 2372 3030 3912
20310 4 2 100 1 1037 1168 1231 3635
20311 4 2 100 1 2284 3777 3523 2107
20312 4 2 100 1 2151 2709 3772 4094
20313 4 2 100 1 1972 3565 2521 4104
20314 4 2 100 1 1438 873 859 3135
20315 4 2 100 1 2750 1657 2070 3060
20316 4 2 100 1 3096 3650 2338 3966
20317 4 2 100 1 1556 2051 1975 3769
20318 4 2 100 1 2298 2725 3631 3736
20319 4 2 100 1 3121 3488 2370 3789
20320 4 2 100 1 2924 3211 2264 3615
20321 4 2 100 1 90 3111 753 3797
20322 4 2 100 1 1928 111 112 3527
20323 4 2 100 1 3569 1145 4100 3963
20324 4 2 100 1 2386 3499 2630 3500
20325 4 2 100 1 226 244 243 3244
20326 4 2 100 1 832 1319 836 2985
20327 4 2 100 1 3216 3970 2642 2156
20328 4 2 100 1 2532 3576 2938 3858
20329 4 2 100 1 843 841 842 3835
20330 4 2 100 1 2113 3757 2799 3968
20331 4 2 100 1 1541 134 1995 2680
20332 4 2 100 1 2543 3861 3041 3865
20333 4 2 100 1 1107 1048 1050 3991
20334 4 2 100 1 670 440 691 3756
20335 4 2 100 1 2966 3423 2316 3953
20336 4 2 100 1 996 1396 1365 3485
20337 4 2 100 1 3087 3135 2490 2210
20338 4 2 100 1 1064 1479 1162 4084
20339 4 2 100 1 347 3834 384 3898
20340 4 2 100 1 1576 1577 1578 3392
20341 4 2 100 1 3377 3957 2217 4089
20342 4 2 100 1 734 121 120 3431
20343 4 2 100 1 975 1016 1018 3172
20344 4 2 100 1 2309 3279 3453 3921
20345 4 2 100 1 156 3701 49 3928
20346 4 2 100 1 488 474 384 3898
20347 4 2 100 1 1495 823 834 3617
20348 4 2 100 1 1579 1911 1578 3392
20349 4 2 100 1 1295 1459 1286 3367
20350 4 2 100 1 2514 3594 3069 3798
20351 4 2 100 1 3094 3811 3118 4021
20352 4 2 100 1 2697 2226 3632 3977
20353 4 2 100 1 1000 1273 1272 2904
20354 4 2 100 1 447 435 613 2774
20355 4 2 100 1 2382 3438 3130 2160
20356 4 2 100 1 3394 3983 2689 3986
20357 4 2 100 1 2351 3835 3142 4039
20358 4 2 100 1 2117 3258 3089 3984
20359 4 2 100 1 2371 2973 3153 3870
20360 4 2 100 1 1369 1375 1109 3733
20361 4 2 100 1 2750 1657 3060 3692
20362 4 2 100 1 1841 3095 1840 3822
20363 4 2 100 1 841 3365 842 3835
20364 4 2 100 1 1456 739 1143 3395
20365 4 2 100 1 2904 3203 2312 3608
20366 4 2 100 1 2770 2990 2230 3345
20367 4 2 100 1 2978 3493 3492 2128
20368 4 2 100 1 3139 3532 2698 3871
20369 4 2 100 1 1109 1169 1091 3966
20370 4 2 100 1 998 972 1226 3906
20371 4 2 100 1 595 2806 3869 3708
20372 4 2 100 1 4091 3653 2413 4010
20373 4 2 100 1 528 2823 677 3188
20374 4 2 100 1 892 1357 1257 3029
20375 4 2 100 1 3508 3750 2858 3984
20376 4 2 100 1 1321 749 1453 4006
20377 4 2 100 1 2197 2741 3375 3819
20378 4 2 100 1 2092 2753 2086 4099
20379 4 2 100 1 3119 558 190 3271
20380 4 2 100 1 2339 3000 3224 3732
20381 4 2 100 1 112 1549 1928 3527
20382 4 2 100 1 1833 1817 1834 4005
20383 4 2 100 1 2052 2021 1778 3016
20384 4 2 100 1 2144 3463 2870 3724
20385 4 2 100 1 737 1512 22 3134
20386 4 2 100 1 2256 3339 2953 3723
20387 4 2 100 1 952 953 947 2803
20388 4 2 100 1 225 226 224 3244
20389 4 2 100 1 2041 1903 1538 4099
20390 4 2 100 1 2628 3774 3705 4109
20391 4 2 100 1 2294 3580 2703 3858
20392 4 2 100 1 996 868 1396 3485
20393 4 2 100 1 3032 3547 2321 3982
20394 4 2 100 1 2354 3682 3113 3719
20395 4 2 100 1 1542 1891 134 3737
20396 4 2 100 1 2711 3750 3590 3848
20397 4 2 100 1 3072 3224 3000 3732
20398 4 2 100 1 1083 1080 1084 3481
20399 4 2 100 1 77 558 76 3271
20400 4 2 100 1 763 1519 1449 4063
20401 4 2 100 1 1026 955 1027 3253
20402 4 2 100 1 1618 1617 1619 2961
20403 4 2 100 1 616 189 711 2864
20404 4 2 100 1 1868 2078 1963 4023
20405 4 2 100 1 2022 1746 1956 3586
20406 4 2 100 1 397 644 492 3630
20407 4 2 100 1 1769 1720 1770 3809
20408 4 2 100 1 744 3335 2943 4009
20409 4 2 100 1 2339 3267 2972 3542
20410 4 2 100 1 402 634 346 2467
20411 4 2 100 1 2388 3643 3973 4015
20412 4 2 100 1 1589 1910 2924 4022
20413 4 2 100 1 1690 1712 1711 3263
20414 4 2 100 1 2119 2812 3591 3857
20415 4 2 100 1 1228 1215 1424 3825
20416 4 2 100 1 1346 3580 1439 3862
20417 4 2 100 1 1806 1807 1888 3684
20418 4 2 100 1 498 2882 185 3743
20419 4 2 100 1 232 238 235 4065
20420 4 2 100 1 1927 2908 2067 4096
20421 4 2 100 1 3807 3587 3482 2151
20422 4 2 100 1 116 2060 3333 3596
20423 4 2 100 1 1190 1382 1181 3070
20424 4 2 100 1 4102 3450 3810 3040
20425 4 2 100 1 2053 2901 79 3843
20426 4 2 100 1 625 256 643 3512
20427 4 2 100 1 2923 3421 2468 3817
20428 4 2 100 1 389 368 361 3156
20429 4 2 100 1 1724 1643 1878 2866
20430 4 2 100 1 2235 3939 2698 4070
20431 4 2 100 1 2939 3692 2724 2135
20432 4 2 100 1 2354 3682 2776 3700
20433 4 2 100 1 3222 3327 2654 4067
20434 4 2 100 1 1222 1223 1224 2813
20435 4 2 100 1 2392 3910 3466 2447
20436 4 2 100 1 2112 3427 2737 4013
20437 4 2 100 1 812 813 1339 3889
20438 4 2 100 1 370 3695 329 3827
20439 4 2 100 1 1593 1838 1837 4085
20440 4 2 100 1 2282 3720 2584 3721
20441 4 2 100 1 1111 1483 3406 2324
20442 4 2 100 1 1119 3367 1028 2639
20443 4 2 100 1 946 2951 1353 997
20444 4 2 100 1 302 240 303 3917
20445 4 2 100 1 3144 3393 2265 3907
20446 4 2 100 1 2951 981 946 2481
20447 4 2 100 1 271 272 266 3110
20448 4 2 100 1 1738 1944 1844 3198
20449 4 2 100 1 922 925 926 2703
20450 4 2 100 1 85 1931 1990 3372
20451 4 2 100 1 2204 2759 3462 3562
20452 4 2 100 1 2083 2090 2089 3444
20453 4 2 100 1 2801 3486 2794 3877
20454 4 2 100 1 1833 1523 2005 2889
20455 4 2 100 1 156 628 461 3928
20456 4 2 100 1 390 637 669 3522
20457 4 2 100 1 1249 887 889 3298
20458 4 2 100 1 505 504 506 3373
20459 4 2 100 1 2312 3203 2904 3892
20460 4 2 100 1 3043 2258 3186 3820
20461 4 2 100 1 2810 3349 2413 3611
20462 4 2 100 1 3216 1946 1784 3847
20463 4 2 100 1 3901 2015 3570 1698
20464 4 2 100 1 1757 1988 1756 3479
20465 4 2 100 1 742 3271 77 1230
20466 4 2 100 1 2346 3751 3600 3916
20467 4 2 100 1 1217 1216 1215 3100
20468 4 2 100 1 1341 819 821 3090
20469 4 2 100 1 2701 2346 3600 3916
20470 4 2 100 1 1970 3527 1549 3711
20471 4 2 100 1 2024 1533 1984 3534
20472 4 2 100 1 3901 3570 2015 2667
20473 4 2 100 1 3118 1881 1793 1882
20474 4 2 100 1 2048 1925 1536 3699
20475 4 2 100 1 1600 1942 1958 3894
20476 4 2 100 1 472 316 3419 3557
20477 4 2 100 1 1158 1447 2439 1123
20478 4 2 100 1 3546 4088 2501 2240
20479 4 2 100 1 16 1421 17 3284
20480 4 2 100 1 2228 3184 2922 2827
20481 4 2 100 1 2359 2763 3498 4024
20482 4 2 100 1 38 604 686 3915
20483 4 2 100 1 2975 2270 3155 4102
20484 4 2 100 1 2852 3491 2609 2099
20485 4 2 100 1 3166 3829 2407 3992
20486 4 2 100 1 158 624 25 3941
20487 4 2 100 1 2503 2879 3807 3816
20488 4 2 100 1 3684 3729 2315 4000
20489 4 2 100 1 2508 3348 2996 3864
20490 4 2 100 1 2604 2793 3482 2151
20491 4 2 100 1 3807 3587 2151 3772
20492 4 2 100 1 1213 1214 1215 2906
20493 4 2 100 1 1180 98 751 3097
20494 4 2 100 1 2702 2323 3812 4083
20495 4 2 100 1 700 3516 553 3913
20496 4 2 100 1 2026 3102 1975 3853
20497 4 2 100 1 1092 3404 1094 3733
20498 4 2 100 1 1006 3356 1058 1259
20499 4 2 100 1 386 401 631 3262
20500 4 2 100 1 2243 3401 3281 3519
20501 4 2 100 1 2167 3801 3882 4012
20502 4 2 100 1 2771 3494 3328 3998
20503 4 2 100 1 2124 3409 2950 2297
20504 4 2 100 1 3033 3882 3801 4012
20505 4 2 100 1 716 729 721 2864
20506 4 2 100 1 2606 2001 3895 87
20507 4 2 100 1 633 3638 525 3640
20508 4 2 100 1 1150 1389 1151 3938
20509 4 2 100 1 1751 2964 1969 3815
20510 4 2 100 1 3144 2265 3606 3677
20511 4 2 100 1 159 666 31 3644
20512 4 2 100 1 1858 2058 1614 4029
20513 4 2 100 1 613 61 447 4125
20514 4 2 100 1 2213 3161 2984 4087
20515 4 2 100 1 1982 1591 2704 3609
20516 4 2 100 1 521 302 3233 3917
20517 4 2 100 1 1035 1508 1031 3445
20518 4 2 100 1 2335 3885 3292 3957
20519 4 2 100 1 370 477 562 3695
20520 4 2 100 1 520 3275 507 3919
20521 4 2 100 1 3000 3224 2321 3497
20522 4 2 100 1 2648 3554 2835 4048
20523 4 2 100 1 4124 726 718 66
20524 4 2 100 1 3116 3379 2717 3653
20525 4 2 100 1 2335 3292 3843 3957
20526 4 2 100 1 2205 3021 3285 4107
20527 4 2 100 1 2089 2735 2085 3443
20528 4 2 100 1 2078 3431 1963 4023
20529 4 2 100 1 3243 3331 2438 2159
20530 4 2 100 1 195 3817 2923 3818
20531 4 2 100 1 1460 995 1260 3884
20532 4 2 100 1 2847 2255 3317 2136
20533 4 2 100 1 1351 1482 1134 3545
20534 4 2 100 1 2237 2693 2748 4030
20535 4 2 100 1 2379 2682 2532 2191
20536 4 2 100 1 2066 1686 1959 3798
20537 4 2 100 1 2907 3154 2272 3745
20538 4 2 100 1 980 3301 978 2773
20539 4 2 100 1 2779 3801 3033 3882
20540 4 2 100 1 36 771 769 3146
20541 4 2 100 1 1246 2809 1515 1107
20542 4 2 100 1 355 3831 356 2598
20543 4 2 100 1 1806 1615 1805 3684
20544 4 2 100 1 651 458 459 3345
20545 4 2 100 1 2599 3551 3267 3732
20546 4 2 100 1 347 474 342 3898
20547 4 2 100 1 1195 1407 741 3063
20548 4 2 100 1 887 892 885 3662
20549 4 2 100 1 1825 1822 3782 4096
20550 4 2 100 1 2852 3932 3491 3981
20551 4 2 100 1 1416 762 3283 3966
20552 4 2 100 1 2764 2187 3323 3814
20553 4 2 100 1 1365 1487 3485 4100
20554 4 2 100 1 2844 2328 3440 4101
20555 4 2 100 1 2311 3276 3050 3577
20556 4 2 100 1 1584 1884 2068 3412
20557 4 2 100 1 421 343 587 3849
20558 4 2 100 1 262 625 626 3330
20559 4 2 100 1 1898 4131 1538 4099
20560 4 2 100 1 2479 3292 3885 3957
20561 4 2 100 1 2364 2889 3764 3983
20562 4 2 100 1 2606 2001 87 1530
20563 4 2 100 1 1193 1454 1194 3037
20564 4 2 100 1 1406 1423 901 3921
20565 4 2 100 1 1159 1167 1057 3751
20566 4 2 100 1 1253 1254 1007 3257
20567 4 2 100 1 3630 3783 583 4076
20568 4 2 100 1 1333 1085 1080 3481
20569 4 2 100 1 1458 866 3545 3799
20570 4 2 100 1 2225 3222 3117 4054
20571 4 2 100 1 2888 3518 2688 3823
20572 4 2 100 1 960 961 3648 3892
20573 4 2 100 1 1177 3158 753 3989
20574 4 2 100 1 136 1521 135 3680
20575 4 2 100 1 1417 3045 994 4110
20576 4 2 100 1 1205 1463 1148 3828
20577 4 2 100 1 2493 133 132 1912
20578 4 2 100 1 1615 1609 1612 3729
20579 4 2 100 1 2134 3561 3297 3886
20580 4 2 100 1 3350 2439 1447 1123
20581 4 2 100 1 1867 2727 1761 3746
20582 4 2 100 1 3833 3918 2565 2778
20583 4 2 100 1 1921 1906 1551 2876
20584 4 2 100 1 2156 2763 2965 2359
20585 4 2 100 1 2262 3424 3578 4095
20586 4 2 100 1 3350 1447 2439 2980
20587 4 2 100 1 2363 3903 2919 4098
20588 4 2 100 1 553 700 174 3516
20589 4 2 100 1 2208 3457 3744 3932
20590 4 2 100 1 1515 1248 1107 2809
20591 4 2 100 1 1667 1668 1666 3770
20592 4 2 100 1 467 465 466 3659
20593 4 2 100 1 2604 3873 2793 2151
20594 4 2 100 1 2254 2968 3400 3674
20595 4 2 100 1 3094 3118 2241 4021
20596 4 2 100 1 2513 3530 3311 3808
20597 4 2 100 1 874 3569 950 4108
20598 4 2 100 1 1585 1582 1583 3422
20599 4 2 100 1 2020 1829 1992 3154
20600 4 2 100 1 546 42 43 2947
20601 4 2 100 1 1820 1819 1821 3764
20602 4 2 100 1 2496 3306 2915 3943
20603 4 2 100 1 1221 1223 1222 2813
20604 4 2 100 1 3247 3692 2939 2135
20605 4 2 100 1 2192 3419 2849 3860
20606 4 2 100 1 3224 3492 2132 3497
20607 4 2 100 1 932 1347 3688 3765
20608 4 2 100 1 1604 1602 1603 3069
20609 4 2 100 1 585 282 609 3717
20610 4 2 100 1 1187 1185 1050 3851
20611 4 2 100 1 1511 1420 1138 3349
20612 4 2 100 1 1286 838 1281 2960
20613 4 2 100 1 2290 3038 3689 3705
20614 4 2 100 1 2889 3394 2390 3973
20615 4 2 100 1 172 560 618 3093
20616 4 2 100 1 2227 2187 2764 3814
20617 4 2 100 1 2660 2548 3496 3951
20618 4 2 100 1 1784 2642 2011 1783
20619 4 2 100 1 2449 3347 3786 3806
20620 4 2 100 1 3008 2275 3590 3655
20621 4 2 100 1 885 884 886 3748
20622 4 2 100 1 1167 1201 1407 3751
20623 4 2 100 1 3388 3714 2787 3317
20624 4 2 100 1 2461 3568 3358 4111
20625 4 2 100 1 2566 3743 3134 3956
20626 4 2 100 1 2132 3497 2899 3628
20627 4 2 100 1 372 593 494 3050
20628 4 2 100 1 1271 28 1456 4009
20629 4 2 100 1 85 84 750 3368
20630 4 2 100 1 1546 117 2031 3596
20631 4 2 100 1 2261 3578 3007 2619
20632 4 2 100 1 2381 4003 2990 4055
20633 4 2 100 1 1175 769 1173 3613
20634 4 2 100 1 3010 3101 2253 3778
20635 4 2 100 1 234 3138 538 3420
20636 4 2 100 1 3066 3900 804 4108
20637 4 2 100 1 2863 2501 3927 4088
20638 4 2 100 1 3119 180 39 604
20639 4 2 100 1 1167 1368 1057 3751
20640 4 2 100 1 1103 1102 3435 3863
20641 4 2 100 1 1383 780 1225 3034
20642 4 2 100 1 1171 1394 3796 3803
20643 4 2 100 1 82 3292 1550 81
20644 4 2 100 1 2226 2818 3691 2327
20645 4 2 100 1 1477 1434 760 2936
20646 4 2 100 1 432 382 490 3302
20647 4 2 100 1 89 3303 3797 4026
20648 4 2 100 1 1248 1484 1214 2906
20649 4 2 100 1 2076 1874 1902 3788
20650 4 2 100 1 2261 3465 3129 4028
20651 4 2 100 1 1715 1716 1717 2903
20652 4 2 100 1 2200 3235 2829 4081
20653 4 2 100 1 3587 3772 2440 4094
20654 4 2 100 1 2888 3650 2338 3685
20655 4 2 100 1 1914 1795 1797 2784
20656 4 2 100 1 87 88 2001 3895
20657 4 2 100 1 238 3035 240 3917
20658 4 2 100 1 1150 1151 1149 3382
20659 4 2 100 1 921 942 925 2703
20660 4 2 100 1 1776 1955 1641 2476
20661 4 2 100 1 2 565 37 3280
20662 4 2 100 1 912 940 914 3922
20663 4 2 100 1 491 490 711 3302
20664 4 2 100 1 2844 3440 2328 4064
20665 4 2 100 1 1895 1727 3859 4038
20666 4 2 100 1 2994 3147 2344 3914
20667 4 2 100 1 1113 1114 1065 3357
20668 4 2 100 1 2114 3379 3116 3929
20669 4 2 100 1 2257 2795 3320 2992
20670 4 2 100 1 2899 2132 3492 3497
20671 4 2 100 1 2800 3369 2388 3875
20672 4 2 100 1 212 481 216 3218
20673 4 2 100 1 3913 4135 447 700
20674 4 2 100 1 3959 3727 2766 3941
20675 4 2 100 1 352 403 454 3180
20676 4 2 100 1 677 528 648 2823
20677 4 2 100 1 2234 3171 2923 3599
20678 4 2 100 1 1041 1505 1005 3410
20679 4 2 100 1 1575 1574 1573 3094
20680 4 2 100 1 765 3059 1379 3803
20681 4 2 100 1 2430 3946 2812 2160
20682 4 2 100 1 2148 3067 3948 3982
20683 4 2 100 1 1020 1017 1019 2434
20684 4 2 100 1 3569 1145 3963 1012
20685 4 2 100 1 2986 832 831 833
20686 4 2 100 1 291 289 292 2785
20687 4 2 100 1 2290 3705 3774 4109
20688 4 2 100 1 84 1426 750 3511
20689 4 2 100 1 3246 3426 2550 4044
20690 4 2 100 1 743 1382 3070 3875
20691 4 2 100 1 2186 3923 2906 4004
20692 4 2 100 1 3361 1401 1344 1494
20693 4 2 100 1 1664 1941 1660 3480
20694 4 2 100 1 521 302 329 3233
20695 4 2 100 1 971 884 1261 3748
20696 4 2 100 1 472 539 473 3419
20697 4 2 100 1 439 653 705 2849
20698 4 2 100 1 2247 2936 3467 3740
20699 4 2 100 1 246 247 244 3753
20700 4 2 100 1 1692 1693 1644 4038
20701 4 2 100 1 2162 3472 2694 3999
20702 4 2 100 1 2460 3523 2976 3201
20703 4 2 100 1 1643 1713 1561 3878
20704 4 2 100 1 656 543 373 3114
20705 4 2 100 1 1556 3078 1922 123
20706 4 2 100 1 1123 1122 1412 3350
20707 4 2 100 1 268 264 3407 4019
20708 4 2 100 1 1360 861 851 3205
20709 4 2 100 1 191 619 537 3159
20710 4 2 100 1 360 361 368 3156
20711 4 2 100 1 1389 3531 1151 3938
20712 4 2 100 1 2624 2121 3317 3196
20713 4 2 100 1 1119 1295 1028 3367
20714 4 2 100 1 912 1318 940 3922
20715 4 2 100 1 1507 1243 757 2831
20716 4 2 100 1 2757 3320 2627 3510
20717 4 2 100 1 1878 1564 1600 3559
20718 4 2 100 1 2859 2407 3829 3992
20719 4 2 100 1 277 268 269 3407
20720 4 2 100 1 725 2774 723 4041
20721 4 2 100 1 2990 650 568 184
20722 4 2 100 1 1384 1404 1309 3501
20723 4 2 100 1 2851 3893 2196 4098
20724 4 2 100 1 2300 2531 3161 4087
20725 4 2 100 1 2397 3960 3358 4111
20726 4 2 100 1 301 276 338 3496
20727 4 2 100 1 793 795 794 3631
20728 4 2 100 1 3635 4010 2825 4091
20729 4 2 100 1 180 3538 3119 3896
20730 4 2 100 1 2986 831 832 2568
20731 4 2 100 1 2126 2794 3486 3877
20732 4 2 100 1 793 794 791 3988
20733 4 2 100 1 932 1347 941 3688
20734 4 2 100 1 255 3708 258 629
20735 4 2 100 1 3031 3362 2743 3964
20736 4 2 100 1 2712 2182 2666 3689
20737 4 2 100 1 2010 2046 1729 2460
20738 4 2 100 1 81 1923 80 3292
20739 4 2 100 1 2354 3700 2969 3889
20740 4 2 100 1 1047 1249 896 3730
20741 4 2 100 1 2226 2792 3266 2327
20742 4 2 100 1 352 454 485 3180
20743 4 2 100 1 1636 1637 1630 3692
20744 4 2 100 1 2380 3472 3720 3868
20745 4 2 100 1 1934 1699 1661 2655
20746 4 2 100 1 1507 734 1243 3938
20747 4 2 100 1 1521 2019 3679 3680
20748 4 2 100 1 758 103 3792 3937
20749 4 2 100 1 2364 3764 3044 3983
20750 4 2 100 1 1111 1483 1414 3406
20751 4 2 100 1 746 17 1421 3073
20752 4 2 100 1 2347 3530 2946 3010
20753 4 2 100 1 2321 3925 2925 3982
20754 4 2 100 1 222 3353 3726 4103
20755 4 2 100 1 3135 1438 862 859
20756 4 2 100 1 2104 2788 3465 3950
20757 4 2 100 1 2201 3593 3715 3967
20758 4 2 100 1 2708 3919 2310 3928
20759 4 2 100 1 2993 3729 2315 3947
20760 4 2 100 1 2756 1352 1344 3734
20761 4 2 100 1 1950 1678 1671 3722
20762 4 2 100 1 1100 1101 1102 3435
20763 4 2 100 1 1149 3382 2855 3668
20764 4 2 100 1 2689 3619 2153 2290
20765 4 2 100 1 3403 3549 2966 3953
20766 4 2 100 1 342 346 347 3249
20767 4 2 100 1 220 584 221 4103
20768 4 2 100 1 2894 1645 3972 4033
20769 4 2 100 1 1838 2058 1759 4029
20770 4 2 100 1 2269 3130 3660 3857
20771 4 2 100 1 2727 3746 1867 4023
20772 4 2 100 1 1140 1172 1490 3975
20773 4 2 100 1 169 438 430 2598
20774 4 2 100 1 1982 2704 1763 3894
20775 4 2 100 1 2372 3581 3054 3912
20776 4 2 100 1 2271 3587 2831 3833
20777 4 2 100 1 1624 2029 1786 3586
20778 4 2 100 1 1800 1743 1732 3296
20779 4 2 100 1 2002 2059 1745 3228
20780 4 2 100 1 1387 3966 1109 3096
20781 4 2 100 1 860 1355 867 3087
20782 4 2 100 1 1737 1958 1947 3556
20783 4 2 100 1 3910 2447 2797 2311
20784 4 2 100 1 2558 3777 3776 2107
20785 4 2 100 1 971 1250 886 3748
20786 4 2 100 1 781 1244 784 3747
20787 4 2 100 1 423 681 425 3675
20788 4 2 100 1 664 586 608 3539
20789 4 2 100 1 446 533 577 3787
20790 4 2 100 1 2694 1844 3198 3610
20791 4 2 100 1 699 612 557 3001
20792 4 2 100 1 2898 3809 2486 3937
20793 4 2 100 1 3349 4010 3611 4011
20794 4 2 100 1 2878 3552 2277 3846
20795 4 2 100 1 640 3753 249 2692
20796 4 2 100 1 2694 2282 3610 3999
20797 4 2 100 1 2196 3893 2919 4098
20798 4 2 100 1 2139 3234 3355 3536
20799 4 2 100 1 3037 1291 1477 1454
20800 4 2 100 1 901 1320 828 3453
20801 4 2 100 1 2409 3455 3552 3965
20802 4 2 100 1 1639 1632 1640 3265
20803 4 2 100 1 4102 3810 3450 2374
20804 4 2 100 1 1890 1781 1966 3504
20805 4 2 100 1 485 348 344 3713
20806 4 2 100 1 2408 3218 2744 4093
20807 4 2 100 1 1150 3382 1242 3938
20808 4 2 100 1 738 1290 1289 3283
20809 4 2 100 1 1316 824 1501 3584
20810 4 2 100 1 182 487 452 2802
20811 4 2 100 1 1729 3397 1673 2460
20812 4 2 100 1 1377 1285 1284 2822
20813 4 2 100 1 389 434 368 3156
20814 4 2 100 1 2745 3663 2361 3821
20815 4 2 100 1 202 233 523 3027
20816 4 2 100 1 364 347 3249 3834
20817 4 2 100 1 322 3064 321 3831
20818 4 2 100 1 299 305 3173 4073
20819 4 2 100 1 1555 1792 1952 3444
20820 4 2 100 1 672 191 537 3159
20821 4 2 100 1 2227 3006 3420 4065
20822 4 2 100 1 4116 2082 2091 2094
20823 4 2 100 1 882 3062 881 883
20824 4 2 100 1 2101 2817 3318 2257
20825 4 2 100 1 3448 3970 2735 4099
20826 4 2 100 1 2725 3964 3568 4051
20827 4 2 100 1 2451 3135 3087 2210
20828 4 2 100 1 906 974 1377 4105
20829 4 2 100 1 1678 1950 2076 3722
20830 4 2 100 1 641 676 441 3194
20831 4 2 100 1 2784 3442 2251 3683
20832 4 2 100 1 1035 1088 1182 3360
20833 4 2 100 1 2222 3918 3833 2778
20834 4 2 100 1 255 3708 629 3979
20835 4 2 100 1 1784 2642 1783 3216
20836 4 2 100 1 540 657 666 2848
20837 4 2 100 1 2526 2896 3307 2854
20838 4 2 100 1 396 623 555 3697
20839 4 2 100 1 228 482 208 2967
20840 4 2 100 1 358 701 306 2873
20841 4 2 100 1 935 981 1347 3765
20842 4 2 100 1 2933 3674 3400 3891
20843 4 2 100 1 3721 3918 2778 4106
20844 4 2 100 1 856 854 1342 3399
20845 4 2 100 1 1220 2931 1179 3855
20846 4 2 100 1 405 580 462 2417
20847 4 2 100 1 2982 3462 2759 3562
20848 4 2 100 1 3002 3481 2320 3575
20849 4 2 100 1 2296 3870 3057 4075
20850 4 2 100 1 1165 1506 1133 3190
20851 4 2 100 1 1186 1076 1184 3193
20852 4 2 100 1 3037 1477 1291 2936
20853 4 2 100 1 2344 3501 2969 3561
20854 4 2 100 1 2288 2679 3058 3583
20855 4 2 100 1 2584 1756 1868 1988
20856 4 2 100 1 2276 2482 3092 2366
20857 4 2 100 1 2618 3778 3409 2297
20858 4 2 100 1 245 244 226 4080
20859 4 2 100 1 1455 738 1475 3451
20860 4 2 100 1 3170 4063 2378 4084
20861 4 2 100 1 2033 1902 1874 3788
20862 4 2 100 1 518 601 517 3305
20863 4 2 100 1 1747 2013 1749 4024
20864 4 2 100 1 1419 1073 1332 4078
20865 4 2 100 1 1779 1777 1778 3679
20866 4 2 100 1 3073 3284 2771 3998
20867 4 2 100 1 1624 1786 2022 3586
20868 4 2 100 1 1276 841 845 4039
20869 4 2 100 1 2656 2468 3749 3969
20870 4 2 100 1 1110 1231 1230 3226
20871 4 2 100 1 2117 4059 2922 4071
20872 4 2 100 1 229 575 232 4065
20873 4 2 100 1 287 630 286 3890
20874 4 2 100 1 3546 4088 2240 4112
20875 4 2 100 1 1770 1831 1961 3517
20876 4 2 100 1 18 679 17 3073
20877 4 2 100 1 3913 4135 700 3516
20878 4 2 100 1 1818 1812 1816 3044
20879 4 2 100 1 1160 1369 1094 3733
20880 4 2 100 1 341 342 474 3898
20881 4 2 100 1 804 3900 1345 4108
20882 4 2 100 1 1632 1639 1638 3265
20883 4 2 100 1 3244 3353 2308 3726
20884 4 2 100 1 3257 3939 2668 4039
20885 4 2 100 1 1170 1470 1137 3174
20886 4 2 100 1 1839 1582 3422 3822
20887 4 2 100 1 2993 2315 3729 4000
20888 4 2 100 1 557 612 362 3001
20889 4 2 100 1 850 848 877 2932
20890 4 2 100 1 106 761 107 3916
20891 4 2 100 1 3727 3830 2357 4009
20892 4 2 100 1 2213 2984 2563 4087
20893 4 2 100 1 1923 80 3292 3843
20894 4 2 100 1 2218 2855 3529 3911
20895 4 2 100 1 557 699 3001 3805
20896 4 2 100 1 2608 3656 3436 4090
20897 4 2 100 1 1610 1608 1607 3125
20898 4 2 100 1 541 527 3188 3904
20899 4 2 100 1 725 716 2864 4041
20900 4 2 100 1 3600 761 1201 106
20901 4 2 100 1 569 32 33 2977
20902 4 2 100 1 2113 2782 2571 3757
20903 4 2 100 1 2827 2421 3757 3287
20904 4 2 100 1 592 508 542 3656
20905 4 2 100 1 3590 3750 2620 3848
20906 4 2 100 1 1987 1823 1814 3782
20907 4 2 100 1 2397 3089 2164 2922
20908 4 2 100 1 3560 3860 2492 4035
20909 4 2 100 1 1330 1276 1007 4039
20910 4 2 100 1 1728 1727 1708 3068
20911 4 2 100 1 715 701 358 3783
20912 4 2 100 1 1329 3225 1485 3848
20913 4 2 100 1 3910 3669 2418 2311
20914 4 2 100 1 1214 2910 1248 2906
20915 4 2 100 1 136 1520 2043 3179
20916 4 2 100 1 3118 3661 2241 4021
20917 4 2 100 1 1667 2581 1669 3770
20918 4 2 100 1 1825 2023 1822 4096
20919 4 2 100 1 216 217 214 3503
20920 4 2 100 1 1566 1600 1564 3559
20921 4 2 100 1 451 227 708 3905
20922 4 2 100 1 2392 2797 3910 2447
20923 4 2 100 1 1585 1586 1837 3615
20924 4 2 100 1 3443 3444 2089 3970
20925 4 2 100 1 1043 1139 1240 3351
20926 4 2 100 1 2725 2461 3988 4051
20927 4 2 100 1 2661 4032 2332 2585
20928 4 2 100 1 908 1380 1354 4064
20929 4 2 100 1 344 299 305 3173
20930 4 2 100 1 3243 2159 2438 4095
20931 4 2 100 1 1388 1059 1412 3052
20932 4 2 100 1 2178 3054 2372 2789
20933 4 2 100 1 1116 3602 1009 4040
20934 4 2 100 1 1839 1582 1592 3422
20935 4 2 100 1 1623 1632 1631 3745
20936 4 2 100 1 2920 2549 2853 3786
20937 4 2 100 1 1223 1221 31 3644
20938 4 2 100 1 2246 3120 3679 3902
20939 4 2 100 1 3008 2312 3648 3892
20940 4 2 100 1 3113 3682 2354 3889
20941 4 2 100 1 1843 1842 1841 3095
20942 4 2 100 1 2403 3293 3292 3885
20943 4 2 100 1 2250 2657 3683 4053
20944 4 2 100 1 2280 3321 2821 2387
20945 4 2 100 1 1966 1870 2017 3197
20946 4 2 100 1 740 1518 1237 2900
20947 4 2 100 1 2186 3790 2842 4004
20948 4 2 100 1 3374 1851 1981 2760
20949 4 2 100 1 578 45 163 3522
20950 4 2 100 1 257 688 640 3447
20951 4 2 100 1 4117 1885 151 1538
20952 4 2 100 1 3053 3379 2114 3929
20953 4 2 100 1 264 263 3330 4019
20954 4 2 100 1 2148 3948 3547 3982
20955 4 2 100 1 1630 1675 1930 2939
20956 4 2 100 1 1984 1789 1762 3841
20957 4 2 100 1 2017 1871 1891 3737
20958 4 2 100 1 1346 1418 1439 3580
20959 4 2 100 1 2222 3721 3720 3918
20960 4 2 100 1 1964 1999 2033 3788
20961 4 2 100 1 438 169 497 2598
20962 4 2 100 1 393 443 366 3077
20963 4 2 100 1 806 3588 805 4108
20964 4 2 100 1 2362 3400 2968 3674
20965 4 2 100 1 2267 3983 3394 3986
20966 4 2 100 1 30 29 744 4009
20967 4 2 100 1 3307 2854 2896 4007
20968 4 2 100 1 2761 2280 3716 3898
20969 4 2 100 1 2277 2759 3846 3909
20970 4 2 100 1 1432 23 1512 3743
20971 4 2 100 1 160 20 21 3144
20972 4 2 100 1 112 749 1321 3049
20973 4 2 100 1 2899 3509 2772 3860
20974 4 2 100 1 1138 1420 1398 3349
20975 4 2 100 1 1218 1257 1357 2886
20976 4 2 100 1 879 1054 1261 3686
20977 4 2 100 1 1791 1648 1739 3039
20978 4 2 100 1 81 80 1256 3292
20979 4 2 100 1 4116 4129 2735 1553
20980 4 2 100 1 1491 1506 764 3190
20981 4 2 100 1 40 3272 41 3896
20982 4 2 100 1 127 3065 1897 3853
20983 4 2 100 1 1569 3609 2476 3811
20984 4 2 100 1 3374 1981 1851 1977
20985 4 2 100 1 2723 1856 3895 4043
20986 4 2 100 1 2854 2379 3484 3616
20987 4 2 100 1 3142 3980 2668 4039
20988 4 2 100 1 1092 1109 1091 3733
20989 4 2 100 1 2919 3670 2363 4098
20990 4 2 100 1 748 32 1221 3644
20991 4 2 100 1 411 412 413 3669
20992 4 2 100 1 689 521 422 3775
20993 4 2 100 1 1984 137 1789 3841
20994 4 2 100 1 3049 2729 2991 2394
20995 4 2 100 1 758 1235 103 3937
20996 4 2 100 1 2047 2040 1936 3618
20997 4 2 100 1 2277 3552 3455 3965
20998 4 2 100 1 961 986 1277 3008
20999 4 2 100 1 130 129 2025 3639
21000 4 2 100 1 930 931 932 3688
21001 4 2 100 1 1597 1602 1601 3594
21002 4 2 100 1 177 46 3230 3836
21003 4 2 100 1 357 547 442 2874
21004 4 2 100 1 3349 1121 1398 4091
21005 4 2 100 1 2510 3247 2939 2135
21006 4 2 100 1 953 3529 2803 4034
21007 4 2 100 1 2614 3044 3764 3983
21008 4 2 100 1 439 539 316 3419
21009 4 2 100 1 1990 1536 84 2968
21010 4 2 100 1 1670 1681 1682 3055
21011 4 2 100 1 1714 1643 1724 3813
21012 4 2 100 1 3049 2991 2729 2270
21013 4 2 100 1 2149 3897 3823 2966
21014 4 2 100 1 2669 2846 3555 3785
21015 4 2 100 1 1030 1446 3590 3848
21016 4 2 100 1 2643 2494 3947 4060
21017 4 2 100 1 1285 2960 2672 1286
21018 4 2 100 1 215 304 213 3762
21019 4 2 100 1 1773 2007 1772 3810
21020 4 2 100 1 2912 3592 3505 3776
21021 4 2 100 1 3069 3594 2514 3755
21022 4 2 100 1 2617 2883 3576 3837
21023 4 2 100 1 908 1469 1380 4064
21024 4 2 100 1 1275 755 1448 3111
21025 4 2 100 1 2402 2999 3963 4100
21026 4 2 100 1 2632 3624 3513 3905
21027 4 2 100 1 2303 3331 3243 2159
21028 4 2 100 1 2495 3164 3706 3794
21029 4 2 100 1 2362 2968 3372 3674
21030 4 2 100 1 2461 4051 3568 4111
21031 4 2 100 1 1588 1593 1586 3615
21032 4 2 100 1 1153 988 1151 2855
21033 4 2 100 1 2305 3424 3200 4027
21034 4 2 100 1 845 864 865 3217
21035 4 2 100 1 1626 3398 1962 4033
21036 4 2 100 1 2026 1975 1552 3853
21037 4 2 100 1 3910 3669 2311 2797
21038 4 2 100 1 322 3539 3064 3831
21039 4 2 100 1 2344 2815 3603 2867
21040 4 2 100 1 451 614 692 3513
21041 4 2 100 1 960 1326 1000 3892
21042 4 2 100 1 3158 3475 2319 3989
21043 4 2 100 1 2469 3590 2275 3655
21044 4 2 100 1 1943 1637 1657 3692
21045 4 2 100 1 539 472 316 3419
21046 4 2 100 1 908 1354 3598 4064
21047 4 2 100 1 550 549 64 4118
21048 4 2 100 1 2289 3354 2834 3963
21049 4 2 100 1 2291 2662 3364 4061
21050 4 2 100 1 2192 3860 2772 4035
21051 4 2 100 1 2141 3509 3646 3731
21052 4 2 100 1 3130 3124 2545 2269
21053 4 2 100 1 3677 3998 2771 2570
21054 4 2 100 1 2576 3442 3259 3683
21055 4 2 100 1 222 221 223 3353
21056 4 2 100 1 853 1360 851 3799
21057 4 2 100 1 725 2864 721 3516
21058 4 2 100 1 1002 959 1009 4040
21059 4 2 100 1 2472 2725 3964 3975
21060 4 2 100 1 1995 134 135 3737
21061 4 2 100 1 131 1528 132 3177
21062 4 2 100 1 1635 1642 1634 3498
21063 4 2 100 1 2048 1850 1852 3699
21064 4 2 100 1 2359 3692 3247 2135
21065 4 2 100 1 2219 3687 3024 4106
21066 4 2 100 1 643 453 3041 3512
21067 4 2 100 1 236 601 203 3824
21068 4 2 100 1 1954 1793 1595 3118
21069 4 2 100 1 1784 1783 1752 3216
21070 4 2 100 1 232 575 238 4065
21071 4 2 100 1 3740 3941 2396 3959
21072 4 2 100 1 788 787 789 3470
21073 4 2 100 1 993 1417 994 4110
21074 4 2 100 1 2575 3020 3643 2267
21075 4 2 100 1 610 3376 499 4025
21076 4 2 100 1 188 3272 40 3896
21077 4 2 100 1 560 186 503 3093
21078 4 2 100 1 2448 3651 3589 4068
21079 4 2 100 1 3517 3983 2267 2614
21080 4 2 100 1 1268 1266 798 3313
21081 4 2 100 1 2046 1780 1781 3759
21082 4 2 100 1 788 3470 789 3971
21083 4 2 100 1 16 765 1421 3284
21084 4 2 100 1 1864 1854 3565 3621
21085 4 2 100 1 222 221 3353 4103
21086 4 2 100 1 3677 2771 3998 3073
21087 4 2 100 1 1864 3621 3565 3924
21088 4 2 100 1 1612 1613 3729 4060
21089 4 2 100 1 223 708 227 3353
21090 4 2 100 1 2542 3336 3330 3876
21091 4 2 100 1 269 264 626 3407
21092 4 2 100 1 1177 3475 3158 3989
21093 4 2 100 1 2147 3555 3028 2358
21094 4 2 100 1 2369 3662 3062 4115
21095 4 2 100 1 1487 1145 2999 4100
21096 4 2 100 1 2575 3973 3643 4015
21097 4 2 100 1 1181 1157 1189 2902
21098 4 2 100 1 1433 1490 796 3975
21099 4 2 100 1 3538 503 662 2392
21100 4 2 100 1 885 892 1257 3662
21101 4 2 100 1 1388 3483 810 4092
21102 4 2 100 1 3217 3835 2351 4039
21103 4 2 100 1 1037 1121 1168 3635
21104 4 2 100 1 2893 3850 2386 4066
21105 4 2 100 1 1501 1199 1200 3584
21106 4 2 100 1 2505 2441 3462 2184
21107 4 2 100 1 1577 1997 1584 3412
21108 4 2 100 1 1190 1263 743 3070
21109 4 2 100 1 2791 3766 2760 3883
21110 4 2 100 1 2078 1531 119 3132
21111 4 2 100 1 980 1292 948 3301
21112 4 2 100 1 3305 513 518 2696
21113 4 2 100 1 1545 1856 2001 3895
21114 4 2 100 1 3736 3975 3964 2725
21115 4 2 100 1 1814 1822 1813 3782
21116 4 2 100 1 2304 2966 3549 4011
21117 4 2 100 1 2543 3244 3199 4080
21118 4 2 100 1 1735 1918 1979 3610
21119 4 2 100 1 1356 1447 1499 2980
21120 4 2 100 1 280 287 286 3276
21121 4 2 100 1 4126 1555 4132 3444
21122 4 2 100 1 1426 3851 1107 1185
21123 4 2 100 1 1383 3034 1225 4114
21124 4 2 100 1 399 371 534 3175
21125 4 2 100 1 1166 1105 1164 2844
21126 4 2 100 1 2383 3311 3530 4008
21127 4 2 100 1 1195 1161 1087 3456
21128 4 2 100 1 2392 3538 2797 2447
21129 4 2 100 1 2288 2857 3779 3828
21130 4 2 100 1 1007 1276 845 4039
21131 4 2 100 1 3103 2276 3502 3582
21132 4 2 100 1 192 4066 554 4067
21133 4 2 100 1 884 883 881 3062
21134 4 2 100 1 649 353 394 3041
21135 4 2 100 1 1970 3040 3527 3711
21136 4 2 100 1 1609 1948 1606 4000
21137 4 2 100 1 1817 3252 1976 4005
21138 4 2 100 1 1728 1741 1780 3759
21139 4 2 100 1 2284 3504 3197 3759
21140 4 2 100 1 1273 1407 1195 3063
21141 4 2 100 1 348 431 429 3713
21142 4 2 100 1 2780 3553 2246 3758
21143 4 2 100 1 1984 1533 138 3534
21144 4 2 100 1 2694 3610 3198 3999
21145 4 2 100 1 804 806 805 4108
21146 4 2 100 1 3538 662 503 417
21147 4 2 100 1 1340 810 1388 3483
21148 4 2 100 1 386 334 3641 3675
21149 4 2 100 1 1876 3120 2019 3680
21150 4 2 100 1 1056 1104 1105 3473
21151 4 2 100 1 568 184 567 2990
21152 4 2 100 1 320 321 322 3064
21153 4 2 100 1 1380 1128 1354 4064
21154 4 2 100 1 229 232 231 4065
21155 4 2 100 1 2065 1611 1908 4060
21156 4 2 100 1 1220 3855 1222 4114
21157 4 2 100 1 1101 1103 1102 3435
21158 4 2 100 1 1906 4126 1555 2035
21159 4 2 100 1 1785 1945 2066 4022
21160 4 2 100 1 402 523 714 2467
21161 4 2 100 1 4118 728 717 63
21162 4 2 100 1 1025 1392 954 4034
21163 4 2 100 1 478 420 479 3222
21164 4 2 100 1 1667 2581 3770 3514
21165 4 2 100 1 2151 3772 3587 4094
21166 4 2 100 1 1985 1794 1522 3176
21167 4 2 100 1 12 13 167 3694
21168 4 2 100 1 1804 1612 1622 3729
21169 4 2 100 1 2949 2482 2276 2366
21170 4 2 100 1 2369 3062 3662 3780
21171 4 2 100 1 3989 1177 1174 1502
21172 4 2 100 1 359 614 451 3513
21173 4 2 100 1 3305 3824 2406 3930
21174 4 2 100 1 633 416 525 3638
21175 4 2 100 1 1785 1723 1791 4022
21176 4 2 100 1 3462 2441 2679 2184
21177 4 2 100 1 234 538 231 3420
21178 4 2 100 1 2126 3308 3043 3820
21179 4 2 100 1 1175 1437 769 3613
21180 4 2 100 1 706 556 162 3805
21181 4 2 100 1 1293 3665 979 3884
21182 4 2 100 1 2672 3367 2685 2324
21183 4 2 100 1 1095 1094 1093 3404
21184 4 2 100 1 3138 3783 2376 4076
21185 4 2 100 1 310 581 614 3513
21186 4 2 100 1 3126 3511 2715 3851
21187 4 2 100 1 980 948 978 3301
21188 4 2 100 1 3213 4010 2700 4011
21189 4 2 100 1 900 783 1252 3408
21190 4 2 100 1 936 947 946 3254
21191 4 2 100 1 1479 3531 1154 4063
21192 4 2 100 1 23 3134 1512 3743
21193 4 2 100 1 2041 1748 1749 3448
21194 4 2 100 1 1020 1359 1081 3278
21195 4 2 100 1 1687 1766 1723 3458
21196 4 2 100 1 3731 3860 3509 2292
21197 4 2 100 1 2469 3313 3940 4107
21198 4 2 100 1 2476 3661 3118 4021
21199 4 2 100 1 2277 2804 3552 3965
21200 4 2 100 1 1806 1889 1948 3684
21201 4 2 100 1 250 704 247 3845
21202 4 2 100 1 3292 3293 2479 3885
21203 4 2 100 1 1455 1475 1236 3451
21204 4 2 100 1 3330 3407 264 4019
21205 4 2 100 1 843 845 841 3835
21206 4 2 100 1 1712 1736 1711 3263
21207 4 2 100 1 1534 3639 128 4104
21208 4 2 100 1 2569 3940 3313 4107
21209 4 2 100 1 1841 1842 1840 3095
21210 4 2 100 1 651 2990 161 2770
21211 4 2 100 1 2096 4131 4099 4117
21212 4 2 100 1 2855 3668 2482 4034
21213 4 2 100 1 2386 3850 3500 4066
21214 4 2 100 1 620 656 377 3114
21215 4 2 100 1 2765 3433 2819 4025
21216 4 2 100 1 2129 3910 3430 2311
21217 4 2 100 1 2137 3418 2282 4106
21218 4 2 100 1 347 384 474 3898
21219 4 2 100 1 1644 1895 1625 4038
21220 4 2 100 1 2788 3752 2601 4028
21221 4 2 100 1 72 752 1207 2767
21222 4 2 100 1 180 668 590 3538
21223 4 2 100 1 41 173 42 3640
21224 4 2 100 1 3111 3158 2714 2319
21225 4 2 100 1 1084 1085 1126 3481
21226 4 2 100 1 535 58 189 4119
21227 4 2 100 1 1288 1287 1514 3003
21228 4 2 100 1 1370 921 919 3248
21229 4 2 100 1 1282 1063 984 3802
21230 4 2 100 1 1337 923 1366 3307
21231 4 2 100 1 911 913 1395 3940
21232 4 2 100 1 2000 1709 1969 2964
21233 4 2 100 1 2384 3067 3948 3829
21234 4 2 100 1 3171 3787 2467 2355
21235 4 2 100 1 3233 3647 2387 3827
21236 4 2 100 1 696 463 462 4036
21237 4 2 100 1 521 239 302 3917
21238 4 2 100 1 3560 3860 4035 2772
21239 4 2 100 1 2985 3389 2412 3767
21240 4 2 100 1 759 1236 1475 3451
21241 4 2 100 1 23 22 1512 3134
21242 4 2 100 1 533 3171 577 3787
21243 4 2 100 1 1402 1130 1504 3533
21244 4 2 100 1 2291 2662 4061 3182
21245 4 2 100 1 1570 1569 1571 3609
21246 4 2 100 1 3111 2714 3158 2347
21247 4 2 100 1 2146 2976 3523 3201
21248 4 2 100 1 2560 3569 2834 4108
21249 4 2 100 1 3587 2440 2778 4094
21250 4 2 100 1 2545 3130 2826 2177
21251 4 2 100 1 3211 3422 2264 3615
21252 4 2 100 1 1562 1561 1560 3878
21253 4 2 100 1 2624 2121 3196 3868
21254 4 2 100 1 2944 3914 2867 3922
21255 4 2 100 1 675 409 399 3800
21256 4 2 100 1 2472 3964 2743 3975
21257 4 2 100 1 3349 1398 1121 1420
21258 4 2 100 1 2133 3530 2946 3808
21259 4 2 100 1 2545 2826 3130 3090
21260 4 2 100 1 753 3111 91 3989
21261 4 2 100 1 1851 1850 1848 3766
21262 4 2 100 1 466 284 285 3659
21263 4 2 100 1 3073 3677 2265 3998
21264 4 2 100 1 268 264 269 3407
21265 4 2 100 1 2308 3726 3353 4103
21266 4 2 100 1 3682 3700 2354 3889
21267 4 2 100 1 195 194 193 3818
21268 4 2 100 1 14 13 736 3949
21269 4 2 100 1 1511 759 1232 3754
21270 4 2 100 1 2748 2693 3131 4030
21271 4 2 100 1 2651 3945 3921 4012
21272 4 2 100 1 392 227 636 2963
21273 4 2 100 1 1340 1388 1122 3483
21274 4 2 100 1 1913 3185 1912 2680
21275 4 2 100 1 177 47 46 3836
21276 4 2 100 1 620 592 408 3656
21277 4 2 100 1 1220 2931 3855 4114
21278 4 2 100 1 1255 1386 1253 2825
21279 4 2 100 1 994 1417 1410 3045
21280 4 2 100 1 2500 3591 2812 3857
21281 4 2 100 1 455 584 450 3905
21282 4 2 100 1 2400 3396 2857 2279
21283 4 2 100 1 2467 2872 3246 2355
21284 4 2 100 1 1190 743 1382 3070
21285 4 2 100 1 2392 3623 3271 3781
21286 4 2 100 1 2479 3885 3377 3957
21287 4 2 100 1 2618 2297 2941 2370
21288 4 2 100 1 2777 3812 2323 4083
21289 4 2 100 1 921 922 920 2703
21290 4 2 100 1 1258 101 743 3875
21291 4 2 100 1 2267 3020 3619 3986
21292 4 2 100 1 1496 1371 89 3303
21293 4 2 100 1 2119 2952 3660 3857
21294 4 2 100 1 2429 3413 2996 3864
21295 4 2 100 1 2625 3673 3183 4045
21296 4 2 100 1 2600 2712 2182 3789
21297 4 2 100 1 520 507 548 3919
21298 4 2 100 1 1001 1002 1042 4002
21299 4 2 100 1 962 1000 1272 3892
21300 4 2 100 1 416 668 525 3538
21301 4 2 100 1 1465 1431 1327 3474
21302 4 2 100 1 195 193 3817 3818
21303 4 2 100 1 538 450 584 3420
21304 4 2 100 1 1556 1975 2026 3102
21305 4 2 100 1 1176 1174 1011 3475
21306 4 2 100 1 2226 3691 2792 2327
21307 4 2 100 1 1288 973 1003 3428
21308 4 2 100 1 3921 3945 2690 4012
21309 4 2 100 1 1976 1817 1832 3252
21310 4 2 100 1 1125 1485 1329 3225
21311 4 2 100 1 1326 1001 1057 4002
21312 4 2 100 1 1566 3894 1600 3559
21313 4 2 100 1 2617 2883 3837 4062
21314 4 2 100 1 801 1345 804 3900
21315 4 2 100 1 1155 1023 1024 3507
21316 4 2 100 1 2213 2563 2622 4087
21317 4 2 100 1 1237 1518 1228 3825
21318 4 2 100 1 1039 3935 3009 4110
21319 4 2 100 1 101 3369 1929 3875
21320 4 2 100 1 398 3539 322 3831
21321 4 2 100 1 935 936 946 3254
21322 4 2 100 1 1320 1441 1319 3389
21323 4 2 100 1 2096 4138 150 4117
21324 4 2 100 1 78 190 77 3271
21325 4 2 100 1 2344 3603 2815 4113
21326 4 2 100 1 3101 3702 2950 3778
21327 4 2 100 1 3824 601 517 236
21328 4 2 100 1 3184 3359 2343 3287
21329 4 2 100 1 1387 1109 3966 1169
21330 4 2 100 1 1583 1581 1960 3211
21331 4 2 100 1 2690 3882 3033 4012
21332 4 2 100 1 2305 2829 3633 4027
21333 4 2 100 1 2303 3435 3417 3796
21334 4 2 100 1 2804 2277 3909 3965
21335 4 2 100 1 2111 2283 3199 2408
21336 4 2 100 1 2150 3568 3964 4051
21337 4 2 100 1 1472 1465 1315 3474
21338 4 2 100 1 127 3853 126 3924
21339 4 2 100 1 1438 1136 1362 4086
21340 4 2 100 1 3115 3347 2842 3790
21341 4 2 100 1 1827 1828 1826 3023
21342 4 2 100 1 2151 2793 3482 3807
21343 4 2 100 1 436 363 585 3238
21344 4 2 100 1 2209 2917 3454 2442
21345 4 2 100 1 2559 3423 3693 3844
21346 4 2 100 1 2592 3620 3077 3672
21347 4 2 100 1 2335 3825 2906 3256
21348 4 2 100 1 3269 3935 3153 4075
21349 4 2 100 1 319 318 294 3869
21350 4 2 100 1 264 3330 626 3407
21351 4 2 100 1 2277 3455 2880 3965
21352 4 2 100 1 202 203 201 3930
21353 4 2 100 1 1491 764 1461 3677
21354 4 2 100 1 2421 2799 3757 3968
21355 4 2 100 1 2063 1697 1750 3901
21356 4 2 100 1 2336 3327 3222 4067
21357 4 2 100 1 3053 3929 3057 4075
21358 4 2 100 1 487 182 645 2802
21359 4 2 100 1 227 692 636 2963
21360 4 2 100 1 3600 761 106 3916
21361 4 2 100 1 3740 3941 3959 2766
21362 4 2 100 1 2685 3367 2687 2639
21363 4 2 100 1 1819 1816 1815 3764
21364 4 2 100 1 2428 3378 3773 3961
21365 4 2 100 1 758 103 102 3792
21366 4 2 100 1 55 537 54 3159
21367 4 2 100 1 2426 3859 3068 4038
21368 4 2 100 1 3121 3632 2561 2709
21369 4 2 100 1 3311 3530 2133 3808
21370 4 2 100 1 751 97 1204 3097
21371 4 2 100 1 882 3062 883 4115
21372 4 2 100 1 1871 1520 1891 3737
21373 4 2 100 1 1659 1661 1660 3390
21374 4 2 100 1 2371 3870 3153 4075
21375 4 2 100 1 983 896 907 3730
21376 4 2 100 1 242 3138 241 4076
21377 4 2 100 1 3448 3970 4099 2753
21378 4 2 100 1 2117 3089 2922 3984
21379 4 2 100 1 95 1927 1525 3936
21380 4 2 100 1 1294 1491 1461 3677
21381 4 2 100 1 2036 1880 1737 3556
21382 4 2 100 1 1629 1636 1630 3692
21383 4 2 100 1 2855 3529 988 4034
21384 4 2 100 1 3294 2301 2462 3075
21385 4 2 100 1 2025 1800 3296 3639
21386 4 2 100 1 579 246 249 3753
21387 4 2 100 1 1336 1325 951 3502
21388 4 2 100 1 1901 4129 154 1553
21389 4 2 100 1 2002 1745 1763 3228
21390 4 2 100 1 2533 2262 2159 4095
21391 4 2 100 1 2123 2329 2989 3652
21392 4 2 100 1 2143 2796 3839 3888
21393 4 2 100 1 1889 1806 1888 3684
21394 4 2 100 1 1529 2060 1919 3333
21395 4 2 100 1 1887 1702 1703 3133
21396 4 2 100 1 4123 2088 2085 3443
21397 4 2 100 1 525 40 41 3896
21398 4 2 100 1 2484 3494 3088 3803
21399 4 2 100 1 189 616 687 2864
21400 4 2 100 1 432 490 179 3302
21401 4 2 100 1 2700 4010 3349 4011
21402 4 2 100 1 594 610 499 4025
21403 4 2 100 1 2799 3926 2314 3968
21404 4 2 100 1 3699 1550 1925 3293
21405 4 2 100 1 1167 1407 1368 3751
21406 4 2 100 1 1338 3598 1492 4086
21407 4 2 100 1 465 2801 635 4036
21408 4 2 100 1 2814 2415 3967 4082
21409 4 2 100 1 2237 3880 2811 4030
21410 4 2 100 1 242 241 3138 234
21411 4 2 100 1 2799 2421 2915 3926
21412 4 2 100 1 2246 3661 2780 3758
21413 4 2 100 1 2811 3880 2420 4030
21414 4 2 100 1 1025 955 1026 3253
21415 4 2 100 1 1965 1617 1607 3579
21416 4 2 100 1 170 633 525 3640
21417 4 2 100 1 1948 3684 1889 4000
21418 4 2 100 1 2015 1957 1750 3901
21419 4 2 100 1 443 704 3845 519
21420 4 2 100 1 2376 3323 2187 3814
21421 4 2 100 1 1452 763 118 3170
21422 4 2 100 1 4004 3991 2809 2337
21423 4 2 100 1 3902 3737 2246 3047
21424 4 2 100 1 541 178 527 3904
21425 4 2 100 1 3076 2550 3997 2188
21426 4 2 100 1 1751 1969 1656 3815
21427 4 2 100 1 1278 938 961 3648
21428 4 2 100 1 2370 3121 3632 3691
21429 4 2 100 1 1594 1597 1596 4085
21430 4 2 100 1 1246 2809 1107 3511
21431 4 2 100 1 2959 3708 2307 3979
21432 4 2 100 1 2185 2836 3577 4057
21433 4 2 100 1 1899 1938 1902 3788
21434 4 2 100 1 1802 1744 1803 2786
21435 4 2 100 1 204 2674 598 4017
21436 4 2 100 1 315 601 518 3305
21437 4 2 100 1 826 1349 901 3279
21438 4 2 100 1 529 3496 338 276
21439 4 2 100 1 915 916 917 4097
21440 4 2 100 1 1820 1821 1831 3517
21441 4 2 100 1 1334 1113 1021 3357
21442 4 2 100 1 1335 951 936 3582
21443 4 2 100 1 3444 2156 3970 2876
21444 4 2 100 1 1534 129 128 3639
21445 4 2 100 1 2297 2950 3702 3778
21446 4 2 100 1 3823 3897 2527 2966
21447 4 2 100 1 3080 3562 2372 2789
21448 4 2 100 1 1864 1544 3621 3924
21449 4 2 100 1 138 3534 1532 3931
21450 4 2 100 1 247 703 244 3845
21451 4 2 100 1 2296 3269 3153 4075
21452 4 2 100 1 639 3701 48 3836
21453 4 2 100 1 1259 1058 1260 3356
21454 4 2 100 1 725 727 716 4041
21455 4 2 100 1 2136 3521 2991 2394
21456 4 2 100 1 491 179 490 3302
21457 4 2 100 1 3270 3758 2135 3933
21458 4 2 100 1 725 716 721 2864
21459 4 2 100 1 3959 3727 3941 2615
21460 4 2 100 1 3665 3037 1293 2773
21461 4 2 100 1 187 544 497 2885
21462 4 2 100 1 509 507 520 3275
21463 4 2 100 1 127 3065 3853 3924
21464 4 2 100 1 3301 3665 978 2773
21465 4 2 100 1 1192 1069 1143 3704
21466 4 2 100 1 159 569 642 3160
21467 4 2 100 1 2395 3581 2372 3912
21468 4 2 100 1 1033 980 978 2773
21469 4 2 100 1 3665 3037 2773 2322
21470 4 2 100 1 176 4066 3500 4067
21471 4 2 100 1 3341 3639 2547 3952
21472 4 2 100 1 982 1216 1217 3100
21473 4 2 100 1 1686 3579 1605 3798
21474 4 2 100 1 1067 3995 977 943
21475 4 2 100 1 2606 2001 1530 4043
21476 4 2 100 1 1703 2028 2047 3618
21477 4 2 100 1 2606 2001 4043 3895
21478 4 2 100 1 132 1890 133 3504
21479 4 2 100 1 1324 1114 1402 2953
21480 4 2 100 1 1549 1970 1928 3527
21481 4 2 100 1 2923 3817 2468 3818
21482 4 2 100 1 199 196 198 3599
21483 4 2 100 1 3118 1881 1882 3840
21484 4 2 100 1 3065 2358 3924 4104
21485 4 2 100 1 780 777 1225 3471
21486 4 2 100 1 1458 1351 1350 3545
21487 4 2 100 1 1633 1631 3154 3745
21488 4 2 100 1 1119 1117 1466 2639
21489 4 2 100 1 2082 4116 152 2094
21490 4 2 100 1 1074 1073 1089 4078
21491 4 2 100 1 78 2700 1232 3754
21492 4 2 100 1 514 177 551 3836
21493 4 2 100 1 1494 1401 1135 3361
21494 4 2 100 1 383 574 605 3468
21495 4 2 100 1 2074 1800 1534 3639
21496 4 2 100 1 2397 3558 2164 3960
21497 4 2 100 1 952 954 953 4034
21498 4 2 100 1 915 913 914 4097
21499 4 2 100 1 138 1862 137 3931
21500 4 2 100 1 1989 1638 1639 3300
21501 4 2 100 1 371 399 372 3175
21502 4 2 100 1 1078 1015 1410 3718
21503 4 2 100 1 1559 1912 1913 3185
21504 4 2 100 1 355 3831 2598 354
21505 4 2 100 1 2942 3419 2192 4035
21506 4 2 100 1 312 543 407 3436
21507 4 2 100 1 2086 2096 2082 4099
21508 4 2 100 1 2915 2421 2152 3926
21509 4 2 100 1 3009 3622 2553 3935
21510 4 2 100 1 744 1271 3335 4009
21511 4 2 100 1 1754 1753 2063 3322
21512 4 2 100 1 1012 950 874 3569
21513 4 2 100 1 1480 1321 4006 4050
21514 4 2 100 1 1833 1834 2018 4005
21515 4 2 100 1 375 682 596 2948
21516 4 2 100 1 2336 3850 3327 4067
21517 4 2 100 1 2153 3664 2689 2290
21518 4 2 100 1 2030 4133 3443 142
21519 4 2 100 1 441 448 641 3194
21520 4 2 100 1 1030 1446 1409 3590
21521 4 2 100 1 1172 1442 1374 3354
21522 4 2 100 1 411 617 593 3669
21523 4 2 100 1 1061 1517 1415 3963
21524 4 2 100 1 1755 1789 1993 3841
21525 4 2 100 1 1567 1565 1641 3273
21526 4 2 100 1 160 21 702 2970
21527 4 2 100 1 1750 1957 2024 3901
21528 4 2 100 1 1794 1795 1768 3442
21529 4 2 100 1 465 470 635 2801
21530 4 2 100 1 1935 1716 1714 3813
21531 4 2 100 1 188 667 40 3272
21532 4 2 100 1 209 210 211 4093
21533 4 2 100 1 3644 3887 3795 2365
21534 4 2 100 1 3186 3338 2611 4057
21535 4 2 100 1 3054 3581 2285 3912
21536 4 2 100 1 1528 2071 1890 3504
21537 4 2 100 1 628 460 461 3928
21538 4 2 100 1 48 527 47 3836
21539 4 2 100 1 2227 3420 3138 4065
21540 4 2 100 1 2629 3731 3173 4073
21541 4 2 100 1 1006 3356 1259 3014
21542 4 2 100 1 2704 3760 3228 3294
21543 4 2 100 1 1159 1057 1042 3215
21544 4 2 100 1 4096 3782 2723 2352
21545 4 2 100 1 1439 1465 969 3862
21546 4 2 100 1 1358 1459 1119 3367
21547 4 2 100 1 709 361 602 3756
21548 4 2 100 1 1269 761 1159 3916
21549 4 2 100 1 1591 1570 1572 3609
21550 4 2 100 1 3063 3751 2346 3974
21551 4 2 100 1 1417 1039 1451 4110
21552 4 2 100 1 355 3831 354 323
21553 4 2 100 1 299 4073 3173 4076
21554 4 2 100 1 1210 1211 1476 3461
21555 4 2 100 1 2852 2459 3932 3981
21556 4 2 100 1 4096 2723 3782 1825
21557 4 2 100 1 1555 4120 1952 144
21558 4 2 100 1 2335 3843 2901 3957
21559 4 2 100 1 2830 3773 3378 3961
21560 4 2 100 1 691 361 325 3756
21561 4 2 100 1 1597 3594 1596 4085
21562 4 2 100 1 304 311 312 3762
21563 4 2 100 1 232 235 234 4065
21564 4 2 100 1 3439 2433 2489 3207
21565 4 2 100 1 1041 1222 1505 3410
21566 4 2 100 1 1464 735 1130 3533
21567 4 2 100 1 222 3726 219 4103
21568 4 2 100 1 1520 1993 2043 3179
21569 4 2 100 1 2268 3508 2164 3984
21570 4 2 100 1 176 9 10 3500
21571 4 2 100 1 1184 1077 1211 3193
21572 4 2 100 1 805 807 808 3588
21573 4 2 100 1 554 607 192 4067
21574 4 2 100 1 2337 3452 2860 3991
21575 4 2 100 1 999 1188 1039 3935
21576 4 2 100 1 79 756 80 3843
21577 4 2 100 1 417 668 416 3538
21578 4 2 100 1 1394 1171 765 3803
21579 4 2 100 1 132 1528 1890 3504
21580 4 2 100 1 2402 3963 3569 4100
21581 4 2 100 1 447 700 553 3913
21582 4 2 100 1 174 4137 535 3516
21583 4 2 100 1 94 1525 1926 3013
21584 4 2 100 1 2164 3358 2397 3960
21585 4 2 100 1 2268 2164 3089 3984
21586 4 2 100 1 1225 777 775 3471
21587 4 2 100 1 1372 1497 93 3779
21588 4 2 100 1 1263 3070 1190 4031
21589 4 2 100 1 660 570 534 3525
21590 4 2 100 1 100 101 1929 3875
21591 4 2 100 1 1555 4120 144 4132
21592 4 2 100 1 386 631 423 3675
21593 4 2 100 1 1361 873 1513 3282
21594 4 2 100 1 2215 3074 3310 4045
21595 4 2 100 1 715 583 492 3630
21596 4 2 100 1 1769 1983 2055 3809
21597 4 2 100 1 2410 3301 3473 2183
21598 4 2 100 1 1346 942 1418 3580
21599 4 2 100 1 1568 1569 1570 3609
21600 4 2 100 1 2539 3922 3021 4097
21601 4 2 100 1 2161 2332 4032 2585
21602 4 2 100 1 2253 3010 3778 4008
21603 4 2 100 1 4122 1784 2011 147
21604 4 2 100 1 1429 1125 1508 3445
21605 4 2 100 1 89 3303 1371 3797
21606 4 2 100 1 364 676 365 3834
21607 4 2 100 1 1070 1010 1009 3602
21608 4 2 100 1 2317 2434 3278 4078
21609 4 2 100 1 2670 3288 3475 3864
21610 4 2 100 1 1006 1005 1053 3605
21611 4 2 100 1 2337 2842 4004 4112
21612 4 2 100 1 387 401 386 3641
21613 4 2 100 1 2133 3530 3311 4008
21614 4 2 100 1 322 321 323 3831
21615 4 2 100 1 1907 2030 1901 3443
21616 4 2 100 1 1413 939 1279 2469
21617 4 2 100 1 50 524 493 3919
21618 4 2 100 1 1500 89 3797 4026
21619 4 2 100 1 992 991 968 3460
21620 4 2 100 1 2296 3057 3929 4075
21621 4 2 100 1 2416 2550 3363 3728
21622 4 2 100 1 1892 1537 129 3341
21623 4 2 100 1 1591 1763 1982 2704
21624 4 2 100 1 1222 1220 1221 3855
21625 4 2 100 1 1946 1752 1869 3216
21626 4 2 100 1 1480 766 1321 4050
21627 4 2 100 1 1129 1343 3344 1488
21628 4 2 100 1 1751 2000 1969 2964
21629 4 2 100 1 2086 2092 2084 3847
21630 4 2 100 1 201 315 199 3930
21631 4 2 100 1 2553 3935 3269 4075
21632 4 2 100 1 2402 3962 3569 3963
21633 4 2 100 1 2422 3793 3304 3839
21634 4 2 100 1 2700 3635 3349 4010
21635 4 2 100 1 1224 1505 1222 3410
21636 4 2 100 1 1569 1571 3609 3811
21637 4 2 100 1 2213 2622 3161 4087
21638 4 2 100 1 2265 3998 2981 4018
21639 4 2 100 1 1704 1642 2027 3498
21640 4 2 100 1 774 772 773 3441
21641 4 2 100 1 2003 1853 1977 3374
21642 4 2 100 1 2458 2906 3923 4004
21643 4 2 100 1 386 334 307 3641
21644 4 2 100 1 1593 1837 1586 3615
21645 4 2 100 1 1960 1581 1911 3537
21646 4 2 100 1 1758 1935 1880 3364
21647 4 2 100 1 1286 1281 1062 2960
21648 4 2 100 1 2858 3750 3258 3984
21649 4 2 100 1 1046 1494 1135 3361
21650 4 2 100 1 2178 2372 3054 3912
21651 4 2 100 1 1933 1929 101 3369
21652 4 2 100 1 2128 3634 3163 4055
21653 4 2 100 1 600 2882 403 3775
21654 4 2 100 1 1133 1127 1128 3863
21655 4 2 100 1 1467 1329 1485 3848
21656 4 2 100 1 4029 1934 1699 1759
21657 4 2 100 1 1968 3498 1704 4024
21658 4 2 100 1 2307 3708 3512 3979
21659 4 2 100 1 1567 3273 1641 2476
21660 4 2 100 1 2984 2139 2563 4087
21661 4 2 100 1 1529 1919 1944 3198
21662 4 2 100 1 911 1283 802 3940
21663 4 2 100 1 3565 2147 2358 2586
21664 4 2 100 1 50 49 524 3928
21665 4 2 100 1 481 480 216 3712
21666 4 2 100 1 135 1891 1520 3737
21667 4 2 100 1 3439 2489 2433 2727
21668 4 2 100 1 2164 3558 2397 2922
21669 4 2 100 1 2653 3124 3297 2545
21670 4 2 100 1 1013 1342 1488 3344
21671 4 2 100 1 50 524 3919 3928
21672 4 2 100 1 309 341 476 3321
21673 4 2 100 1 2148 3633 3187 4018
21674 4 2 100 1 525 180 3538 668
21675 4 2 100 1 2358 3565 3621 3924
21676 4 2 100 1 579 3447 530 3951
21677 4 2 100 1 691 440 602 3756
21678 4 2 100 1 1563 1974 1565 3273
21679 4 2 100 1 3216 1784 1946 1752
21680 4 2 100 1 2380 3472 2282 3720
21681 4 2 100 1 3729 3947 2993 4060
21682 4 2 100 1 2291 4061 2832 3182
21683 4 2 100 1 722 4135 61 4125
21684 4 2 100 1 2088 2087 2085 3443
21685 4 2 100 1 938 960 961 3648
21686 4 2 100 1 746 18 17 3073
21687 4 2 100 1 2533 3200 3424 4027
21688 4 2 100 1 4117 4131 4099 1538
21689 4 2 100 1 3347 3698 2549 3806
21690 4 2 100 1 529 3496 276 251
21691 4 2 100 1 1052 3382 1149 3668
21692 4 2 100 1 1979 1757 1991 3479
21693 4 2 100 1 2164 2922 3089 3984
21694 4 2 100 1 3505 3592 2891 3776
21695 4 2 100 1 1105 1474 1056 3473
21696 4 2 100 1 2441 3515 3195 2279
21697 4 2 100 1 344 345 299 3173
21698 4 2 100 1 2623 3656 3275 4090
21699 4 2 100 1 1043 1240 1044 3996
21700 4 2 100 1 2850 3988 2461 4051
21701 4 2 100 1 1979 1988 1757 3479
21702 4 2 100 1 1789 137 2043 3841
21703 4 2 100 1 2524 3625 3053 2184
21704 4 2 100 1 2492 3860 3419 4035
21705 4 2 100 1 1386 1008 1364 3378
21706 4 2 100 1 516 510 515 3595
21707 4 2 100 1 84 1536 83 2968
21708 4 2 100 1 2312 3098 3648 3892
21709 4 2 100 1 1218 1216 982 2886
21710 4 2 100 1 3183 3673 2348 4045
21711 4 2 100 1 262 264 263 3330
21712 4 2 100 1 1491 1127 1133 3190
21713 4 2 100 1 97 3097 98 4077
21714 4 2 100 1 484 481 482 3712
21715 4 2 100 1 345 492 583 3630
21716 4 2 100 1 502 419 330 3955
21717 4 2 100 1 1566 1600 3894 1942
21718 4 2 100 1 2164 3508 2470 3984
21719 4 2 100 1 1462 1463 770 3828
21720 4 2 100 1 3349 4010 3635 4091
21721 4 2 100 1 2092 2090 2084 3847
21722 4 2 100 1 2643 3947 3729 4060
21723 4 2 100 1 2043 1993 1789 3841
21724 4 2 100 1 3262 3641 2313 3675
21725 4 2 100 1 1803 1970 2057 3711
21726 4 2 100 1 1254 1330 1007 3257
21727 4 2 100 1 333 609 275 3717
21728 4 2 100 1 1406 1082 3921 3945
21729 4 2 100 1 628 673 460 3928
21730 4 2 100 1 2441 3195 3583 2279
21731 4 2 100 1 1209 957 1182 3360
21732 4 2 100 1 2030 4133 142 6
21733 4 2 100 1 1556 2026 1922 3102
21734 4 2 100 1 2438 2159 2262 4095
21735 4 2 100 1 2009 1986 1916 3322
21736 4 2 100 1 397 492 345 3630
21737 4 2 100 1 39 604 38 3915
21738 4 2 100 1 3499 3500 2386 3850
21739 4 2 100 1 1193 739 1434 3395
21740 4 2 100 1 1270 753 1177 3158
21741 4 2 100 1 1804 1615 1612 3729
21742 4 2 100 1 2268 3750 3508 3984
21743 4 2 100 1 1791 1723 2034 3458
21744 4 2 100 1 512 513 511 3707
21745 4 2 100 1 138 139 1532 3534
21746 4 2 100 1 340 341 309 3321
21747 4 2 100 1 996 1365 1487 3485
21748 4 2 100 1 1335 936 933 3582
21749 4 2 100 1 3067 3716 2718 2148
21750 4 2 100 1 446 577 3402 3787
21751 4 2 100 1 1673 2010 1729 2460
21752 4 2 100 1 1151 988 1149 2855
21753 4 2 100 1 219 222 591 3726
21754 4 2 100 1 128 3065 127 3924
21755 4 2 100 1 90 755 91 3111
21756 4 2 100 1 2093 147 2084 3847
21757 4 2 100 1 2799 2421 3926 3968
21758 4 2 100 1 2192 3419 3860 4035
21759 4 2 100 1 1069 1058 1068 3704
21760 4 2 100 1 2473 3380 2686 3974
21761 4 2 100 1 475 488 3383 3898
21762 4 2 100 1 1901 4129 1553 2735
21763 4 2 100 1 1332 1303 1115 3597
21764 4 2 100 1 1353 953 1473 3529
21765 4 2 100 1 1864 3565 1866 3924
21766 4 2 100 1 2446 3758 3553 3933
21767 4 2 100 1 2393 3744 3457 3932
21768 4 2 100 1 3986 4109 3774 3020
21769 4 2 100 1 274 704 250 3672
21770 4 2 100 1 1036 991 992 3460
21771 4 2 100 1 337 288 589 3204
21772 4 2 100 1 1762 1789 1755 3841
21773 4 2 100 1 1866 3924 3565 4104
21774 4 2 100 1 479 3222 607 4067
21775 4 2 100 1 439 705 539 3419
21776 4 2 100 1 1098 1171 1394 3796
21777 4 2 100 1 417 590 668 3538
21778 4 2 100 1 255 253 254 3979
21779 4 2 100 1 2480 3664 3264 2290
21780 4 2 100 1 1473 953 988 3529
21781 4 2 100 1 373 374 656 3114
21782 4 2 100 1 2089 3443 2087 3444
21783 4 2 100 1 1648 2069 1782 3987
21784 4 2 100 1 1982 1568 1570 3609
21785 4 2 100 1 1309 3603 1428 1310
21786 4 2 100 1 453 649 394 3041
21787 4 2 100 1 82 83 1925 3293
21788 4 2 100 1 1266 794 795 3631
21789 4 2 100 1 2469 3940 3021 4107
21790 4 2 100 1 2141 3323 3509 3731
21791 4 2 100 1 1622 1631 1633 3745
21792 4 2 100 1 384 365 452 3834
21793 4 2 100 1 2780 3661 3270 3758
21794 4 2 100 1 2551 3338 3186 4057
21795 4 2 100 1 118 1531 2031 3564
21796 4 2 100 1 2060 115 116 3333
21797 4 2 100 1 2508 2996 3413 3864
21798 4 2 100 1 784 898 786 3747
21799 4 2 100 1 600 185 498 2882
21800 4 2 100 1 1540 1963 121 3431
21801 4 2 100 1 2528 3673 2987 2229
21802 4 2 100 1 2611 3577 2836 4057
21803 4 2 100 1 1384 808 1404 3501
21804 4 2 100 1 157 524 49 3701
21805 4 2 100 1 1612 1611 1613 4060
21806 4 2 100 1 2779 3801 3457 3932
21807 4 2 100 1 1553 153 1898 4116
21808 4 2 100 1 408 542 574 3656
21809 4 2 100 1 423 425 424 3675
21810 4 2 100 1 1444 897 1471 3842
21811 4 2 100 1 580 351 349 2417
21812 4 2 100 1 2363 3205 3903 4098
21813 4 2 100 1 3233 3827 2387 3917
21814 4 2 100 1 1136 1492 1354 3598
21815 4 2 100 1 3041 3512 2543 3865
21816 4 2 100 1 1998 1911 1742 3537
21817 4 2 100 1 1166 1380 1469 4064
21818 4 2 100 1 1135 1082 1046 3945
21819 4 2 100 1 1471 1314 1312 3842
21820 4 2 100 1 557 680 549 3805
21821 4 2 100 1 506 433 621 3373
21822 4 2 100 1 653 2849 429 3830
21823 4 2 100 1 732 4137 59 4121
21824 4 2 100 1 498 24 624 3743
21825 4 2 100 1 2222 3720 3152 3918
21826 4 2 100 1 535 536 174 3516
21827 4 2 100 1 2438 3578 2262 3950
21828 4 2 100 1 15 14 1379 3059
21829 4 2 100 1 2104 3465 3346 3950
21830 4 2 100 1 1243 1150 1242 3938
21831 4 2 100 1 2006 1863 1674 3514
21832 4 2 100 1 1219 34 33 3887
21833 4 2 100 1 1337 1116 1009 4040
21834 4 2 100 1 1866 128 127 3924
21835 4 2 100 1 4004 3991 2337 4112
21836 4 2 100 1 944 943 977 3995
21837 4 2 100 1 628 156 49 3928
21838 4 2 100 1 2388 3954 3643 4015
21839 4 2 100 1 1184 1076 1077 3193
21840 4 2 100 1 1692 2567 1707 4038
21841 4 2 100 1 1649 1673 1688 3397
21842 4 2 100 1 1383 1244 780 3034
21843 4 2 100 1 2336 3222 3327 4054
21844 4 2 100 1 1824 2067 3252 4096
21845 4 2 100 1 1293 979 995 3884
21846 4 2 100 1 748 33 32 3887
21847 4 2 100 1 1278 1277 1279 3655
21848 4 2 100 1 226 243 224 3244
21849 4 2 100 1 1157 1155 1024 3507
21850 4 2 100 1 1549 1924 2057 3711
21851 4 2 100 1 169 430 460 2598
21852 4 2 100 1 2262 3200 3518 2817
21853 4 2 100 1 3500 4066 3850 4067
21854 4 2 100 1 1790 1782 1706 3987
21855 4 2 100 1 1767 1794 1768 3442
21856 4 2 100 1 341 474 475 3898
21857 4 2 100 1 1001 1042 1057 4002
21858 4 2 100 1 2594 3563 3429 3739
21859 4 2 100 1 2195 3804 2946 3806
21860 4 2 100 1 1950 1874 2076 3722
21861 4 2 100 1 3073 3606 2265 3677
21862 4 2 100 1 601 3305 315 3930
21863 4 2 100 1 2376 3731 3323 3814
21864 4 2 100 1 1290 1081 1416 3283
21865 4 2 100 1 3367 2639 2685 2324
21866 4 2 100 1 759 7 1 3754
21867 4 2 100 1 1325 952 951 3502
21868 4 2 100 1 972 905 982 3906
21869 4 2 100 1 3364 3479 2489 4061
21870 4 2 100 1 3153 3870 2296 4075
21871 4 2 100 1 2247 3352 3051 2322
21872 4 2 100 1 3065 3924 128 4104
21873 4 2 100 1 2133 3010 3530 4008
21874 4 2 100 1 1849 1850 1536 3766
21875 4 2 100 1 2218 3529 2951 3911
21876 4 2 100 1 1269 107 761 3916
21877 4 2 100 1 3259 3442 2784 3683
21878 4 2 100 1 1442 1517 1374 3354
21879 4 2 100 1 642 473 159 3160
21880 4 2 100 1 729 4137 2864 4119
21881 4 2 100 1 1103 1127 1102 3863
21882 4 2 100 1 3905 3861 2425 3624
21883 4 2 100 1 242 583 3783 4076
21884 4 2 100 1 866 853 855 3799
21885 4 2 100 1 1251 786 899 3437
21886 4 2 100 1 2926 2628 3705 4109
21887 4 2 100 1 2317 3670 2919 4098
21888 4 2 100 1 264 265 263 4019
21889 4 2 100 1 255 629 257 3979
21890 4 2 100 1 2779 3681 3371 3993
21891 4 2 100 1 199 198 200 3599
21892 4 2 100 1 2457 2232 3136 2339
21893 4 2 100 1 568 567 471 2990
21894 4 2 100 1 2725 3988 3432 4051
21895 4 2 100 1 1209 3360 1088 4031
21896 4 2 100 1 496 541 3188 3904
21897 4 2 100 1 1191 1050 983 3991
21898 4 2 100 1 1795 1798 1796 3259
21899 4 2 100 1 1772 2080 1970 3040
21900 4 2 100 1 1488 1342 1343 3344
21901 4 2 100 1 974 1514 1414 3406
21902 4 2 100 1 1270 90 753 3797
21903 4 2 100 1 52 497 169 3867
21904 4 2 100 1 871 872 875 3477
21905 4 2 100 1 3401 3558 2397 3960
21906 4 2 100 1 176 554 4066 4067
21907 4 2 100 1 496 495 541 3904
21908 4 2 100 1 1104 1427 1105 3277
21909 4 2 100 1 1199 1197 1198 3178
21910 4 2 100 1 1856 2001 3895 4043
21911 4 2 100 1 585 609 658 3717
21912 4 2 100 1 1624 1613 2065 4060
21913 4 2 100 1 960 962 961 3892
21914 4 2 100 1 3263 2135 2536 2385
21915 4 2 100 1 3120 3679 2019 3680
21916 4 2 100 1 1154 1479 1153 3531
21917 4 2 100 1 1906 4126 2035 142
21918 4 2 100 1 1880 1724 1879 3556
21919 4 2 100 1 3049 4006 1321 4050
21920 4 2 100 1 193 43 501 3817
21921 4 2 100 1 3665 3037 2322 3884
21922 4 2 100 1 120 1963 2078 3431
21923 4 2 100 1 1773 1710 1863 3810
21924 4 2 100 1 2092 2091 2089 3970
21925 4 2 100 1 1725 1874 1950 3722
21926 4 2 100 1 957 1038 956 2897
21927 4 2 100 1 1209 1190 1038 4031
21928 4 2 100 1 1206 1207 752 2767
21929 4 2 100 1 1079 1071 1080 3838
21930 4 2 100 1 364 365 347 3834
21931 4 2 100 1 3039 3458 2350 4022
21932 4 2 100 1 1153 1473 988 3529
21933 4 2 100 1 1950 1671 1689 3722
21934 4 2 100 1 1610 2062 1608 3125
21935 4 2 100 1 1944 1919 1844 3198
21936 4 2 100 1 128 1897 127 3065
21937 4 2 100 1 2343 2827 3184 3287
21938 4 2 100 1 1655 2529 1654 3815
21939 4 2 100 1 3598 3863 2328 4064
21940 4 2 100 1 1604 1606 1948 4000
21941 4 2 100 1 401 573 631 3262
21942 4 2 100 1 2153 3264 3664 2290
21943 4 2 100 1 2041 3448 1903 4099
21944 4 2 100 1 1226 972 982 3906
21945 4 2 100 1 1976 1824 2067 3252
21946 4 2 100 1 1698 2015 1750 3901
21947 4 2 100 1 2336 3697 3222 4054
21948 4 2 100 1 475 474 488 3898
21949 4 2 100 1 2373 3696 3625 3015
21950 4 2 100 1 3565 3924 2358 4104
21951 4 2 100 1 1159 1042 1367 3215
21952 4 2 100 1 822 821 820 3548
21953 4 2 100 1 2246 3679 3120 3680
21954 4 2 100 1 1864 1544 2044 3621
21955 4 2 100 1 2317 3893 2851 4098
21956 4 2 100 1 3427 4053 2374 4102
21957 4 2 100 1 525 3538 180 3896
21958 4 2 100 1 1413 1279 1409 2469
21959 4 2 100 1 713 158 632 3941
21960 4 2 100 1 1950 1689 1725 3722
21961 4 2 100 1 3924 4089 3853 2930
21962 4 2 100 1 2171 2732 3017 4014
21963 4 2 100 1 1813 1822 1824 4096
21964 4 2 100 1 1086 1087 1161 3456
21965 4 2 100 1 1744 1802 1680 2786
21966 4 2 100 1 2023 1927 2067 4096
21967 4 2 100 1 1120 1397 1121 4091
21968 4 2 100 1 2300 3161 2622 4087
21969 4 2 100 1 3432 3988 2850 4051
21970 4 2 100 1 2424 3076 3997 2188
21971 4 2 100 1 1433 1240 1139 3432
21972 4 2 100 1 1633 1631 2020 3154
21973 4 2 100 1 2317 2919 3893 4098
21974 4 2 100 1 2247 3051 3467 2322
21975 4 2 100 1 1753 1694 1645 4033
21976 4 2 100 1 2761 3716 3383 3898
21977 4 2 100 1 1364 971 1378 3604
21978 4 2 100 1 3096 2338 3650 3685
21979 4 2 100 1 3430 3910 2418 2311
21980 4 2 100 1 1458 1360 866 3799
21981 4 2 100 1 1205 3108 770 3828
21982 4 2 100 1 1556 123 124 3769
21983 4 2 100 1 797 3736 796 3975
21984 4 2 100 1 611 553 682 3913
21985 4 2 100 1 1400 3622 1399 3741
21986 4 2 100 1 1772 1744 1710 3810
21987 4 2 100 1 2289 2834 3962 3963
21988 4 2 100 1 1515 745 1484 3978
21989 4 2 100 1 2891 3592 2558 3776
21990 4 2 100 1 2851 2317 3104 4078
21991 4 2 100 1 1074 1359 1020 3278
21992 4 2 100 1 2447 3272 3640 3645
21993 4 2 100 1 672 537 55 3159
21994 4 2 100 1 559 448 167 3334
21995 4 2 100 1 2547 3639 3296 3952
21996 4 2 100 1 2876 3444 3443 3970
21997 4 2 100 1 2288 3779 3108 3828
21998 4 2 100 1 2438 2619 3243 4095
21999 4 2 100 1 2617 3837 3128 4062
22000 4 2 100 1 421 523 402 2467
22001 4 2 100 1 3565 2147 2586 3374
22002 4 2 100 1 1128 1103 1354 3863
22003 4 2 100 1 891 882 890 4115
22004 4 2 100 1 127 1552 126 3853
22005 4 2 100 1 231 584 220 3420
22006 4 2 100 1 1892 1788 1537 3341
22007 4 2 100 1 2137 2282 3721 4106
22008 4 2 100 1 1967 1938 1903 3448
22009 4 2 100 1 1571 1595 1573 3811
22010 4 2 100 1 715 583 3630 3783
22011 4 2 100 1 346 364 347 3249
22012 4 2 100 1 127 1897 1552 3853
22013 4 2 100 1 827 829 1358 3325
22014 4 2 100 1 1939 1595 1882 3118
22015 4 2 100 1 1779 1541 1995 3679
22016 4 2 100 1 1495 1501 824 3584
22017 4 2 100 1 265 266 263 4019
22018 4 2 100 1 1721 1658 1722 3060
22019 4 2 100 1 1854 1855 1864 3565
22020 4 2 100 1 3569 1145 1012 1022
22021 4 2 100 1 1077 1015 1078 3718
22022 4 2 100 1 1559 1913 1949 3185
22023 4 2 100 1 3625 3696 2373 2775
22024 4 2 100 1 196 588 194 3818
22025 4 2 100 1 1142 1392 1481 3668
22026 4 2 100 1 1369 736 1375 3949
22027 4 2 100 1 116 1323 117 3596
22028 4 2 100 1 1965 1605 1686 3579
22029 4 2 100 1 1529 115 2060 3333
22030 4 2 100 1 2118 3243 2619 4095
22031 4 2 100 1 133 134 1541 2680
22032 4 2 100 1 1901 2030 4123 3443
22033 4 2 100 1 874 804 1345 4108
22034 4 2 100 1 280 494 287 3276
22035 4 2 100 1 1030 1329 1446 3848
22036 4 2 100 1 2237 2454 2693 4030
22037 4 2 100 1 1416 762 1289 3283
22038 4 2 100 1 3017 2732 2453 4014
22039 4 2 100 1 2893 3850 4066 4067
22040 4 2 100 1 3396 3045 2767 2279
22041 4 2 100 1 217 547 214 3503
22042 4 2 100 1 1839 1580 1582 3822
22043 4 2 100 1 753 90 91 3111
22044 4 2 100 1 949 1282 984 3802
22045 4 2 100 1 2306 3811 3094 4021
22046 4 2 100 1 1264 1265 1467 3149
22047 4 2 100 1 2068 1884 1883 3840
22048 4 2 100 1 239 238 240 3917
22049 4 2 100 1 1876 1731 1777 3120
22050 4 2 100 1 1089 1073 1419 4078
22051 4 2 100 1 2020 1638 1996 3300
22052 4 2 100 1 1209 1182 1088 3360
22053 4 2 100 1 608 398 654 3539
22054 4 2 100 1 1293 978 3665 2773
22055 4 2 100 1 1061 1415 1012 3963
22056 4 2 100 1 1727 1728 1786 3859
22057 4 2 100 1 1009 1116 1070 3602
22058 4 2 100 1 3429 3563 2478 3739
22059 4 2 100 1 1067 3995 943 1299
22060 4 2 100 1 882 1284 880 3709
22061 4 2 100 1 3108 3779 770 3828
22062 4 2 100 1 1429 1233 1125 3225
22063 4 2 100 1 175 66 4124 531
22064 4 2 100 1 2054 2026 1552 3853
22065 4 2 100 1 228 206 598 4017
22066 4 2 100 1 1565 1974 1641 3273
22067 4 2 100 1 893 889 888 3332
22068 4 2 100 1 2077 1801 1528 3177
22069 4 2 100 1 2376 3783 3630 4076
22070 4 2 100 1 52 168 500 3867
22071 4 2 100 1 1481 1287 1288 3003
22072 4 2 100 1 2381 2801 2990 4003
22073 4 2 100 1 1499 1365 1396 3485
22074 4 2 100 1 2624 3868 3196 2330
22075 4 2 100 1 2831 3833 3587 2778
22076 4 2 100 1 1482 1458 866 3545
22077 4 2 100 1 908 1354 1338 3598
22078 4 2 100 1 2145 2301 3294 3075
22079 4 2 100 1 2565 2561 2287 2151
22080 4 2 100 1 800 1374 1345 3900
22081 4 2 100 1 2120 3693 3423 3844
22082 4 2 100 1 677 655 496 3188
22083 4 2 100 1 2225 3327 3222 4054
22084 4 2 100 1 407 656 620 3436
22085 4 2 100 1 2141 3323 3731 3814
22086 4 2 100 1 1189 1024 1229 3657
22087 4 2 100 1 2025 1800 1801 3296
22088 4 2 100 1 127 126 1544 3924
22089 4 2 100 1 150 1886 1885 4117
22090 4 2 100 1 2657 2926 3683 4053
22091 4 2 100 1 134 1891 135 3737
22092 4 2 100 1 174 536 553 3516
22093 4 2 100 1 1363 1362 1099 3417
22094 4 2 100 1 3569 1145 1022 4100
22095 4 2 100 1 2353 3557 2942 4035
22096 4 2 100 1 1875 1876 2019 3680
22097 4 2 100 1 1110 1230 1247 3226
22098 4 2 100 1 799 798 797 3736
22099 4 2 100 1 41 170 525 3640
22100 4 2 100 1 829 838 1358 3325
22101 4 2 100 1 4118 4136 3805 549
22102 4 2 100 1 4122 1784 147 3847
22103 4 2 100 1 3136 2599 2232 2496
22104 4 2 100 1 1115 1303 1302 3597
22105 4 2 100 1 1479 1154 1449 4063
22106 4 2 100 1 1309 3603 1310 2867
22107 4 2 100 1 1378 1254 1364 3604
22108 4 2 100 1 2021 2037 1778 3016
22109 4 2 100 1 977 1067 1146 2707
22110 4 2 100 1 503 618 560 3093
22111 4 2 100 1 661 559 182 3334
22112 4 2 100 1 2484 3650 3096 3733
22113 4 2 100 1 1433 792 1240 3432
22114 4 2 100 1 1328 1470 1445 3174
22115 4 2 100 1 3396 3045 2279 3718
22116 4 2 100 1 674 479 420 3222
22117 4 2 100 1 1143 739 1192 3395
22118 4 2 100 1 2470 3558 2164 2922
22119 4 2 100 1 1972 1855 2056 3565
22120 4 2 100 1 197 330 237 3955
22121 4 2 100 1 1694 3972 1645 4033
22122 4 2 100 1 1428 1339 1444 3603
22123 4 2 100 1 1202 999 1238 3935
22124 4 2 100 1 1859 1649 1688 3397
22125 4 2 100 1 1903 1898 1538 4099
22126 4 2 100 1 9 3500 176 4066
22127 4 2 100 1 903 864 1302 3944
22128 4 2 100 1 1970 1549 2057 3711
22129 4 2 100 1 2484 3733 3096 3949
22130 4 2 100 1 1819 1820 1816 3764
22131 4 2 100 1 1297 1278 1279 3655
22132 4 2 100 1 333 658 609 3717
22133 4 2 100 1 221 708 223 3353
22134 4 2 100 1 1592 1659 1660 3390
22135 4 2 100 1 815 814 818 3682
22136 4 2 100 1 176 479 554 4067
22137 4 2 100 1 354 398 322 3831
22138 4 2 100 1 435 447 388 3913
22139 4 2 100 1 3067 2384 3948 3982
22140 4 2 100 1 988 3529 953 4034
22141 4 2 100 1 792 791 790 3988
22142 4 2 100 1 1309 1308 1307 2867
22143 4 2 100 1 1698 1750 1697 3901
22144 4 2 100 1 2148 3067 3716 3948
22145 4 2 100 1 3152 3833 2565 3083
22146 4 2 100 1 2384 3829 3166 3992
22147 4 2 100 1 329 370 418 3695
22148 4 2 100 1 2289 2571 3236 3962
22149 4 2 100 1 1753 1986 3322 4033
22150 4 2 100 1 1976 1832 1824 3252
22151 4 2 100 1 3509 3860 3731 3323
22152 4 2 100 1 171 653 572 3830
$EndElements
